Command line invocation:
    /Applications/Xcode_26.3.app/Contents/Developer/usr/bin/xcodebuild -project DeepSeekHarnessMobile.xcodeproj -scheme DeepSeekHarnessMobile -configuration Release -destination generic/platform=iOS -derivedDataPath build CODE_SIGN_IDENTITY= CODE_SIGNING_REQUIRED=NO CODE_SIGNING_ALLOWED=NO CODE_SIGN_ENTITLEMENTS= build

Build settings from command line:
    CODE_SIGN_ENTITLEMENTS = 
    CODE_SIGN_IDENTITY = 
    CODE_SIGNING_ALLOWED = NO
    CODE_SIGNING_REQUIRED = NO

Resolve Package Graph

Fetching from https://github.com/gonzalezreal/NetworkImage (cached)

Fetching from https://github.com/swiftlang/swift-cmark (cached)

Fetching from https://github.com/ekazaev/ChatLayout (cached)

Creating working copy of package ‘swift-cmark’

Checking out 0.8.0 of package ‘swift-cmark’

Creating working copy of package ‘ChatLayout’

Checking out 2.4.3 of package ‘ChatLayout’

Creating working copy of package ‘NetworkImage’

Checking out 6.0.1 of package ‘NetworkImage’


Resolved source packages:
  swift-markdown-ui: /Users/runner/work/xiaodi/xiaodi/Vendor/swift-markdown-ui @ local
  cmark-gfm: https://github.com/swiftlang/swift-cmark @ 0.8.0
  ChatLayout: https://github.com/ekazaev/ChatLayout @ 2.4.3
  NetworkImage: https://github.com/gonzalezreal/NetworkImage @ 6.0.1

note: Using codesigning identity override: 
ComputePackagePrebuildTargetDependencyGraph

Prepare packages

CreateBuildRequest

SendProjectDescription

CreateBuildOperation

ComputeTargetDependencyGraph
note: Building targets in dependency order
note: Target dependency graph (12 targets)
    Target 'DeepSeekHarnessMobile' in project 'DeepSeekHarnessMobile'
        ➜ Explicit dependency on target 'AgentLiveActivityWidget' in project 'DeepSeekHarnessMobile'
        ➜ Explicit dependency on target 'MarkdownUI' in project 'swift-markdown-ui'
        ➜ Explicit dependency on target 'ChatLayout' in project 'ChatLayout'
    Target 'ChatLayout' in project 'ChatLayout'
        ➜ Explicit dependency on target 'ChatLayout' in project 'ChatLayout'
    Target 'ChatLayout' in project 'ChatLayout' (no dependencies)
    Target 'MarkdownUI' in project 'swift-markdown-ui'
        ➜ Explicit dependency on target 'MarkdownUI' in project 'swift-markdown-ui'
        ➜ Explicit dependency on target 'cmark-gfm' in project 'cmark-gfm'
        ➜ Explicit dependency on target 'cmark-gfm-extensions' in project 'cmark-gfm'
        ➜ Explicit dependency on target 'NetworkImage' in project 'NetworkImage'
    Target 'MarkdownUI' in project 'swift-markdown-ui'
        ➜ Explicit dependency on target 'cmark-gfm' in project 'cmark-gfm'
        ➜ Explicit dependency on target 'cmark-gfm-extensions' in project 'cmark-gfm'
        ➜ Explicit dependency on target 'NetworkImage' in project 'NetworkImage'
    Target 'NetworkImage' in project 'NetworkImage'
        ➜ Explicit dependency on target 'NetworkImage' in project 'NetworkImage'
    Target 'NetworkImage' in project 'NetworkImage' (no dependencies)
    Target 'cmark-gfm-extensions' in project 'cmark-gfm'
        ➜ Explicit dependency on target 'cmark-gfm-extensions' in project 'cmark-gfm'
        ➜ Explicit dependency on target 'cmark-gfm' in project 'cmark-gfm'
    Target 'cmark-gfm-extensions' in project 'cmark-gfm'
        ➜ Explicit dependency on target 'cmark-gfm' in project 'cmark-gfm'
    Target 'cmark-gfm' in project 'cmark-gfm'
        ➜ Explicit dependency on target 'cmark-gfm' in project 'cmark-gfm'
    Target 'cmark-gfm' in project 'cmark-gfm' (no dependencies)
    Target 'AgentLiveActivityWidget' in project 'DeepSeekHarnessMobile' (no dependencies)

GatherProvisioningInputs

CreateBuildDescription

ExecuteExternalTool /Applications/Xcode_26.3.app/Contents/Developer/usr/bin/actool --version --output-format xml1

ExecuteExternalTool /Applications/Xcode_26.3.app/Contents/Developer/Toolchains/XcodeDefault.xctoolchain/usr/bin/clang -v -E -dM -arch arm64 -isysroot /Applications/Xcode_26.3.app/Contents/Developer/Platforms/iPhoneOS.platform/Developer/SDKs/iPhoneOS26.2.sdk -x c -c /dev/null

ExecuteExternalTool /Applications/Xcode_26.3.app/Contents/Developer/Toolchains/XcodeDefault.xctoolchain/usr/bin/swiftc --version

ExecuteExternalTool /Applications/Xcode_26.3.app/Contents/Developer/Toolchains/XcodeDefault.xctoolchain/usr/bin/clang -v -E -dM -isysroot /Applications/Xcode_26.3.app/Contents/Developer/Platforms/iPhoneOS.platform/Developer/SDKs/iPhoneOS26.2.sdk -x c -c /dev/null

ExecuteExternalTool /Applications/Xcode_26.3.app/Contents/Developer/usr/bin/ibtool --version --output-format xml1

ExecuteExternalTool /Applications/Xcode_26.3.app/Contents/Developer/usr/bin/actool --print-asset-tag-combinations --output-format xml1 /Users/runner/work/xiaodi/xiaodi/DeepSeekHarnessMobile/Resources/Assets.xcassets

ExecuteExternalTool /Applications/Xcode_26.3.app/Contents/Developer/usr/bin/xcstringstool compile --dry-run --output-directory /Users/runner/work/xiaodi/xiaodi/build/Build/Intermediates.noindex/DeepSeekHarnessMobile.build/Release-iphoneos/DeepSeekHarnessMobile.build /Users/runner/work/xiaodi/xiaodi/DeepSeekHarnessMobile/Resources/Localizable.xcstrings

ExecuteExternalTool /Applications/Xcode_26.3.app/Contents/Developer/Toolchains/XcodeDefault.xctoolchain/usr/bin/ld -version_details

ExecuteExternalTool /Applications/Xcode_26.3.app/Contents/Developer/usr/bin/xcstringstool compile --dry-run --output-directory /Users/runner/work/xiaodi/xiaodi/build/Build/Intermediates.noindex/DeepSeekHarnessMobile.build/Release-iphoneos/DeepSeekHarnessMobile.build /Users/runner/work/xiaodi/xiaodi/DeepSeekHarnessMobile/Resources/InfoPlist.xcstrings

ReadFileContents /Applications/Xcode_26.3.app/Contents/Developer/Toolchains/XcodeDefault.xctoolchain/usr/share/docc/features.json

Build description signature: 016afa26e745c9719f83c471fe98da5a
Build description path: /Users/runner/work/xiaodi/xiaodi/build/Build/Intermediates.noindex/XCBuildData/016afa26e745c9719f83c471fe98da5a.xcbuilddata
ClangStatCache /Applications/Xcode_26.3.app/Contents/Developer/Toolchains/XcodeDefault.xctoolchain/usr/bin/clang-stat-cache /Applications/Xcode_26.3.app/Contents/Developer/Platforms/iPhoneOS.platform/Developer/SDKs/iPhoneOS26.2.sdk /Users/runner/work/xiaodi/xiaodi/build/SDKStatCaches.noindex/iphoneos26.2-23C57-dc75598d0054f22ec865fa860f139d722dd23b4ebda140f7210d155ff1243552.sdkstatcache
    cd /Users/runner/work/xiaodi/xiaodi/DeepSeekHarnessMobile.xcodeproj
    /Applications/Xcode_26.3.app/Contents/Developer/Toolchains/XcodeDefault.xctoolchain/usr/bin/clang-stat-cache /Applications/Xcode_26.3.app/Contents/Developer/Platforms/iPhoneOS.platform/Developer/SDKs/iPhoneOS26.2.sdk -o /Users/runner/work/xiaodi/xiaodi/build/SDKStatCaches.noindex/iphoneos26.2-23C57-dc75598d0054f22ec865fa860f139d722dd23b4ebda140f7210d155ff1243552.sdkstatcache

CreateBuildDirectory /Users/runner/work/xiaodi/xiaodi/build/Build/Products
    cd /Users/runner/work/xiaodi/xiaodi/DeepSeekHarnessMobile.xcodeproj
    builtin-create-build-directory /Users/runner/work/xiaodi/xiaodi/build/Build/Products

CreateBuildDirectory /Users/runner/work/xiaodi/xiaodi/build/Build/Intermediates.noindex
    cd /Users/runner/work/xiaodi/xiaodi/DeepSeekHarnessMobile.xcodeproj
    builtin-create-build-directory /Users/runner/work/xiaodi/xiaodi/build/Build/Intermediates.noindex

WriteAuxiliaryFile /Users/runner/work/xiaodi/xiaodi/build/Build/Intermediates.noindex/DeepSeekHarnessMobile.build/Release-iphoneos/DeepSeekHarnessMobile-067605110eec52b4b1237b5dcc4ee7ce-VFS-iphoneos/all-product-headers.yaml
    cd /Users/runner/work/xiaodi/xiaodi/DeepSeekHarnessMobile.xcodeproj
    write-file /Users/runner/work/xiaodi/xiaodi/build/Build/Intermediates.noindex/DeepSeekHarnessMobile.build/Release-iphoneos/DeepSeekHarnessMobile-067605110eec52b4b1237b5dcc4ee7ce-VFS-iphoneos/all-product-headers.yaml

CreateBuildDirectory /Users/runner/work/xiaodi/xiaodi/build/Build/Intermediates.noindex/SwiftExplicitPrecompiledModules
    cd /Users/runner/work/xiaodi/xiaodi/DeepSeekHarnessMobile.xcodeproj
    builtin-create-build-directory /Users/runner/work/xiaodi/xiaodi/build/Build/Intermediates.noindex/SwiftExplicitPrecompiledModules

CreateBuildDirectory /Users/runner/work/xiaodi/xiaodi/build/Build/Products/Release-iphoneos
    cd /Users/runner/work/xiaodi/xiaodi/DeepSeekHarnessMobile.xcodeproj
    builtin-create-build-directory /Users/runner/work/xiaodi/xiaodi/build/Build/Products/Release-iphoneos

CreateBuildDirectory /Users/runner/work/xiaodi/xiaodi/build/Build/Intermediates.noindex/ExplicitPrecompiledModules
    cd /Users/runner/work/xiaodi/xiaodi/DeepSeekHarnessMobile.xcodeproj
    builtin-create-build-directory /Users/runner/work/xiaodi/xiaodi/build/Build/Intermediates.noindex/ExplicitPrecompiledModules

CreateBuildDirectory /Users/runner/work/xiaodi/xiaodi/build/Build/Intermediates.noindex/EagerLinkingTBDs/Release-iphoneos
    cd /Users/runner/work/xiaodi/xiaodi/DeepSeekHarnessMobile.xcodeproj
    builtin-create-build-directory /Users/runner/work/xiaodi/xiaodi/build/Build/Intermediates.noindex/EagerLinkingTBDs/Release-iphoneos

CreateBuildDirectory /Users/runner/work/xiaodi/xiaodi/build/Build/Products/Release-iphoneos/PackageFrameworks
    cd /Users/runner/work/xiaodi/xiaodi/DeepSeekHarnessMobile.xcodeproj
    builtin-create-build-directory /Users/runner/work/xiaodi/xiaodi/build/Build/Products/Release-iphoneos/PackageFrameworks

WriteAuxiliaryFile /Users/runner/work/xiaodi/xiaodi/build/Build/Intermediates.noindex/cmark-gfm.build/Release-iphoneos/cmark-gfm-extensions.build/cmark-gfm-extensions.DependencyStaticMetadataFileList (in target 'cmark-gfm-extensions' from project 'cmark-gfm')
    cd /Users/runner/work/xiaodi/xiaodi/build/SourcePackages/checkouts/swift-cmark
    write-file /Users/runner/work/xiaodi/xiaodi/build/Build/Intermediates.noindex/cmark-gfm.build/Release-iphoneos/cmark-gfm-extensions.build/cmark-gfm-extensions.DependencyStaticMetadataFileList

WriteAuxiliaryFile /Users/runner/work/xiaodi/xiaodi/build/Build/Intermediates.noindex/cmark-gfm.build/Release-iphoneos/cmark-gfm-extensions.build/cmark-gfm-extensions.DependencyMetadataFileList (in target 'cmark-gfm-extensions' from project 'cmark-gfm')
    cd /Users/runner/work/xiaodi/xiaodi/build/SourcePackages/checkouts/swift-cmark
    write-file /Users/runner/work/xiaodi/xiaodi/build/Build/Intermediates.noindex/cmark-gfm.build/Release-iphoneos/cmark-gfm-extensions.build/cmark-gfm-extensions.DependencyMetadataFileList

WriteAuxiliaryFile /Users/runner/work/xiaodi/xiaodi/build/Build/Intermediates.noindex/cmark-gfm.build/Release-iphoneos/cmark-gfm-extensions.build/Objects-normal/arm64/cmark-gfm-extensions.LinkFileList (in target 'cmark-gfm-extensions' from project 'cmark-gfm')
    cd /Users/runner/work/xiaodi/xiaodi/build/SourcePackages/checkouts/swift-cmark
    write-file /Users/runner/work/xiaodi/xiaodi/build/Build/Intermediates.noindex/cmark-gfm.build/Release-iphoneos/cmark-gfm-extensions.build/Objects-normal/arm64/cmark-gfm-extensions.LinkFileList

WriteAuxiliaryFile /Users/runner/work/xiaodi/xiaodi/build/Build/Intermediates.noindex/cmark-gfm.build/Release-iphoneos/cmark-gfm-extensions.build/Objects-normal/arm64/7187679823f38a2a940e0043cdf9d637-common-args.resp (in target 'cmark-gfm-extensions' from project 'cmark-gfm')
    cd /Users/runner/work/xiaodi/xiaodi/build/SourcePackages/checkouts/swift-cmark
    write-file /Users/runner/work/xiaodi/xiaodi/build/Build/Intermediates.noindex/cmark-gfm.build/Release-iphoneos/cmark-gfm-extensions.build/Objects-normal/arm64/7187679823f38a2a940e0043cdf9d637-common-args.resp
-target arm64-apple-ios12.0 -fmodules -gmodules '-fmodules-cache-path=/Users/runner/work/xiaodi/xiaodi/build/ModuleCache.noindex' '-fmodule-name=cmark_gfm_extensions' -fpascal-strings -Os -DSWIFT_PACKAGE -isysroot /Applications/Xcode_26.3.app/Contents/Developer/Platforms/iPhoneOS.platform/Developer/SDKs/iPhoneOS26.2.sdk -g -I/Users/runner/work/xiaodi/xiaodi/build/SourcePackages/checkouts/swift-cmark/src/include -I/Users/runner/work/xiaodi/xiaodi/build/Build/Products/Release-iphoneos/include -I/Users/runner/work/xiaodi/xiaodi/build/SourcePackages/checkouts/swift-cmark/extensions/include -I/Users/runner/work/xiaodi/xiaodi/build/Build/Intermediates.noindex/cmark-gfm.build/Release-iphoneos/cmark-gfm-extensions.build/DerivedSources-normal/arm64 -I/Users/runner/work/xiaodi/xiaodi/build/Build/Intermediates.noindex/cmark-gfm.build/Release-iphoneos/cmark-gfm-extensions.build/DerivedSources/arm64 -I/Users/runner/work/xiaodi/xiaodi/build/Build/Intermediates.noindex/cmark-gfm.build/Release-iphoneos/cmark-gfm-extensions.build/DerivedSources -F/Users/runner/work/xiaodi/xiaodi/build/Build/Products/Release-iphoneos/PackageFrameworks -F/Users/runner/work/xiaodi/xiaodi/build/Build/Products/Release-iphoneos -iframework /Applications/Xcode_26.3.app/Contents/Developer/Platforms/iPhoneOS.platform/Developer/Library/Frameworks -iframework /Applications/Xcode_26.3.app/Contents/Developer/Platforms/iPhoneOS.platform/Developer/SDKs/iPhoneOS26.2.sdk/Developer/Library/Frameworks -DXcode

WriteAuxiliaryFile /Users/runner/work/xiaodi/xiaodi/build/Build/Intermediates.noindex/cmark-gfm.build/Release-iphoneos/cmark-gfm.build/cmark-gfm.DependencyStaticMetadataFileList (in target 'cmark-gfm' from project 'cmark-gfm')
    cd /Users/runner/work/xiaodi/xiaodi/build/SourcePackages/checkouts/swift-cmark
    write-file /Users/runner/work/xiaodi/xiaodi/build/Build/Intermediates.noindex/cmark-gfm.build/Release-iphoneos/cmark-gfm.build/cmark-gfm.DependencyStaticMetadataFileList

WriteAuxiliaryFile /Users/runner/work/xiaodi/xiaodi/build/Build/Intermediates.noindex/cmark-gfm.build/Release-iphoneos/cmark-gfm.build/cmark-gfm.DependencyMetadataFileList (in target 'cmark-gfm' from project 'cmark-gfm')
    cd /Users/runner/work/xiaodi/xiaodi/build/SourcePackages/checkouts/swift-cmark
    write-file /Users/runner/work/xiaodi/xiaodi/build/Build/Intermediates.noindex/cmark-gfm.build/Release-iphoneos/cmark-gfm.build/cmark-gfm.DependencyMetadataFileList

WriteAuxiliaryFile /Users/runner/work/xiaodi/xiaodi/build/Build/Intermediates.noindex/cmark-gfm.build/Release-iphoneos/cmark-gfm.build/Objects-normal/arm64/cmark-gfm.LinkFileList (in target 'cmark-gfm' from project 'cmark-gfm')
    cd /Users/runner/work/xiaodi/xiaodi/build/SourcePackages/checkouts/swift-cmark
    write-file /Users/runner/work/xiaodi/xiaodi/build/Build/Intermediates.noindex/cmark-gfm.build/Release-iphoneos/cmark-gfm.build/Objects-normal/arm64/cmark-gfm.LinkFileList

WriteAuxiliaryFile /Users/runner/work/xiaodi/xiaodi/build/Build/Intermediates.noindex/cmark-gfm.build/Release-iphoneos/cmark-gfm.build/Objects-normal/arm64/7187679823f38a2a940e0043cdf9d637-common-args.resp (in target 'cmark-gfm' from project 'cmark-gfm')
    cd /Users/runner/work/xiaodi/xiaodi/build/SourcePackages/checkouts/swift-cmark
    write-file /Users/runner/work/xiaodi/xiaodi/build/Build/Intermediates.noindex/cmark-gfm.build/Release-iphoneos/cmark-gfm.build/Objects-normal/arm64/7187679823f38a2a940e0043cdf9d637-common-args.resp
-target arm64-apple-ios12.0 -fmodules -gmodules '-fmodules-cache-path=/Users/runner/work/xiaodi/xiaodi/build/ModuleCache.noindex' '-fmodule-name=cmark_gfm' -fpascal-strings -Os -DSWIFT_PACKAGE -isysroot /Applications/Xcode_26.3.app/Contents/Developer/Platforms/iPhoneOS.platform/Developer/SDKs/iPhoneOS26.2.sdk -g -I/Users/runner/work/xiaodi/xiaodi/build/Build/Products/Release-iphoneos/include -I/Users/runner/work/xiaodi/xiaodi/build/SourcePackages/checkouts/swift-cmark/src/include -I/Users/runner/work/xiaodi/xiaodi/build/Build/Intermediates.noindex/cmark-gfm.build/Release-iphoneos/cmark-gfm.build/DerivedSources-normal/arm64 -I/Users/runner/work/xiaodi/xiaodi/build/Build/Intermediates.noindex/cmark-gfm.build/Release-iphoneos/cmark-gfm.build/DerivedSources/arm64 -I/Users/runner/work/xiaodi/xiaodi/build/Build/Intermediates.noindex/cmark-gfm.build/Release-iphoneos/cmark-gfm.build/DerivedSources -F/Users/runner/work/xiaodi/xiaodi/build/Build/Products/Release-iphoneos -iframework /Applications/Xcode_26.3.app/Contents/Developer/Platforms/iPhoneOS.platform/Developer/Library/Frameworks -iframework /Applications/Xcode_26.3.app/Contents/Developer/Platforms/iPhoneOS.platform/Developer/SDKs/iPhoneOS26.2.sdk/Developer/Library/Frameworks -DXcode

WriteAuxiliaryFile /Users/runner/work/xiaodi/xiaodi/build/Build/Intermediates.noindex/NetworkImage.build/Release-iphoneos/NetworkImage.build/Objects-normal/arm64/NetworkImage_const_extract_protocols.json (in target 'NetworkImage' from project 'NetworkImage')
    cd /Users/runner/work/xiaodi/xiaodi/build/SourcePackages/checkouts/NetworkImage
    write-file /Users/runner/work/xiaodi/xiaodi/build/Build/Intermediates.noindex/NetworkImage.build/Release-iphoneos/NetworkImage.build/Objects-normal/arm64/NetworkImage_const_extract_protocols.json

WriteAuxiliaryFile /Users/runner/work/xiaodi/xiaodi/build/Build/Intermediates.noindex/NetworkImage.build/Release-iphoneos/NetworkImage.build/Objects-normal/arm64/NetworkImage.SwiftFileList (in target 'NetworkImage' from project 'NetworkImage')
    cd /Users/runner/work/xiaodi/xiaodi/build/SourcePackages/checkouts/NetworkImage
    write-file /Users/runner/work/xiaodi/xiaodi/build/Build/Intermediates.noindex/NetworkImage.build/Release-iphoneos/NetworkImage.build/Objects-normal/arm64/NetworkImage.SwiftFileList

WriteAuxiliaryFile /Users/runner/work/xiaodi/xiaodi/build/Build/Intermediates.noindex/NetworkImage.build/Release-iphoneos/NetworkImage.build/Objects-normal/arm64/NetworkImage.SwiftConstValuesFileList (in target 'NetworkImage' from project 'NetworkImage')
    cd /Users/runner/work/xiaodi/xiaodi/build/SourcePackages/checkouts/NetworkImage
    write-file /Users/runner/work/xiaodi/xiaodi/build/Build/Intermediates.noindex/NetworkImage.build/Release-iphoneos/NetworkImage.build/Objects-normal/arm64/NetworkImage.SwiftConstValuesFileList

WriteAuxiliaryFile /Users/runner/work/xiaodi/xiaodi/build/Build/Intermediates.noindex/NetworkImage.build/Release-iphoneos/NetworkImage.build/Objects-normal/arm64/NetworkImage.LinkFileList (in target 'NetworkImage' from project 'NetworkImage')
    cd /Users/runner/work/xiaodi/xiaodi/build/SourcePackages/checkouts/NetworkImage
    write-file /Users/runner/work/xiaodi/xiaodi/build/Build/Intermediates.noindex/NetworkImage.build/Release-iphoneos/NetworkImage.build/Objects-normal/arm64/NetworkImage.LinkFileList

WriteAuxiliaryFile /Users/runner/work/xiaodi/xiaodi/build/Build/Intermediates.noindex/NetworkImage.build/Release-iphoneos/NetworkImage.build/Objects-normal/arm64/NetworkImage-OutputFileMap.json (in target 'NetworkImage' from project 'NetworkImage')
    cd /Users/runner/work/xiaodi/xiaodi/build/SourcePackages/checkouts/NetworkImage
    write-file /Users/runner/work/xiaodi/xiaodi/build/Build/Intermediates.noindex/NetworkImage.build/Release-iphoneos/NetworkImage.build/Objects-normal/arm64/NetworkImage-OutputFileMap.json

WriteAuxiliaryFile /Users/runner/work/xiaodi/xiaodi/build/Build/Intermediates.noindex/NetworkImage.build/Release-iphoneos/NetworkImage.build/NetworkImage.modulemap (in target 'NetworkImage' from project 'NetworkImage')
    cd /Users/runner/work/xiaodi/xiaodi/build/SourcePackages/checkouts/NetworkImage
    write-file /Users/runner/work/xiaodi/xiaodi/build/Build/Intermediates.noindex/NetworkImage.build/Release-iphoneos/NetworkImage.build/NetworkImage.modulemap

WriteAuxiliaryFile /Users/runner/work/xiaodi/xiaodi/build/Build/Intermediates.noindex/NetworkImage.build/Release-iphoneos/NetworkImage.build/NetworkImage.DependencyStaticMetadataFileList (in target 'NetworkImage' from project 'NetworkImage')
    cd /Users/runner/work/xiaodi/xiaodi/build/SourcePackages/checkouts/NetworkImage
    write-file /Users/runner/work/xiaodi/xiaodi/build/Build/Intermediates.noindex/NetworkImage.build/Release-iphoneos/NetworkImage.build/NetworkImage.DependencyStaticMetadataFileList

WriteAuxiliaryFile /Users/runner/work/xiaodi/xiaodi/build/Build/Intermediates.noindex/NetworkImage.build/Release-iphoneos/NetworkImage.build/NetworkImage.DependencyMetadataFileList (in target 'NetworkImage' from project 'NetworkImage')
    cd /Users/runner/work/xiaodi/xiaodi/build/SourcePackages/checkouts/NetworkImage
    write-file /Users/runner/work/xiaodi/xiaodi/build/Build/Intermediates.noindex/NetworkImage.build/Release-iphoneos/NetworkImage.build/NetworkImage.DependencyMetadataFileList

Copy /Users/runner/work/xiaodi/xiaodi/build/Build/Intermediates.noindex/GeneratedModuleMaps-iphoneos/NetworkImage.modulemap /Users/runner/work/xiaodi/xiaodi/build/Build/Intermediates.noindex/NetworkImage.build/Release-iphoneos/NetworkImage.build/NetworkImage.modulemap (in target 'NetworkImage' from project 'NetworkImage')
    cd /Users/runner/work/xiaodi/xiaodi/build/SourcePackages/checkouts/NetworkImage
    builtin-copy -exclude .DS_Store -exclude CVS -exclude .svn -exclude .git -exclude .hg -strip-unsigned-binaries -strip-deterministic -strip-tool /Applications/Xcode_26.3.app/Contents/Developer/Toolchains/XcodeDefault.xctoolchain/usr/bin/strip -resolve-src-symlinks /Users/runner/work/xiaodi/xiaodi/build/Build/Intermediates.noindex/NetworkImage.build/Release-iphoneos/NetworkImage.build/NetworkImage.modulemap /Users/runner/work/xiaodi/xiaodi/build/Build/Intermediates.noindex/GeneratedModuleMaps-iphoneos

WriteAuxiliaryFile /Users/runner/work/xiaodi/xiaodi/build/Build/Intermediates.noindex/swift-markdown-ui.build/Release-iphoneos/MarkdownUI.build/Objects-normal/arm64/MarkdownUI_const_extract_protocols.json (in target 'MarkdownUI' from project 'swift-markdown-ui')
    cd /Users/runner/work/xiaodi/xiaodi/Vendor/swift-markdown-ui
    write-file /Users/runner/work/xiaodi/xiaodi/build/Build/Intermediates.noindex/swift-markdown-ui.build/Release-iphoneos/MarkdownUI.build/Objects-normal/arm64/MarkdownUI_const_extract_protocols.json

WriteAuxiliaryFile /Users/runner/work/xiaodi/xiaodi/build/Build/Intermediates.noindex/swift-markdown-ui.build/Release-iphoneos/MarkdownUI.build/Objects-normal/arm64/MarkdownUI.SwiftFileList (in target 'MarkdownUI' from project 'swift-markdown-ui')
    cd /Users/runner/work/xiaodi/xiaodi/Vendor/swift-markdown-ui
    write-file /Users/runner/work/xiaodi/xiaodi/build/Build/Intermediates.noindex/swift-markdown-ui.build/Release-iphoneos/MarkdownUI.build/Objects-normal/arm64/MarkdownUI.SwiftFileList

WriteAuxiliaryFile /Users/runner/work/xiaodi/xiaodi/build/Build/Intermediates.noindex/swift-markdown-ui.build/Release-iphoneos/MarkdownUI.build/Objects-normal/arm64/MarkdownUI.SwiftConstValuesFileList (in target 'MarkdownUI' from project 'swift-markdown-ui')
    cd /Users/runner/work/xiaodi/xiaodi/Vendor/swift-markdown-ui
    write-file /Users/runner/work/xiaodi/xiaodi/build/Build/Intermediates.noindex/swift-markdown-ui.build/Release-iphoneos/MarkdownUI.build/Objects-normal/arm64/MarkdownUI.SwiftConstValuesFileList

WriteAuxiliaryFile /Users/runner/work/xiaodi/xiaodi/build/Build/Intermediates.noindex/swift-markdown-ui.build/Release-iphoneos/MarkdownUI.build/Objects-normal/arm64/MarkdownUI.LinkFileList (in target 'MarkdownUI' from project 'swift-markdown-ui')
    cd /Users/runner/work/xiaodi/xiaodi/Vendor/swift-markdown-ui
    write-file /Users/runner/work/xiaodi/xiaodi/build/Build/Intermediates.noindex/swift-markdown-ui.build/Release-iphoneos/MarkdownUI.build/Objects-normal/arm64/MarkdownUI.LinkFileList

WriteAuxiliaryFile /Users/runner/work/xiaodi/xiaodi/build/Build/Intermediates.noindex/swift-markdown-ui.build/Release-iphoneos/MarkdownUI.build/Objects-normal/arm64/MarkdownUI-OutputFileMap.json (in target 'MarkdownUI' from project 'swift-markdown-ui')
    cd /Users/runner/work/xiaodi/xiaodi/Vendor/swift-markdown-ui
    write-file /Users/runner/work/xiaodi/xiaodi/build/Build/Intermediates.noindex/swift-markdown-ui.build/Release-iphoneos/MarkdownUI.build/Objects-normal/arm64/MarkdownUI-OutputFileMap.json

WriteAuxiliaryFile /Users/runner/work/xiaodi/xiaodi/build/Build/Intermediates.noindex/swift-markdown-ui.build/Release-iphoneos/MarkdownUI.build/MarkdownUI.modulemap (in target 'MarkdownUI' from project 'swift-markdown-ui')
    cd /Users/runner/work/xiaodi/xiaodi/Vendor/swift-markdown-ui
    write-file /Users/runner/work/xiaodi/xiaodi/build/Build/Intermediates.noindex/swift-markdown-ui.build/Release-iphoneos/MarkdownUI.build/MarkdownUI.modulemap

WriteAuxiliaryFile /Users/runner/work/xiaodi/xiaodi/build/Build/Intermediates.noindex/swift-markdown-ui.build/Release-iphoneos/MarkdownUI.build/MarkdownUI.DependencyStaticMetadataFileList (in target 'MarkdownUI' from project 'swift-markdown-ui')
    cd /Users/runner/work/xiaodi/xiaodi/Vendor/swift-markdown-ui
    write-file /Users/runner/work/xiaodi/xiaodi/build/Build/Intermediates.noindex/swift-markdown-ui.build/Release-iphoneos/MarkdownUI.build/MarkdownUI.DependencyStaticMetadataFileList

WriteAuxiliaryFile /Users/runner/work/xiaodi/xiaodi/build/Build/Intermediates.noindex/swift-markdown-ui.build/Release-iphoneos/MarkdownUI.build/MarkdownUI.DependencyMetadataFileList (in target 'MarkdownUI' from project 'swift-markdown-ui')
    cd /Users/runner/work/xiaodi/xiaodi/Vendor/swift-markdown-ui
    write-file /Users/runner/work/xiaodi/xiaodi/build/Build/Intermediates.noindex/swift-markdown-ui.build/Release-iphoneos/MarkdownUI.build/MarkdownUI.DependencyMetadataFileList

Copy /Users/runner/work/xiaodi/xiaodi/build/Build/Intermediates.noindex/GeneratedModuleMaps-iphoneos/MarkdownUI.modulemap /Users/runner/work/xiaodi/xiaodi/build/Build/Intermediates.noindex/swift-markdown-ui.build/Release-iphoneos/MarkdownUI.build/MarkdownUI.modulemap (in target 'MarkdownUI' from project 'swift-markdown-ui')
    cd /Users/runner/work/xiaodi/xiaodi/Vendor/swift-markdown-ui
    builtin-copy -exclude .DS_Store -exclude CVS -exclude .svn -exclude .git -exclude .hg -strip-unsigned-binaries -strip-deterministic -strip-tool /Applications/Xcode_26.3.app/Contents/Developer/Toolchains/XcodeDefault.xctoolchain/usr/bin/strip -resolve-src-symlinks /Users/runner/work/xiaodi/xiaodi/build/Build/Intermediates.noindex/swift-markdown-ui.build/Release-iphoneos/MarkdownUI.build/MarkdownUI.modulemap /Users/runner/work/xiaodi/xiaodi/build/Build/Intermediates.noindex/GeneratedModuleMaps-iphoneos

WriteAuxiliaryFile /Users/runner/work/xiaodi/xiaodi/build/Build/Intermediates.noindex/DeepSeekHarnessMobile.build/Release-iphoneos/DeepSeekHarnessMobile.build/XiaoDi.hmap (in target 'DeepSeekHarnessMobile' from project 'DeepSeekHarnessMobile')
    cd /Users/runner/work/xiaodi/xiaodi
    write-file /Users/runner/work/xiaodi/xiaodi/build/Build/Intermediates.noindex/DeepSeekHarnessMobile.build/Release-iphoneos/DeepSeekHarnessMobile.build/XiaoDi.hmap

WriteAuxiliaryFile /Users/runner/work/xiaodi/xiaodi/build/Build/Intermediates.noindex/DeepSeekHarnessMobile.build/Release-iphoneos/DeepSeekHarnessMobile.build/XiaoDi.DependencyStaticMetadataFileList (in target 'DeepSeekHarnessMobile' from project 'DeepSeekHarnessMobile')
    cd /Users/runner/work/xiaodi/xiaodi
    write-file /Users/runner/work/xiaodi/xiaodi/build/Build/Intermediates.noindex/DeepSeekHarnessMobile.build/Release-iphoneos/DeepSeekHarnessMobile.build/XiaoDi.DependencyStaticMetadataFileList

WriteAuxiliaryFile /Users/runner/work/xiaodi/xiaodi/build/Build/Intermediates.noindex/DeepSeekHarnessMobile.build/Release-iphoneos/DeepSeekHarnessMobile.build/XiaoDi.DependencyMetadataFileList (in target 'DeepSeekHarnessMobile' from project 'DeepSeekHarnessMobile')
    cd /Users/runner/work/xiaodi/xiaodi
    write-file /Users/runner/work/xiaodi/xiaodi/build/Build/Intermediates.noindex/DeepSeekHarnessMobile.build/Release-iphoneos/DeepSeekHarnessMobile.build/XiaoDi.DependencyMetadataFileList

WriteAuxiliaryFile /Users/runner/work/xiaodi/xiaodi/build/Build/Intermediates.noindex/DeepSeekHarnessMobile.build/Release-iphoneos/DeepSeekHarnessMobile.build/XiaoDi-project-headers.hmap (in target 'DeepSeekHarnessMobile' from project 'DeepSeekHarnessMobile')
    cd /Users/runner/work/xiaodi/xiaodi
    write-file /Users/runner/work/xiaodi/xiaodi/build/Build/Intermediates.noindex/DeepSeekHarnessMobile.build/Release-iphoneos/DeepSeekHarnessMobile.build/XiaoDi-project-headers.hmap

WriteAuxiliaryFile /Users/runner/work/xiaodi/xiaodi/build/Build/Intermediates.noindex/DeepSeekHarnessMobile.build/Release-iphoneos/DeepSeekHarnessMobile.build/XiaoDi-own-target-headers.hmap (in target 'DeepSeekHarnessMobile' from project 'DeepSeekHarnessMobile')
    cd /Users/runner/work/xiaodi/xiaodi
    write-file /Users/runner/work/xiaodi/xiaodi/build/Build/Intermediates.noindex/DeepSeekHarnessMobile.build/Release-iphoneos/DeepSeekHarnessMobile.build/XiaoDi-own-target-headers.hmap

WriteAuxiliaryFile /Users/runner/work/xiaodi/xiaodi/build/Build/Intermediates.noindex/DeepSeekHarnessMobile.build/Release-iphoneos/DeepSeekHarnessMobile.build/XiaoDi-generated-files.hmap (in target 'DeepSeekHarnessMobile' from project 'DeepSeekHarnessMobile')
    cd /Users/runner/work/xiaodi/xiaodi
    write-file /Users/runner/work/xiaodi/xiaodi/build/Build/Intermediates.noindex/DeepSeekHarnessMobile.build/Release-iphoneos/DeepSeekHarnessMobile.build/XiaoDi-generated-files.hmap

WriteAuxiliaryFile /Users/runner/work/xiaodi/xiaodi/build/Build/Intermediates.noindex/DeepSeekHarnessMobile.build/Release-iphoneos/DeepSeekHarnessMobile.build/XiaoDi-all-target-headers.hmap (in target 'DeepSeekHarnessMobile' from project 'DeepSeekHarnessMobile')
    cd /Users/runner/work/xiaodi/xiaodi
    write-file /Users/runner/work/xiaodi/xiaodi/build/Build/Intermediates.noindex/DeepSeekHarnessMobile.build/Release-iphoneos/DeepSeekHarnessMobile.build/XiaoDi-all-target-headers.hmap

WriteAuxiliaryFile /Users/runner/work/xiaodi/xiaodi/build/Build/Intermediates.noindex/DeepSeekHarnessMobile.build/Release-iphoneos/DeepSeekHarnessMobile.build/XiaoDi-all-non-framework-target-headers.hmap (in target 'DeepSeekHarnessMobile' from project 'DeepSeekHarnessMobile')
    cd /Users/runner/work/xiaodi/xiaodi
    write-file /Users/runner/work/xiaodi/xiaodi/build/Build/Intermediates.noindex/DeepSeekHarnessMobile.build/Release-iphoneos/DeepSeekHarnessMobile.build/XiaoDi-all-non-framework-target-headers.hmap

WriteAuxiliaryFile /Users/runner/work/xiaodi/xiaodi/build/Build/Intermediates.noindex/DeepSeekHarnessMobile.build/Release-iphoneos/DeepSeekHarnessMobile.build/Script-A9FC00000000000000000003.sh (in target 'DeepSeekHarnessMobile' from project 'DeepSeekHarnessMobile')
    cd /Users/runner/work/xiaodi/xiaodi
    write-file /Users/runner/work/xiaodi/xiaodi/build/Build/Intermediates.noindex/DeepSeekHarnessMobile.build/Release-iphoneos/DeepSeekHarnessMobile.build/Script-A9FC00000000000000000003.sh

WriteAuxiliaryFile /Users/runner/work/xiaodi/xiaodi/build/Build/Intermediates.noindex/DeepSeekHarnessMobile.build/Release-iphoneos/DeepSeekHarnessMobile.build/Objects-normal/arm64/XiaoDi.SwiftFileList (in target 'DeepSeekHarnessMobile' from project 'DeepSeekHarnessMobile')
    cd /Users/runner/work/xiaodi/xiaodi
    write-file /Users/runner/work/xiaodi/xiaodi/build/Build/Intermediates.noindex/DeepSeekHarnessMobile.build/Release-iphoneos/DeepSeekHarnessMobile.build/Objects-normal/arm64/XiaoDi.SwiftFileList

WriteAuxiliaryFile /Users/runner/work/xiaodi/xiaodi/build/Build/Intermediates.noindex/DeepSeekHarnessMobile.build/Release-iphoneos/DeepSeekHarnessMobile.build/Objects-normal/arm64/XiaoDi.SwiftConstValuesFileList (in target 'DeepSeekHarnessMobile' from project 'DeepSeekHarnessMobile')
    cd /Users/runner/work/xiaodi/xiaodi
    write-file /Users/runner/work/xiaodi/xiaodi/build/Build/Intermediates.noindex/DeepSeekHarnessMobile.build/Release-iphoneos/DeepSeekHarnessMobile.build/Objects-normal/arm64/XiaoDi.SwiftConstValuesFileList

WriteAuxiliaryFile /Users/runner/work/xiaodi/xiaodi/build/Build/Intermediates.noindex/DeepSeekHarnessMobile.build/Release-iphoneos/DeepSeekHarnessMobile.build/Objects-normal/arm64/XiaoDi.LinkFileList (in target 'DeepSeekHarnessMobile' from project 'DeepSeekHarnessMobile')
    cd /Users/runner/work/xiaodi/xiaodi
    write-file /Users/runner/work/xiaodi/xiaodi/build/Build/Intermediates.noindex/DeepSeekHarnessMobile.build/Release-iphoneos/DeepSeekHarnessMobile.build/Objects-normal/arm64/XiaoDi.LinkFileList

WriteAuxiliaryFile /Users/runner/work/xiaodi/xiaodi/build/Build/Intermediates.noindex/DeepSeekHarnessMobile.build/Release-iphoneos/DeepSeekHarnessMobile.build/Objects-normal/arm64/DeepSeekHarnessMobile_const_extract_protocols.json (in target 'DeepSeekHarnessMobile' from project 'DeepSeekHarnessMobile')
    cd /Users/runner/work/xiaodi/xiaodi
    write-file /Users/runner/work/xiaodi/xiaodi/build/Build/Intermediates.noindex/DeepSeekHarnessMobile.build/Release-iphoneos/DeepSeekHarnessMobile.build/Objects-normal/arm64/DeepSeekHarnessMobile_const_extract_protocols.json

WriteAuxiliaryFile /Users/runner/work/xiaodi/xiaodi/build/Build/Intermediates.noindex/DeepSeekHarnessMobile.build/Release-iphoneos/DeepSeekHarnessMobile.build/Objects-normal/arm64/DeepSeekHarnessMobile-OutputFileMap.json (in target 'DeepSeekHarnessMobile' from project 'DeepSeekHarnessMobile')
    cd /Users/runner/work/xiaodi/xiaodi
    write-file /Users/runner/work/xiaodi/xiaodi/build/Build/Intermediates.noindex/DeepSeekHarnessMobile.build/Release-iphoneos/DeepSeekHarnessMobile.build/Objects-normal/arm64/DeepSeekHarnessMobile-OutputFileMap.json

WriteAuxiliaryFile /Users/runner/work/xiaodi/xiaodi/build/Build/Intermediates.noindex/ChatLayout.build/Release-iphoneos/ChatLayout.build/Objects-normal/arm64/ChatLayout_const_extract_protocols.json (in target 'ChatLayout' from project 'ChatLayout')
    cd /Users/runner/work/xiaodi/xiaodi/build/SourcePackages/checkouts/ChatLayout
    write-file /Users/runner/work/xiaodi/xiaodi/build/Build/Intermediates.noindex/ChatLayout.build/Release-iphoneos/ChatLayout.build/Objects-normal/arm64/ChatLayout_const_extract_protocols.json

WriteAuxiliaryFile /Users/runner/work/xiaodi/xiaodi/build/Build/Intermediates.noindex/ChatLayout.build/Release-iphoneos/ChatLayout.build/Objects-normal/arm64/ChatLayout.SwiftFileList (in target 'ChatLayout' from project 'ChatLayout')
    cd /Users/runner/work/xiaodi/xiaodi/build/SourcePackages/checkouts/ChatLayout
    write-file /Users/runner/work/xiaodi/xiaodi/build/Build/Intermediates.noindex/ChatLayout.build/Release-iphoneos/ChatLayout.build/Objects-normal/arm64/ChatLayout.SwiftFileList

WriteAuxiliaryFile /Users/runner/work/xiaodi/xiaodi/build/Build/Intermediates.noindex/ChatLayout.build/Release-iphoneos/ChatLayout.build/Objects-normal/arm64/ChatLayout.SwiftConstValuesFileList (in target 'ChatLayout' from project 'ChatLayout')
    cd /Users/runner/work/xiaodi/xiaodi/build/SourcePackages/checkouts/ChatLayout
    write-file /Users/runner/work/xiaodi/xiaodi/build/Build/Intermediates.noindex/ChatLayout.build/Release-iphoneos/ChatLayout.build/Objects-normal/arm64/ChatLayout.SwiftConstValuesFileList

WriteAuxiliaryFile /Users/runner/work/xiaodi/xiaodi/build/Build/Intermediates.noindex/ChatLayout.build/Release-iphoneos/ChatLayout.build/Objects-normal/arm64/ChatLayout.LinkFileList (in target 'ChatLayout' from project 'ChatLayout')
    cd /Users/runner/work/xiaodi/xiaodi/build/SourcePackages/checkouts/ChatLayout
    write-file /Users/runner/work/xiaodi/xiaodi/build/Build/Intermediates.noindex/ChatLayout.build/Release-iphoneos/ChatLayout.build/Objects-normal/arm64/ChatLayout.LinkFileList

WriteAuxiliaryFile /Users/runner/work/xiaodi/xiaodi/build/Build/Intermediates.noindex/ChatLayout.build/Release-iphoneos/ChatLayout.build/Objects-normal/arm64/ChatLayout-OutputFileMap.json (in target 'ChatLayout' from project 'ChatLayout')
    cd /Users/runner/work/xiaodi/xiaodi/build/SourcePackages/checkouts/ChatLayout
    write-file /Users/runner/work/xiaodi/xiaodi/build/Build/Intermediates.noindex/ChatLayout.build/Release-iphoneos/ChatLayout.build/Objects-normal/arm64/ChatLayout-OutputFileMap.json

WriteAuxiliaryFile /Users/runner/work/xiaodi/xiaodi/build/Build/Intermediates.noindex/ChatLayout.build/Release-iphoneos/ChatLayout.build/ChatLayout.modulemap (in target 'ChatLayout' from project 'ChatLayout')
    cd /Users/runner/work/xiaodi/xiaodi/build/SourcePackages/checkouts/ChatLayout
    write-file /Users/runner/work/xiaodi/xiaodi/build/Build/Intermediates.noindex/ChatLayout.build/Release-iphoneos/ChatLayout.build/ChatLayout.modulemap

WriteAuxiliaryFile /Users/runner/work/xiaodi/xiaodi/build/Build/Intermediates.noindex/ChatLayout.build/Release-iphoneos/ChatLayout.build/ChatLayout.DependencyStaticMetadataFileList (in target 'ChatLayout' from project 'ChatLayout')
    cd /Users/runner/work/xiaodi/xiaodi/build/SourcePackages/checkouts/ChatLayout
    write-file /Users/runner/work/xiaodi/xiaodi/build/Build/Intermediates.noindex/ChatLayout.build/Release-iphoneos/ChatLayout.build/ChatLayout.DependencyStaticMetadataFileList

WriteAuxiliaryFile /Users/runner/work/xiaodi/xiaodi/build/Build/Intermediates.noindex/ChatLayout.build/Release-iphoneos/ChatLayout.build/ChatLayout.DependencyMetadataFileList (in target 'ChatLayout' from project 'ChatLayout')
    cd /Users/runner/work/xiaodi/xiaodi/build/SourcePackages/checkouts/ChatLayout
    write-file /Users/runner/work/xiaodi/xiaodi/build/Build/Intermediates.noindex/ChatLayout.build/Release-iphoneos/ChatLayout.build/ChatLayout.DependencyMetadataFileList

WriteAuxiliaryFile /Users/runner/work/xiaodi/xiaodi/build/Build/Intermediates.noindex/DeepSeekHarnessMobile.build/Release-iphoneos/AgentLiveActivityWidget.build/Objects-normal/arm64/AgentLiveActivityWidget_const_extract_protocols.json (in target 'AgentLiveActivityWidget' from project 'DeepSeekHarnessMobile')
    cd /Users/runner/work/xiaodi/xiaodi
    write-file /Users/runner/work/xiaodi/xiaodi/build/Build/Intermediates.noindex/DeepSeekHarnessMobile.build/Release-iphoneos/AgentLiveActivityWidget.build/Objects-normal/arm64/AgentLiveActivityWidget_const_extract_protocols.json

WriteAuxiliaryFile /Users/runner/work/xiaodi/xiaodi/build/Build/Intermediates.noindex/DeepSeekHarnessMobile.build/Release-iphoneos/AgentLiveActivityWidget.build/Objects-normal/arm64/AgentLiveActivityWidget.SwiftFileList (in target 'AgentLiveActivityWidget' from project 'DeepSeekHarnessMobile')
    cd /Users/runner/work/xiaodi/xiaodi
    write-file /Users/runner/work/xiaodi/xiaodi/build/Build/Intermediates.noindex/DeepSeekHarnessMobile.build/Release-iphoneos/AgentLiveActivityWidget.build/Objects-normal/arm64/AgentLiveActivityWidget.SwiftFileList

Copy /Users/runner/work/xiaodi/xiaodi/build/Build/Intermediates.noindex/GeneratedModuleMaps-iphoneos/ChatLayout.modulemap /Users/runner/work/xiaodi/xiaodi/build/Build/Intermediates.noindex/ChatLayout.build/Release-iphoneos/ChatLayout.build/ChatLayout.modulemap (in target 'ChatLayout' from project 'ChatLayout')
    cd /Users/runner/work/xiaodi/xiaodi/build/SourcePackages/checkouts/ChatLayout
    builtin-copy -exclude .DS_Store -exclude CVS -exclude .svn -exclude .git -exclude .hg -strip-unsigned-binaries -strip-deterministic -strip-tool /Applications/Xcode_26.3.app/Contents/Developer/Toolchains/XcodeDefault.xctoolchain/usr/bin/strip -resolve-src-symlinks /Users/runner/work/xiaodi/xiaodi/build/Build/Intermediates.noindex/ChatLayout.build/Release-iphoneos/ChatLayout.build/ChatLayout.modulemap /Users/runner/work/xiaodi/xiaodi/build/Build/Intermediates.noindex/GeneratedModuleMaps-iphoneos

WriteAuxiliaryFile /Users/runner/work/xiaodi/xiaodi/build/Build/Intermediates.noindex/DeepSeekHarnessMobile.build/Release-iphoneos/AgentLiveActivityWidget.build/Objects-normal/arm64/AgentLiveActivityWidget.SwiftConstValuesFileList (in target 'AgentLiveActivityWidget' from project 'DeepSeekHarnessMobile')
    cd /Users/runner/work/xiaodi/xiaodi
    write-file /Users/runner/work/xiaodi/xiaodi/build/Build/Intermediates.noindex/DeepSeekHarnessMobile.build/Release-iphoneos/AgentLiveActivityWidget.build/Objects-normal/arm64/AgentLiveActivityWidget.SwiftConstValuesFileList

WriteAuxiliaryFile /Users/runner/work/xiaodi/xiaodi/build/Build/Intermediates.noindex/DeepSeekHarnessMobile.build/Release-iphoneos/AgentLiveActivityWidget.build/Objects-normal/arm64/AgentLiveActivityWidget.LinkFileList (in target 'AgentLiveActivityWidget' from project 'DeepSeekHarnessMobile')
    cd /Users/runner/work/xiaodi/xiaodi
    write-file /Users/runner/work/xiaodi/xiaodi/build/Build/Intermediates.noindex/DeepSeekHarnessMobile.build/Release-iphoneos/AgentLiveActivityWidget.build/Objects-normal/arm64/AgentLiveActivityWidget.LinkFileList

WriteAuxiliaryFile /Users/runner/work/xiaodi/xiaodi/build/Build/Intermediates.noindex/DeepSeekHarnessMobile.build/Release-iphoneos/AgentLiveActivityWidget.build/Objects-normal/arm64/AgentLiveActivityWidget-OutputFileMap.json (in target 'AgentLiveActivityWidget' from project 'DeepSeekHarnessMobile')
    cd /Users/runner/work/xiaodi/xiaodi
    write-file /Users/runner/work/xiaodi/xiaodi/build/Build/Intermediates.noindex/DeepSeekHarnessMobile.build/Release-iphoneos/AgentLiveActivityWidget.build/Objects-normal/arm64/AgentLiveActivityWidget-OutputFileMap.json

WriteAuxiliaryFile /Users/runner/work/xiaodi/xiaodi/build/Build/Intermediates.noindex/DeepSeekHarnessMobile.build/Release-iphoneos/AgentLiveActivityWidget.build/AgentLiveActivityWidget.hmap (in target 'AgentLiveActivityWidget' from project 'DeepSeekHarnessMobile')
    cd /Users/runner/work/xiaodi/xiaodi
    write-file /Users/runner/work/xiaodi/xiaodi/build/Build/Intermediates.noindex/DeepSeekHarnessMobile.build/Release-iphoneos/AgentLiveActivityWidget.build/AgentLiveActivityWidget.hmap

WriteAuxiliaryFile /Users/runner/work/xiaodi/xiaodi/build/Build/Intermediates.noindex/DeepSeekHarnessMobile.build/Release-iphoneos/AgentLiveActivityWidget.build/AgentLiveActivityWidget.DependencyStaticMetadataFileList (in target 'AgentLiveActivityWidget' from project 'DeepSeekHarnessMobile')
    cd /Users/runner/work/xiaodi/xiaodi
    write-file /Users/runner/work/xiaodi/xiaodi/build/Build/Intermediates.noindex/DeepSeekHarnessMobile.build/Release-iphoneos/AgentLiveActivityWidget.build/AgentLiveActivityWidget.DependencyStaticMetadataFileList

WriteAuxiliaryFile /Users/runner/work/xiaodi/xiaodi/build/Build/Intermediates.noindex/DeepSeekHarnessMobile.build/Release-iphoneos/AgentLiveActivityWidget.build/AgentLiveActivityWidget.DependencyMetadataFileList (in target 'AgentLiveActivityWidget' from project 'DeepSeekHarnessMobile')
    cd /Users/runner/work/xiaodi/xiaodi
    write-file /Users/runner/work/xiaodi/xiaodi/build/Build/Intermediates.noindex/DeepSeekHarnessMobile.build/Release-iphoneos/AgentLiveActivityWidget.build/AgentLiveActivityWidget.DependencyMetadataFileList

WriteAuxiliaryFile /Users/runner/work/xiaodi/xiaodi/build/Build/Intermediates.noindex/DeepSeekHarnessMobile.build/Release-iphoneos/AgentLiveActivityWidget.build/AgentLiveActivityWidget-project-headers.hmap (in target 'AgentLiveActivityWidget' from project 'DeepSeekHarnessMobile')
    cd /Users/runner/work/xiaodi/xiaodi
    write-file /Users/runner/work/xiaodi/xiaodi/build/Build/Intermediates.noindex/DeepSeekHarnessMobile.build/Release-iphoneos/AgentLiveActivityWidget.build/AgentLiveActivityWidget-project-headers.hmap

WriteAuxiliaryFile /Users/runner/work/xiaodi/xiaodi/build/Build/Intermediates.noindex/DeepSeekHarnessMobile.build/Release-iphoneos/AgentLiveActivityWidget.build/AgentLiveActivityWidget-own-target-headers.hmap (in target 'AgentLiveActivityWidget' from project 'DeepSeekHarnessMobile')
    cd /Users/runner/work/xiaodi/xiaodi
    write-file /Users/runner/work/xiaodi/xiaodi/build/Build/Intermediates.noindex/DeepSeekHarnessMobile.build/Release-iphoneos/AgentLiveActivityWidget.build/AgentLiveActivityWidget-own-target-headers.hmap

WriteAuxiliaryFile /Users/runner/work/xiaodi/xiaodi/build/Build/Intermediates.noindex/DeepSeekHarnessMobile.build/Release-iphoneos/AgentLiveActivityWidget.build/AgentLiveActivityWidget-generated-files.hmap (in target 'AgentLiveActivityWidget' from project 'DeepSeekHarnessMobile')
    cd /Users/runner/work/xiaodi/xiaodi
    write-file /Users/runner/work/xiaodi/xiaodi/build/Build/Intermediates.noindex/DeepSeekHarnessMobile.build/Release-iphoneos/AgentLiveActivityWidget.build/AgentLiveActivityWidget-generated-files.hmap

WriteAuxiliaryFile /Users/runner/work/xiaodi/xiaodi/build/Build/Intermediates.noindex/DeepSeekHarnessMobile.build/Release-iphoneos/AgentLiveActivityWidget.build/AgentLiveActivityWidget-all-target-headers.hmap (in target 'AgentLiveActivityWidget' from project 'DeepSeekHarnessMobile')
    cd /Users/runner/work/xiaodi/xiaodi
    write-file /Users/runner/work/xiaodi/xiaodi/build/Build/Intermediates.noindex/DeepSeekHarnessMobile.build/Release-iphoneos/AgentLiveActivityWidget.build/AgentLiveActivityWidget-all-target-headers.hmap

WriteAuxiliaryFile /Users/runner/work/xiaodi/xiaodi/build/Build/Intermediates.noindex/DeepSeekHarnessMobile.build/Release-iphoneos/AgentLiveActivityWidget.build/AgentLiveActivityWidget-all-non-framework-target-headers.hmap (in target 'AgentLiveActivityWidget' from project 'DeepSeekHarnessMobile')
    cd /Users/runner/work/xiaodi/xiaodi
    write-file /Users/runner/work/xiaodi/xiaodi/build/Build/Intermediates.noindex/DeepSeekHarnessMobile.build/Release-iphoneos/AgentLiveActivityWidget.build/AgentLiveActivityWidget-all-non-framework-target-headers.hmap

MkDir /Users/runner/work/xiaodi/xiaodi/build/Build/Products/Release-iphoneos/XiaoDi.app/PlugIns (in target 'DeepSeekHarnessMobile' from project 'DeepSeekHarnessMobile')
    cd /Users/runner/work/xiaodi/xiaodi
    /bin/mkdir -p /Users/runner/work/xiaodi/xiaodi/build/Build/Products/Release-iphoneos/XiaoDi.app/PlugIns

MkDir /Users/runner/work/xiaodi/xiaodi/build/Build/Products/Release-iphoneos/XiaoDi.app (in target 'DeepSeekHarnessMobile' from project 'DeepSeekHarnessMobile')
    cd /Users/runner/work/xiaodi/xiaodi
    /bin/mkdir -p /Users/runner/work/xiaodi/xiaodi/build/Build/Products/Release-iphoneos/XiaoDi.app

MkDir /Users/runner/work/xiaodi/xiaodi/build/Build/Products/Release-iphoneos/AgentLiveActivityWidget.appex (in target 'AgentLiveActivityWidget' from project 'DeepSeekHarnessMobile')
    cd /Users/runner/work/xiaodi/xiaodi
    /bin/mkdir -p /Users/runner/work/xiaodi/xiaodi/build/Build/Products/Release-iphoneos/AgentLiveActivityWidget.appex

MkDir /Users/runner/work/xiaodi/xiaodi/build/Build/Intermediates.noindex/DeepSeekHarnessMobile.build/Release-iphoneos/AgentLiveActivityWidget.build/assetcatalog_output/unthinned (in target 'AgentLiveActivityWidget' from project 'DeepSeekHarnessMobile')
    cd /Users/runner/work/xiaodi/xiaodi
    /bin/mkdir -p /Users/runner/work/xiaodi/xiaodi/build/Build/Intermediates.noindex/DeepSeekHarnessMobile.build/Release-iphoneos/AgentLiveActivityWidget.build/assetcatalog_output/unthinned

MkDir /Users/runner/work/xiaodi/xiaodi/build/Build/Intermediates.noindex/DeepSeekHarnessMobile.build/Release-iphoneos/AgentLiveActivityWidget.build/assetcatalog_output/thinned (in target 'AgentLiveActivityWidget' from project 'DeepSeekHarnessMobile')
    cd /Users/runner/work/xiaodi/xiaodi
    /bin/mkdir -p /Users/runner/work/xiaodi/xiaodi/build/Build/Intermediates.noindex/DeepSeekHarnessMobile.build/Release-iphoneos/AgentLiveActivityWidget.build/assetcatalog_output/thinned

GenerateAssetSymbols /Users/runner/work/xiaodi/xiaodi/AgentLiveActivityWidget/Assets.xcassets (in target 'AgentLiveActivityWidget' from project 'DeepSeekHarnessMobile')
    cd /Users/runner/work/xiaodi/xiaodi
    /Applications/Xcode_26.3.app/Contents/Developer/usr/bin/actool /Users/runner/work/xiaodi/xiaodi/AgentLiveActivityWidget/Assets.xcassets --compile /Users/runner/work/xiaodi/xiaodi/build/Build/Products/Release-iphoneos/AgentLiveActivityWidget.appex --output-format human-readable-text --notices --warnings --export-dependency-info /Users/runner/work/xiaodi/xiaodi/build/Build/Intermediates.noindex/DeepSeekHarnessMobile.build/Release-iphoneos/AgentLiveActivityWidget.build/assetcatalog_dependencies --output-partial-info-plist /Users/runner/work/xiaodi/xiaodi/build/Build/Intermediates.noindex/DeepSeekHarnessMobile.build/Release-iphoneos/AgentLiveActivityWidget.build/assetcatalog_generated_info.plist --compress-pngs --enable-on-demand-resources NO --standalone-icon-behavior all --development-region en --target-device iphone --minimum-deployment-target 17.0 --platform iphoneos --bundle-identifier com.clark.dshmobile.AgentLiveActivityWidget --generate-swift-asset-symbol-extensions NO --generate-swift-asset-symbols /Users/runner/work/xiaodi/xiaodi/build/Build/Intermediates.noindex/DeepSeekHarnessMobile.build/Release-iphoneos/AgentLiveActivityWidget.build/DerivedSources/GeneratedAssetSymbols.swift --generate-objc-asset-symbols /Users/runner/work/xiaodi/xiaodi/build/Build/Intermediates.noindex/DeepSeekHarnessMobile.build/Release-iphoneos/AgentLiveActivityWidget.build/DerivedSources/GeneratedAssetSymbols.h --generate-asset-symbol-index /Users/runner/work/xiaodi/xiaodi/build/Build/Intermediates.noindex/DeepSeekHarnessMobile.build/Release-iphoneos/AgentLiveActivityWidget.build/DerivedSources/GeneratedAssetSymbols-Index.plist
/* com.apple.actool.compilation-results */
/Users/runner/work/xiaodi/xiaodi/build/Build/Intermediates.noindex/DeepSeekHarnessMobile.build/Release-iphoneos/AgentLiveActivityWidget.build/DerivedSources/GeneratedAssetSymbols-Index.plist
/Users/runner/work/xiaodi/xiaodi/build/Build/Intermediates.noindex/DeepSeekHarnessMobile.build/Release-iphoneos/AgentLiveActivityWidget.build/DerivedSources/GeneratedAssetSymbols.h
/Users/runner/work/xiaodi/xiaodi/build/Build/Intermediates.noindex/DeepSeekHarnessMobile.build/Release-iphoneos/AgentLiveActivityWidget.build/DerivedSources/GeneratedAssetSymbols.swift


CompileAssetCatalogVariant thinned /Users/runner/work/xiaodi/xiaodi/build/Build/Products/Release-iphoneos/AgentLiveActivityWidget.appex /Users/runner/work/xiaodi/xiaodi/AgentLiveActivityWidget/Assets.xcassets (in target 'AgentLiveActivityWidget' from project 'DeepSeekHarnessMobile')
    cd /Users/runner/work/xiaodi/xiaodi
    /Applications/Xcode_26.3.app/Contents/Developer/usr/bin/actool /Users/runner/work/xiaodi/xiaodi/AgentLiveActivityWidget/Assets.xcassets --compile /Users/runner/work/xiaodi/xiaodi/build/Build/Intermediates.noindex/DeepSeekHarnessMobile.build/Release-iphoneos/AgentLiveActivityWidget.build/assetcatalog_output/thinned --output-format human-readable-text --notices --warnings --export-dependency-info /Users/runner/work/xiaodi/xiaodi/build/Build/Intermediates.noindex/DeepSeekHarnessMobile.build/Release-iphoneos/AgentLiveActivityWidget.build/assetcatalog_dependencies_thinned --output-partial-info-plist /Users/runner/work/xiaodi/xiaodi/build/Build/Intermediates.noindex/DeepSeekHarnessMobile.build/Release-iphoneos/AgentLiveActivityWidget.build/assetcatalog_generated_info.plist_thinned --compress-pngs --enable-on-demand-resources NO --standalone-icon-behavior all --development-region en --target-device iphone --minimum-deployment-target 17.0 --platform iphoneos
/* com.apple.actool.compilation-results */
/Users/runner/work/xiaodi/xiaodi/build/Build/Intermediates.noindex/DeepSeekHarnessMobile.build/Release-iphoneos/AgentLiveActivityWidget.build/assetcatalog_generated_info.plist_thinned
/Users/runner/work/xiaodi/xiaodi/build/Build/Intermediates.noindex/DeepSeekHarnessMobile.build/Release-iphoneos/AgentLiveActivityWidget.build/assetcatalog_output/thinned/Assets.car


SwiftDriver NetworkImage normal arm64 com.apple.xcode.tools.swift.compiler (in target 'NetworkImage' from project 'NetworkImage')
    cd /Users/runner/work/xiaodi/xiaodi/DeepSeekHarnessMobile.xcodeproj
    builtin-SwiftDriver -- /Applications/Xcode_26.3.app/Contents/Developer/Toolchains/XcodeDefault.xctoolchain/usr/bin/swiftc -module-name NetworkImage -O -whole-module-optimization -enforce-exclusivity\=checked @/Users/runner/work/xiaodi/xiaodi/build/Build/Intermediates.noindex/NetworkImage.build/Release-iphoneos/NetworkImage.build/Objects-normal/arm64/NetworkImage.SwiftFileList -DSWIFT_PACKAGE -DSWIFT_MODULE_RESOURCE_BUNDLE_UNAVAILABLE -DXcode -plugin-path /Applications/Xcode_26.3.app/Contents/Developer/Toolchains/XcodeDefault.xctoolchain/usr/lib/swift/host/plugins/testing -enable-experimental-feature DebugDescriptionMacro -sdk /Applications/Xcode_26.3.app/Contents/Developer/Platforms/iPhoneOS.platform/Developer/SDKs/iPhoneOS26.2.sdk -target arm64-apple-ios14.0 -g -module-cache-path /Users/runner/work/xiaodi/xiaodi/build/ModuleCache.noindex -Xfrontend -serialize-debugging-options -suppress-warnings -swift-version 6 -I /Users/runner/work/xiaodi/xiaodi/build/Build/Products/Release-iphoneos -Isystem /Applications/Xcode_26.3.app/Contents/Developer/Platforms/iPhoneOS.platform/Developer/usr/lib -F /Users/runner/work/xiaodi/xiaodi/build/Build/Products/Release-iphoneos -F /Applications/Xcode_26.3.app/Contents/Developer/Platforms/iPhoneOS.platform/Developer/Library/Frameworks -F /Applications/Xcode_26.3.app/Contents/Developer/Platforms/iPhoneOS.platform/Developer/SDKs/iPhoneOS26.2.sdk/Developer/Library/Frameworks -c -num-threads 3 -Xcc -ivfsstatcache -Xcc /Users/runner/work/xiaodi/xiaodi/build/SDKStatCaches.noindex/iphoneos26.2-23C57-dc75598d0054f22ec865fa860f139d722dd23b4ebda140f7210d155ff1243552.sdkstatcache -output-file-map /Users/runner/work/xiaodi/xiaodi/build/Build/Intermediates.noindex/NetworkImage.build/Release-iphoneos/NetworkImage.build/Objects-normal/arm64/NetworkImage-OutputFileMap.json -use-frontend-parseable-output -save-temps -no-color-diagnostics -explicit-module-build -module-cache-path /Users/runner/work/xiaodi/xiaodi/build/Build/Intermediates.noindex/SwiftExplicitPrecompiledModules -clang-scanner-module-cache-path /Users/runner/work/xiaodi/xiaodi/build/ModuleCache.noindex -sdk-module-cache-path /Users/runner/work/xiaodi/xiaodi/build/ModuleCache.noindex -serialize-diagnostics -emit-dependencies -emit-module -emit-module-path /Users/runner/work/xiaodi/xiaodi/build/Build/Intermediates.noindex/NetworkImage.build/Release-iphoneos/NetworkImage.build/Objects-normal/arm64/NetworkImage.swiftmodule -user-module-version 6.0.1 -validate-clang-modules-once -clang-build-session-file /Users/runner/work/xiaodi/xiaodi/build/ModuleCache.noindex/Session.modulevalidation -package-name networkimage -Xcc -I/Users/runner/work/xiaodi/xiaodi/build/Build/Intermediates.noindex/NetworkImage.build/Release-iphoneos/NetworkImage.build/swift-overrides.hmap -emit-const-values -Xfrontend -const-gather-protocols-file -Xfrontend /Users/runner/work/xiaodi/xiaodi/build/Build/Intermediates.noindex/NetworkImage.build/Release-iphoneos/NetworkImage.build/Objects-normal/arm64/NetworkImage_const_extract_protocols.json -Xcc -I/Users/runner/work/xiaodi/xiaodi/build/Build/Products/Release-iphoneos/include -Xcc -I/Users/runner/work/xiaodi/xiaodi/build/Build/Intermediates.noindex/NetworkImage.build/Release-iphoneos/NetworkImage.build/DerivedSources-normal/arm64 -Xcc -I/Users/runner/work/xiaodi/xiaodi/build/Build/Intermediates.noindex/NetworkImage.build/Release-iphoneos/NetworkImage.build/DerivedSources/arm64 -Xcc -I/Users/runner/work/xiaodi/xiaodi/build/Build/Intermediates.noindex/NetworkImage.build/Release-iphoneos/NetworkImage.build/DerivedSources -Xcc -DSWIFT_PACKAGE -emit-objc-header -emit-objc-header-path /Users/runner/work/xiaodi/xiaodi/build/Build/Intermediates.noindex/NetworkImage.build/Release-iphoneos/NetworkImage.build/Objects-normal/arm64/NetworkImage-Swift.h -working-directory /Users/runner/work/xiaodi/xiaodi/DeepSeekHarnessMobile.xcodeproj -no-emit-module-separately-wmo

ScanDependencies /Users/runner/work/xiaodi/xiaodi/build/Build/Intermediates.noindex/cmark-gfm.build/Release-iphoneos/cmark-gfm-extensions.build/Objects-normal/arm64/tasklist.o /Users/runner/work/xiaodi/xiaodi/build/SourcePackages/checkouts/swift-cmark/extensions/tasklist.c normal arm64 c com.apple.compilers.llvm.clang.1_0.compiler (in target 'cmark-gfm-extensions' from project 'cmark-gfm')
    cd /Users/runner/work/xiaodi/xiaodi/DeepSeekHarnessMobile.xcodeproj
    
    Using response file: /Users/runner/work/xiaodi/xiaodi/build/Build/Intermediates.noindex/cmark-gfm.build/Release-iphoneos/cmark-gfm-extensions.build/Objects-normal/arm64/7187679823f38a2a940e0043cdf9d637-common-args.resp
    
    builtin-ScanDependencies -o /Users/runner/work/xiaodi/xiaodi/build/Build/Intermediates.noindex/cmark-gfm.build/Release-iphoneos/cmark-gfm-extensions.build/Objects-normal/arm64/tasklist.o.scan -- /Applications/Xcode_26.3.app/Contents/Developer/Toolchains/XcodeDefault.xctoolchain/usr/bin/clang -x c -ivfsstatcache /Users/runner/work/xiaodi/xiaodi/build/SDKStatCaches.noindex/iphoneos26.2-23C57-dc75598d0054f22ec865fa860f139d722dd23b4ebda140f7210d155ff1243552.sdkstatcache -fmessage-length\=0 -fdiagnostics-show-note-include-stack -fmacro-backtrace-limit\=0 -fno-color-diagnostics -fmodules-prune-interval\=86400 -fmodules-prune-after\=345600 -fbuild-session-file\=/Users/runner/work/xiaodi/xiaodi/build/ModuleCache.noindex/Session.modulevalidation -fmodules-validate-once-per-build-session -Wnon-modular-include-in-framework-module -Werror\=non-modular-include-in-framework-module -Wno-trigraphs -Wno-missing-field-initializers -Wno-missing-prototypes -Wno-return-type -Wno-missing-braces -Wparentheses -Wswitch -Wno-unused-function -Wno-unused-label -Wno-unused-parameter -Wno-unused-variable -Wunused-value -Wno-empty-body -Wno-uninitialized -Wno-unknown-pragmas -w -Wno-shadow -Wno-four-char-constants -Wno-conversion -Wno-constant-conversion -Wno-int-conversion -Wno-bool-conversion -Wno-enum-conversion -Wno-float-conversion -Wno-non-literal-null-conversion -Wno-objc-literal-conversion -Wshorten-64-to-32 -Wpointer-sign -Wno-newline-eof -Wno-implicit-fallthrough -fstrict-aliasing -Wdeprecated-declarations -Wno-sign-conversion -Wno-infinite-recursion -Wno-comma -Wno-block-capture-autoreleasing -Wno-strict-prototypes -Wno-semicolon-before-method-body @/Users/runner/work/xiaodi/xiaodi/build/Build/Intermediates.noindex/cmark-gfm.build/Release-iphoneos/cmark-gfm-extensions.build/Objects-normal/arm64/7187679823f38a2a940e0043cdf9d637-common-args.resp -MMD -MT dependencies -MF /Users/runner/work/xiaodi/xiaodi/build/Build/Intermediates.noindex/cmark-gfm.build/Release-iphoneos/cmark-gfm-extensions.build/Objects-normal/arm64/tasklist.d --serialize-diagnostics /Users/runner/work/xiaodi/xiaodi/build/Build/Intermediates.noindex/cmark-gfm.build/Release-iphoneos/cmark-gfm-extensions.build/Objects-normal/arm64/tasklist.dia -c /Users/runner/work/xiaodi/xiaodi/build/SourcePackages/checkouts/swift-cmark/extensions/tasklist.c -o /Users/runner/work/xiaodi/xiaodi/build/Build/Intermediates.noindex/cmark-gfm.build/Release-iphoneos/cmark-gfm-extensions.build/Objects-normal/arm64/tasklist.o

SwiftDriver ChatLayout normal arm64 com.apple.xcode.tools.swift.compiler (in target 'ChatLayout' from project 'ChatLayout')
    cd /Users/runner/work/xiaodi/xiaodi/DeepSeekHarnessMobile.xcodeproj
    builtin-SwiftDriver -- /Applications/Xcode_26.3.app/Contents/Developer/Toolchains/XcodeDefault.xctoolchain/usr/bin/swiftc -module-name ChatLayout -O -whole-module-optimization -enforce-exclusivity\=checked @/Users/runner/work/xiaodi/xiaodi/build/Build/Intermediates.noindex/ChatLayout.build/Release-iphoneos/ChatLayout.build/Objects-normal/arm64/ChatLayout.SwiftFileList -DSWIFT_PACKAGE -DSWIFT_MODULE_RESOURCE_BUNDLE_UNAVAILABLE -DXcode -enable-upcoming-feature StrictConcurrency -plugin-path /Applications/Xcode_26.3.app/Contents/Developer/Toolchains/XcodeDefault.xctoolchain/usr/lib/swift/host/plugins/testing -enable-experimental-feature DebugDescriptionMacro -sdk /Applications/Xcode_26.3.app/Contents/Developer/Platforms/iPhoneOS.platform/Developer/SDKs/iPhoneOS26.2.sdk -target arm64-apple-ios15.0 -g -module-cache-path /Users/runner/work/xiaodi/xiaodi/build/ModuleCache.noindex -Xfrontend -serialize-debugging-options -suppress-warnings -swift-version 6 -I /Users/runner/work/xiaodi/xiaodi/build/Build/Products/Release-iphoneos -Isystem /Applications/Xcode_26.3.app/Contents/Developer/Platforms/iPhoneOS.platform/Developer/usr/lib -F /Users/runner/work/xiaodi/xiaodi/build/Build/Products/Release-iphoneos -F /Applications/Xcode_26.3.app/Contents/Developer/Platforms/iPhoneOS.platform/Developer/Library/Frameworks -F /Applications/Xcode_26.3.app/Contents/Developer/Platforms/iPhoneOS.platform/Developer/SDKs/iPhoneOS26.2.sdk/Developer/Library/Frameworks -c -num-threads 3 -Xcc -ivfsstatcache -Xcc /Users/runner/work/xiaodi/xiaodi/build/SDKStatCaches.noindex/iphoneos26.2-23C57-dc75598d0054f22ec865fa860f139d722dd23b4ebda140f7210d155ff1243552.sdkstatcache -output-file-map /Users/runner/work/xiaodi/xiaodi/build/Build/Intermediates.noindex/ChatLayout.build/Release-iphoneos/ChatLayout.build/Objects-normal/arm64/ChatLayout-OutputFileMap.json -use-frontend-parseable-output -save-temps -no-color-diagnostics -explicit-module-build -module-cache-path /Users/runner/work/xiaodi/xiaodi/build/Build/Intermediates.noindex/SwiftExplicitPrecompiledModules -clang-scanner-module-cache-path /Users/runner/work/xiaodi/xiaodi/build/ModuleCache.noindex -sdk-module-cache-path /Users/runner/work/xiaodi/xiaodi/build/ModuleCache.noindex -serialize-diagnostics -emit-dependencies -emit-module -emit-module-path /Users/runner/work/xiaodi/xiaodi/build/Build/Intermediates.noindex/ChatLayout.build/Release-iphoneos/ChatLayout.build/Objects-normal/arm64/ChatLayout.swiftmodule -user-module-version 2.4.3 -validate-clang-modules-once -clang-build-session-file /Users/runner/work/xiaodi/xiaodi/build/ModuleCache.noindex/Session.modulevalidation -package-name chatlayout -Xcc -I/Users/runner/work/xiaodi/xiaodi/build/Build/Intermediates.noindex/ChatLayout.build/Release-iphoneos/ChatLayout.build/swift-overrides.hmap -emit-const-values -Xfrontend -const-gather-protocols-file -Xfrontend /Users/runner/work/xiaodi/xiaodi/build/Build/Intermediates.noindex/ChatLayout.build/Release-iphoneos/ChatLayout.build/Objects-normal/arm64/ChatLayout_const_extract_protocols.json -Xcc -I/Users/runner/work/xiaodi/xiaodi/build/Build/Products/Release-iphoneos/include -Xcc -I/Users/runner/work/xiaodi/xiaodi/build/Build/Intermediates.noindex/ChatLayout.build/Release-iphoneos/ChatLayout.build/DerivedSources-normal/arm64 -Xcc -I/Users/runner/work/xiaodi/xiaodi/build/Build/Intermediates.noindex/ChatLayout.build/Release-iphoneos/ChatLayout.build/DerivedSources/arm64 -Xcc -I/Users/runner/work/xiaodi/xiaodi/build/Build/Intermediates.noindex/ChatLayout.build/Release-iphoneos/ChatLayout.build/DerivedSources -Xcc -DSWIFT_PACKAGE -emit-objc-header -emit-objc-header-path /Users/runner/work/xiaodi/xiaodi/build/Build/Intermediates.noindex/ChatLayout.build/Release-iphoneos/ChatLayout.build/Objects-normal/arm64/ChatLayout-Swift.h -working-directory /Users/runner/work/xiaodi/xiaodi/DeepSeekHarnessMobile.xcodeproj -no-emit-module-separately-wmo

SwiftDriver AgentLiveActivityWidget normal arm64 com.apple.xcode.tools.swift.compiler (in target 'AgentLiveActivityWidget' from project 'DeepSeekHarnessMobile')
    cd /Users/runner/work/xiaodi/xiaodi
    builtin-SwiftDriver -- /Applications/Xcode_26.3.app/Contents/Developer/Toolchains/XcodeDefault.xctoolchain/usr/bin/swiftc -module-name AgentLiveActivityWidget -O -whole-module-optimization -enforce-exclusivity\=checked @/Users/runner/work/xiaodi/xiaodi/build/Build/Intermediates.noindex/DeepSeekHarnessMobile.build/Release-iphoneos/AgentLiveActivityWidget.build/Objects-normal/arm64/AgentLiveActivityWidget.SwiftFileList -enable-bare-slash-regex -enable-experimental-feature DebugDescriptionMacro -sdk /Applications/Xcode_26.3.app/Contents/Developer/Platforms/iPhoneOS.platform/Developer/SDKs/iPhoneOS26.2.sdk -target arm64-apple-ios17.0 -g -module-cache-path /Users/runner/work/xiaodi/xiaodi/build/ModuleCache.noindex -Xfrontend -serialize-debugging-options -application-extension -swift-version 5 -I /Users/runner/work/xiaodi/xiaodi/build/Build/Products/Release-iphoneos -F /Users/runner/work/xiaodi/xiaodi/build/Build/Products/Release-iphoneos -emit-localized-strings -emit-localized-strings-path /Users/runner/work/xiaodi/xiaodi/build/Build/Intermediates.noindex/DeepSeekHarnessMobile.build/Release-iphoneos/AgentLiveActivityWidget.build/Objects-normal/arm64 -c -num-threads 3 -Xcc -ivfsstatcache -Xcc /Users/runner/work/xiaodi/xiaodi/build/SDKStatCaches.noindex/iphoneos26.2-23C57-dc75598d0054f22ec865fa860f139d722dd23b4ebda140f7210d155ff1243552.sdkstatcache -output-file-map /Users/runner/work/xiaodi/xiaodi/build/Build/Intermediates.noindex/DeepSeekHarnessMobile.build/Release-iphoneos/AgentLiveActivityWidget.build/Objects-normal/arm64/AgentLiveActivityWidget-OutputFileMap.json -use-frontend-parseable-output -save-temps -no-color-diagnostics -explicit-module-build -module-cache-path /Users/runner/work/xiaodi/xiaodi/build/Build/Intermediates.noindex/SwiftExplicitPrecompiledModules -clang-scanner-module-cache-path /Users/runner/work/xiaodi/xiaodi/build/ModuleCache.noindex -sdk-module-cache-path /Users/runner/work/xiaodi/xiaodi/build/ModuleCache.noindex -serialize-diagnostics -emit-dependencies -emit-module -emit-module-path /Users/runner/work/xiaodi/xiaodi/build/Build/Intermediates.noindex/DeepSeekHarnessMobile.build/Release-iphoneos/AgentLiveActivityWidget.build/Objects-normal/arm64/AgentLiveActivityWidget.swiftmodule -validate-clang-modules-once -clang-build-session-file /Users/runner/work/xiaodi/xiaodi/build/ModuleCache.noindex/Session.modulevalidation -Xcc -I/Users/runner/work/xiaodi/xiaodi/build/Build/Intermediates.noindex/DeepSeekHarnessMobile.build/Release-iphoneos/AgentLiveActivityWidget.build/swift-overrides.hmap -emit-const-values -Xfrontend -const-gather-protocols-file -Xfrontend /Users/runner/work/xiaodi/xiaodi/build/Build/Intermediates.noindex/DeepSeekHarnessMobile.build/Release-iphoneos/AgentLiveActivityWidget.build/Objects-normal/arm64/AgentLiveActivityWidget_const_extract_protocols.json -Xcc -iquote -Xcc /Users/runner/work/xiaodi/xiaodi/build/Build/Intermediates.noindex/DeepSeekHarnessMobile.build/Release-iphoneos/AgentLiveActivityWidget.build/AgentLiveActivityWidget-generated-files.hmap -Xcc -I/Users/runner/work/xiaodi/xiaodi/build/Build/Intermediates.noindex/DeepSeekHarnessMobile.build/Release-iphoneos/AgentLiveActivityWidget.build/AgentLiveActivityWidget-own-target-headers.hmap -Xcc -I/Users/runner/work/xiaodi/xiaodi/build/Build/Intermediates.noindex/DeepSeekHarnessMobile.build/Release-iphoneos/AgentLiveActivityWidget.build/AgentLiveActivityWidget-all-non-framework-target-headers.hmap -Xcc -ivfsoverlay -Xcc /Users/runner/work/xiaodi/xiaodi/build/Build/Intermediates.noindex/DeepSeekHarnessMobile.build/Release-iphoneos/DeepSeekHarnessMobile-067605110eec52b4b1237b5dcc4ee7ce-VFS-iphoneos/all-product-headers.yaml -Xcc -iquote -Xcc /Users/runner/work/xiaodi/xiaodi/build/Build/Intermediates.noindex/DeepSeekHarnessMobile.build/Release-iphoneos/AgentLiveActivityWidget.build/AgentLiveActivityWidget-project-headers.hmap -Xcc -I/Users/runner/work/xiaodi/xiaodi/build/Build/Products/Release-iphoneos/include -Xcc -I/Users/runner/work/xiaodi/xiaodi/build/Build/Intermediates.noindex/DeepSeekHarnessMobile.build/Release-iphoneos/AgentLiveActivityWidget.build/DerivedSources-normal/arm64 -Xcc -I/Users/runner/work/xiaodi/xiaodi/build/Build/Intermediates.noindex/DeepSeekHarnessMobile.build/Release-iphoneos/AgentLiveActivityWidget.build/DerivedSources/arm64 -Xcc -I/Users/runner/work/xiaodi/xiaodi/build/Build/Intermediates.noindex/DeepSeekHarnessMobile.build/Release-iphoneos/AgentLiveActivityWidget.build/DerivedSources -emit-objc-header -emit-objc-header-path /Users/runner/work/xiaodi/xiaodi/build/Build/Intermediates.noindex/DeepSeekHarnessMobile.build/Release-iphoneos/AgentLiveActivityWidget.build/Objects-normal/arm64/AgentLiveActivityWidget-Swift.h -working-directory /Users/runner/work/xiaodi/xiaodi -no-emit-module-separately-wmo

PrecompileModule /Users/runner/work/xiaodi/xiaodi/build/Build/Intermediates.noindex/ExplicitPrecompiledModules/_Builtin_stdarg-1A3APES3Q016UJH3VLXOXDI9Y.scan
    cd /
    builtin-precompileModule /Users/runner/work/xiaodi/xiaodi/build/Build/Intermediates.noindex/ExplicitPrecompiledModules/_Builtin_stdarg-1A3APES3Q016UJH3VLXOXDI9Y.scan

SwiftExplicitDependencyGeneratePcm arm64 /Users/runner/work/xiaodi/xiaodi/build/ModuleCache.noindex/DeveloperToolsSupport-P3QJNYEBQSXMCVBW1MRMDXQS.pcm

SwiftExplicitDependencyGeneratePcm arm64 /Users/runner/work/xiaodi/xiaodi/build/ModuleCache.noindex/_Builtin_stddef-3H7BHR41HJLZUKAJK60PMIR2J.pcm

SwiftExplicitDependencyGeneratePcm arm64 /Users/runner/work/xiaodi/xiaodi/build/ModuleCache.noindex/_Builtin_float-EWU52RCIER6OZ6XFF2W4TTMFY.pcm

SwiftExplicitDependencyGeneratePcm arm64 /Users/runner/work/xiaodi/xiaodi/build/ModuleCache.noindex/SwiftShims-6I5G8XE2C7LUPCG5LO7UDEJPL.pcm

SwiftExplicitDependencyGeneratePcm arm64 /Users/runner/work/xiaodi/xiaodi/build/ModuleCache.noindex/_Builtin_stdbool-CCOR3M6FPAY9W5E5PDUKSWBCR.pcm

SwiftExplicitDependencyGeneratePcm arm64 /Users/runner/work/xiaodi/xiaodi/build/ModuleCache.noindex/_Builtin_stdarg-41NSK0X8ZGOI6NBG82LO5GM4Y.pcm

SwiftExplicitDependencyGeneratePcm arm64 /Users/runner/work/xiaodi/xiaodi/build/ModuleCache.noindex/_SwiftConcurrencyShims-DR6L5QR3KJOK92D1QLL4RKDCE.pcm

SwiftExplicitDependencyGeneratePcm arm64 /Users/runner/work/xiaodi/xiaodi/build/ModuleCache.noindex/_AvailabilityInternal-BODVSEMS9SNV3KQAHB592AUMX.pcm

SwiftExplicitDependencyGeneratePcm arm64 /Users/runner/work/xiaodi/xiaodi/build/ModuleCache.noindex/ptrcheck-863C9OUCKI05CDQOVV2863EGA.pcm

SwiftExplicitDependencyGeneratePcm arm64 /Users/runner/work/xiaodi/xiaodi/build/ModuleCache.noindex/ptrauth-6KQFF0JGV7QDA5CP1SYT90A6A.pcm

SwiftExplicitDependencyGeneratePcm arm64 /Users/runner/work/xiaodi/xiaodi/build/ModuleCache.noindex/_DarwinFoundation1-6DSLEUHEP3PZ511NPZN1E8R51.pcm

SwiftExplicitDependencyGeneratePcm arm64 /Users/runner/work/xiaodi/xiaodi/build/ModuleCache.noindex/ptrcheck-B3Q93ICLGKRPS4ZMLE3FKN6H2.pcm

SwiftExplicitDependencyGeneratePcm arm64 /Users/runner/work/xiaodi/xiaodi/build/ModuleCache.noindex/ptrauth-BHSCNC70LODGTSYKI0WD59JHB.pcm

SwiftExplicitDependencyGeneratePcm arm64 /Users/runner/work/xiaodi/xiaodi/build/ModuleCache.noindex/ActivityKit-DGL66CTJRRDQDE7WEYPEHUUFV.pcm

SwiftExplicitDependencyGeneratePcm arm64 /Users/runner/work/xiaodi/xiaodi/build/ModuleCache.noindex/_Builtin_stdarg-AIDB2X81W8036S6629SXUMZ98.pcm

SwiftExplicitDependencyGeneratePcm arm64 /Users/runner/work/xiaodi/xiaodi/build/ModuleCache.noindex/DeveloperToolsSupport-BTD1Y92WRYHVNODOZLHF7DKJH.pcm

SwiftExplicitDependencyGeneratePcm arm64 /Users/runner/work/xiaodi/xiaodi/build/ModuleCache.noindex/_SwiftConcurrencyShims-1UXHULEYWAY3R01UVW23DDYX7.pcm

SwiftExplicitDependencyGeneratePcm arm64 /Users/runner/work/xiaodi/xiaodi/build/ModuleCache.noindex/_Builtin_float-1H1IYZR67445DXQAO1AFO5W8Q.pcm

SwiftExplicitDependencyGeneratePcm arm64 /Users/runner/work/xiaodi/xiaodi/build/ModuleCache.noindex/_Builtin_stddef-2L0SAIBU3H5JM8CBN3ZCHXUHN.pcm

SwiftExplicitDependencyGeneratePcm arm64 /Users/runner/work/xiaodi/xiaodi/build/ModuleCache.noindex/SwiftShims-41TNS5OBTUSIPCW2QQU8OQJEQ.pcm

SwiftExplicitDependencyGeneratePcm arm64 /Users/runner/work/xiaodi/xiaodi/build/ModuleCache.noindex/_Builtin_stdbool-UBX26UNH0IZGS24B3388YSL6.pcm

SwiftExplicitDependencyGeneratePcm arm64 /Users/runner/work/xiaodi/xiaodi/build/ModuleCache.noindex/_AvailabilityInternal-64MHE0IBF0J7QHID80Q1OPJW2.pcm

SwiftExplicitDependencyGeneratePcm arm64 /Users/runner/work/xiaodi/xiaodi/build/ModuleCache.noindex/_DarwinFoundation2-2RDPPD68YMVSO5TWHFYUKU2SY.pcm

SwiftExplicitDependencyGeneratePcm arm64 /Users/runner/work/xiaodi/xiaodi/build/ModuleCache.noindex/_Builtin_limits-DD1A359YDXALQQS89BMRRGRWW.pcm

SwiftExplicitDependencyGeneratePcm arm64 /Users/runner/work/xiaodi/xiaodi/build/ModuleCache.noindex/_DarwinFoundation1-E4XSQGHUVM7ISY09BJV1WPB27.pcm

PrecompileModule /Users/runner/work/xiaodi/xiaodi/build/Build/Intermediates.noindex/ExplicitPrecompiledModules/ptrcheck-99J3MMRQASBWW2LUGJBDXAMAN.scan
    cd /
    builtin-precompileModule /Users/runner/work/xiaodi/xiaodi/build/Build/Intermediates.noindex/ExplicitPrecompiledModules/ptrcheck-99J3MMRQASBWW2LUGJBDXAMAN.scan

SwiftExplicitDependencyGeneratePcm arm64 /Users/runner/work/xiaodi/xiaodi/build/ModuleCache.noindex/_Builtin_stdint-7V0N4CQIR3DMYS1K9UKMLYKDU.pcm

SwiftExplicitDependencyGeneratePcm arm64 /Users/runner/work/xiaodi/xiaodi/build/ModuleCache.noindex/_Builtin_tgmath-EE1CCFNDGPHSRNM8K6UBYG1X5.pcm

SwiftExplicitDependencyGeneratePcm arm64 /Users/runner/work/xiaodi/xiaodi/build/ModuleCache.noindex/_DarwinFoundation2-9SUQ9BDMWAEI72RRXBR5AJYML.pcm

SwiftExplicitDependencyGeneratePcm arm64 /Users/runner/work/xiaodi/xiaodi/build/ModuleCache.noindex/_DarwinFoundation3-9G8Y7Y5U1L5XLXTFEU1YYQ5BF.pcm

SwiftExplicitDependencyGeneratePcm arm64 /Users/runner/work/xiaodi/xiaodi/build/ModuleCache.noindex/_Builtin_stdatomic-8U90IJPSLIXQ7MB00OSATTDGB.pcm

SwiftExplicitDependencyGeneratePcm arm64 /Users/runner/work/xiaodi/xiaodi/build/ModuleCache.noindex/_Builtin_stdint-BU146C580WWIP552SEA27YQJC.pcm

SwiftExplicitDependencyGeneratePcm arm64 /Users/runner/work/xiaodi/xiaodi/build/ModuleCache.noindex/_Builtin_tgmath-EB1LZOA3ZHL51MMG7O75JBW0G.pcm

SwiftExplicitDependencyGeneratePcm arm64 /Users/runner/work/xiaodi/xiaodi/build/ModuleCache.noindex/_Builtin_inttypes-4YVGEN9W4FF12DZ7OPIHV3ZJF.pcm

SwiftExplicitDependencyGeneratePcm arm64 /Users/runner/work/xiaodi/xiaodi/build/ModuleCache.noindex/_Builtin_intrinsics-2L30EEUYYQ4VKXQICSOL9XAJF.pcm

SwiftExplicitDependencyGeneratePcm arm64 /Users/runner/work/xiaodi/xiaodi/build/ModuleCache.noindex/_Builtin_intrinsics-BYCBHG61VFWAGCQ44FKHYEET4.pcm

SwiftExplicitDependencyGeneratePcm arm64 /Users/runner/work/xiaodi/xiaodi/build/ModuleCache.noindex/_Builtin_limits-84ONC5BW2LA2JCSQ03BKVYR0F.pcm

SwiftExplicitDependencyGeneratePcm arm64 /Users/runner/work/xiaodi/xiaodi/build/ModuleCache.noindex/simd-2LLWTBR0V30EXUPX54O19KOG2.pcm

SwiftExplicitDependencyGeneratePcm arm64 /Users/runner/work/xiaodi/xiaodi/build/ModuleCache.noindex/simd-890KZK30V556HCFHZN5YCTB5.pcm

SwiftExplicitDependencyGeneratePcm arm64 /Users/runner/work/xiaodi/xiaodi/build/ModuleCache.noindex/_DarwinFoundation3-49U21N0S1EYBZDLIJHJOCXB12.pcm

SwiftExplicitDependencyGeneratePcm arm64 /Users/runner/work/xiaodi/xiaodi/build/ModuleCache.noindex/_Builtin_stdatomic-9M5Q55XKUWFJFYEA6VT0BU7Y7.pcm

SwiftExplicitDependencyGeneratePcm arm64 /Users/runner/work/xiaodi/xiaodi/build/ModuleCache.noindex/Spatial-BAVAF59DM3P8WCCZ4DE10C4JE.pcm

SwiftExplicitDependencyGeneratePcm arm64 /Users/runner/work/xiaodi/xiaodi/build/ModuleCache.noindex/_Builtin_inttypes-1S9Z0EJT08DN2JZHB8R5879N0.pcm

SwiftExplicitDependencyGeneratePcm arm64 /Users/runner/work/xiaodi/xiaodi/build/ModuleCache.noindex/sys_types-BUIM6D4T2724AEZ87HPC722EY.pcm

SwiftExplicitDependencyGeneratePcm arm64 /Users/runner/work/xiaodi/xiaodi/build/ModuleCache.noindex/Darwin-RX7I6VPF52WHP9MI1F8S0AIG.pcm

SwiftExplicitDependencyGeneratePcm arm64 /Users/runner/work/xiaodi/xiaodi/build/ModuleCache.noindex/Darwin-ERNHHZ6PZNEFE0BR612CMQ38P.pcm

SwiftExplicitDependencyGeneratePcm arm64 /Users/runner/work/xiaodi/xiaodi/build/ModuleCache.noindex/ExtensionFoundation-EDFEZS9IPN4HYVL6GRIMUWC5R.pcm

SwiftExplicitDependencyGeneratePcm arm64 /Users/runner/work/xiaodi/xiaodi/build/ModuleCache.noindex/ObjectiveC-5T1N1TJ9TDVOJR9ZNX7AHOPO1.pcm

SwiftExplicitDependencyGeneratePcm arm64 /Users/runner/work/xiaodi/xiaodi/build/ModuleCache.noindex/MachO-DDP3CPIR84NWIO8KYO6GZGB3I.pcm

SwiftExplicitDependencyGeneratePcm arm64 /Users/runner/work/xiaodi/xiaodi/build/ModuleCache.noindex/os_object-81F2L4H340G4LFO5JJ42DW4AF.pcm

SwiftExplicitDependencyGeneratePcm arm64 /Users/runner/work/xiaodi/xiaodi/build/ModuleCache.noindex/MachO-9TMLGWALCEMC7A6LZ6AY92AMD.pcm

SwiftExplicitDependencyGeneratePcm arm64 /Users/runner/work/xiaodi/xiaodi/build/ModuleCache.noindex/os_workgroup-F2SWTTS09YGPUIVS0541M3OL6.pcm

SwiftExplicitDependencyGeneratePcm arm64 /Users/runner/work/xiaodi/xiaodi/build/ModuleCache.noindex/sys_types-1MC1XI6MLBN23U5NTWV9PZNPD.pcm

SwiftExplicitDependencyGeneratePcm arm64 /Users/runner/work/xiaodi/xiaodi/build/ModuleCache.noindex/Dispatch-15PFBDQ07LSVCKW77RHRDM5NV.pcm

SwiftExplicitDependencyGeneratePcm arm64 /Users/runner/work/xiaodi/xiaodi/build/ModuleCache.noindex/ObjectiveC-1LP8W759DVKRMT2VO0XVVMXE1.pcm

SwiftExplicitDependencyGeneratePcm arm64 /Users/runner/work/xiaodi/xiaodi/build/ModuleCache.noindex/Spatial-A200DEI56RC9BC7X0Q5EXFWML.pcm

SwiftExplicitDependencyGeneratePcm arm64 /Users/runner/work/xiaodi/xiaodi/build/ModuleCache.noindex/os_object-6IRIPOIKMJO0X3J9K52WJ2G1J.pcm

SwiftExplicitDependencyGeneratePcm arm64 /Users/runner/work/xiaodi/xiaodi/build/ModuleCache.noindex/CoreFoundation-1GF62WAI0TK0ATD9YMZ4DO6JX.pcm

SwiftExplicitDependencyGeneratePcm arm64 /Users/runner/work/xiaodi/xiaodi/build/ModuleCache.noindex/os_workgroup-86XIIA7ZEI9KB4XQ7KUUOLM1V.pcm

SwiftExplicitDependencyGeneratePcm arm64 /Users/runner/work/xiaodi/xiaodi/build/ModuleCache.noindex/dnssd-5E908Q5KXGCBUFAHQMFVPZ2WE.pcm

SwiftExplicitDependencyGeneratePcm arm64 /Users/runner/work/xiaodi/xiaodi/build/ModuleCache.noindex/Security-63I7YIRKY6HJRZVRV57LFQRXN.pcm

SwiftExplicitDependencyGeneratePcm arm64 /Users/runner/work/xiaodi/xiaodi/build/ModuleCache.noindex/CoreGraphics-9R3ICUDB1P3QLF7PLQZTHX2HY.pcm

SwiftExplicitDependencyGeneratePcm arm64 /Users/runner/work/xiaodi/xiaodi/build/ModuleCache.noindex/Dispatch-DBPSPJNBPPEAXED1KOMPV4YJ.pcm

SwiftExplicitDependencyGeneratePcm arm64 /Users/runner/work/xiaodi/xiaodi/build/ModuleCache.noindex/XPC-ENIC46LAOBXI36SDZ6X2QQYSE.pcm

SwiftExplicitDependencyGeneratePcm arm64 /Users/runner/work/xiaodi/xiaodi/build/ModuleCache.noindex/ImageIO-YT9PRGW6OTI4M8U9BOVPRME3.pcm

SwiftExplicitDependencyGeneratePcm arm64 /Users/runner/work/xiaodi/xiaodi/build/ModuleCache.noindex/XPC-2MLK2DH7A5RXD2XHRYESUBEXT.pcm

SwiftExplicitDependencyGeneratePcm arm64 /Users/runner/work/xiaodi/xiaodi/build/ModuleCache.noindex/CoreText-ACQ451RV0C5NIU1GU7DJBSTCU.pcm

SwiftExplicitDependencyGeneratePcm arm64 /Users/runner/work/xiaodi/xiaodi/build/ModuleCache.noindex/os-D5KHFR73WRZROBHUWE04ESVEC.pcm

SwiftExplicitDependencyGeneratePcm arm64 /Users/runner/work/xiaodi/xiaodi/build/ModuleCache.noindex/CoreFoundation-6F8REXHEMUSYQAMGX1X5K1PKP.pcm

SwiftExplicitDependencyGeneratePcm arm64 /Users/runner/work/xiaodi/xiaodi/build/ModuleCache.noindex/CFNetwork-AZ5LRUV4VDY54VMC5MHM6EBEU.pcm

SwiftExplicitDependencyGeneratePcm arm64 /Users/runner/work/xiaodi/xiaodi/build/ModuleCache.noindex/os-3VAZZYA6J6PTQOP27OZA9QSHF.pcm

SwiftExplicitDependencyGeneratePcm arm64 /Users/runner/work/xiaodi/xiaodi/build/ModuleCache.noindex/Foundation-EV1U97HL7T1VG20WCMK79UAZD.pcm

PrecompileModule /Users/runner/work/xiaodi/xiaodi/build/Build/Intermediates.noindex/ExplicitPrecompiledModules/_Builtin_stddef-2IJS3MIFTX8A1L2OSHT56T5V9.scan
    cd /
    builtin-precompileModule /Users/runner/work/xiaodi/xiaodi/build/Build/Intermediates.noindex/ExplicitPrecompiledModules/_Builtin_stddef-2IJS3MIFTX8A1L2OSHT56T5V9.scan

PrecompileModule /Users/runner/work/xiaodi/xiaodi/build/Build/Intermediates.noindex/ExplicitPrecompiledModules/_AvailabilityInternal-3XD57PY8PR40PUJI0MY94PN6F.scan
    cd /
    builtin-precompileModule /Users/runner/work/xiaodi/xiaodi/build/Build/Intermediates.noindex/ExplicitPrecompiledModules/_AvailabilityInternal-3XD57PY8PR40PUJI0MY94PN6F.scan

PrecompileModule /Users/runner/work/xiaodi/xiaodi/build/Build/Intermediates.noindex/ExplicitPrecompiledModules/_Builtin_stdbool-CJJ0PHS9MJTRD2C7USP50H01M.scan
    cd /
    builtin-precompileModule /Users/runner/work/xiaodi/xiaodi/build/Build/Intermediates.noindex/ExplicitPrecompiledModules/_Builtin_stdbool-CJJ0PHS9MJTRD2C7USP50H01M.scan

SwiftExplicitDependencyGeneratePcm arm64 /Users/runner/work/xiaodi/xiaodi/build/ModuleCache.noindex/Security-F27Y06WAXOAZG2FMZ03CHHLDZ.pcm

SwiftExplicitDependencyGeneratePcm arm64 /Users/runner/work/xiaodi/xiaodi/build/ModuleCache.noindex/CFNetwork-486LYJJ5TRZBE9C5K2COMZD6P.pcm

SwiftExplicitDependencyGeneratePcm arm64 /Users/runner/work/xiaodi/xiaodi/build/ModuleCache.noindex/CoreGraphics-C8TS6K8U3Y2L0VOYXGI8ZNI4N.pcm

PrecompileModule /Users/runner/work/xiaodi/xiaodi/build/Build/Intermediates.noindex/ExplicitPrecompiledModules/_DarwinFoundation1-EEX8PF4JG1QW1EI2ER6MAO86O.scan
    cd /
    builtin-precompileModule /Users/runner/work/xiaodi/xiaodi/build/Build/Intermediates.noindex/ExplicitPrecompiledModules/_DarwinFoundation1-EEX8PF4JG1QW1EI2ER6MAO86O.scan

SwiftExplicitDependencyGeneratePcm arm64 /Users/runner/work/xiaodi/xiaodi/build/ModuleCache.noindex/Foundation-6ENLXAXZBN531KGP7G8YUOL16.pcm

SwiftExplicitDependencyGeneratePcm arm64 /Users/runner/work/xiaodi/xiaodi/build/ModuleCache.noindex/CoreText-DN2I3UA81PP6OLUJWUF1M1VCB.pcm

SwiftExplicitDependencyGeneratePcm arm64 /Users/runner/work/xiaodi/xiaodi/build/ModuleCache.noindex/ImageIO-5RIJ4WS7CRNMCBRM5H2HH97AR.pcm

PrecompileModule /Users/runner/work/xiaodi/xiaodi/build/Build/Intermediates.noindex/ExplicitPrecompiledModules/_DarwinFoundation2-888J18A6MONAF06QCB87MCTR6.scan
    cd /
    builtin-precompileModule /Users/runner/work/xiaodi/xiaodi/build/Build/Intermediates.noindex/ExplicitPrecompiledModules/_DarwinFoundation2-888J18A6MONAF06QCB87MCTR6.scan

SwiftExplicitDependencyGeneratePcm arm64 /Users/runner/work/xiaodi/xiaodi/build/ModuleCache.noindex/DataDetection-CIX4UGDOMN0ZL5D8YBUP795Q1.pcm

SwiftExplicitDependencyGeneratePcm arm64 /Users/runner/work/xiaodi/xiaodi/build/ModuleCache.noindex/OSLog-DHH2593MA6TSC8HBX1TE0SJ9D.pcm

SwiftExplicitDependencyGeneratePcm arm64 /Users/runner/work/xiaodi/xiaodi/build/ModuleCache.noindex/WidgetKit-2TUIZEIRCNHY1TLI6YXPDNC6W.pcm

SwiftExplicitDependencyGeneratePcm arm64 /Users/runner/work/xiaodi/xiaodi/build/ModuleCache.noindex/Symbols-1PICV7FKITCMSMLTBRI9CG8RJ.pcm

SwiftExplicitDependencyGeneratePcm arm64 /Users/runner/work/xiaodi/xiaodi/build/ModuleCache.noindex/IOSurface-8R40LWEROCO2CCR5HY9ZTUFML.pcm

SwiftExplicitDependencyGeneratePcm arm64 /Users/runner/work/xiaodi/xiaodi/build/ModuleCache.noindex/UIUtilities-2I1JT195BFYV7JOLBLC60ABTD.pcm

SwiftExplicitDependencyGeneratePcm arm64 /Users/runner/work/xiaodi/xiaodi/build/ModuleCache.noindex/CoreData-8QR59O6QZLPT95ETL7L56BA67.pcm

SwiftExplicitDependencyGeneratePcm arm64 /Users/runner/work/xiaodi/xiaodi/build/ModuleCache.noindex/RelevanceKit-4DWF2H0RBFPH30W7MAWIEN048.pcm

SwiftExplicitDependencyGeneratePcm arm64 /Users/runner/work/xiaodi/xiaodi/build/ModuleCache.noindex/UserNotifications-BGO6UR4E5OQRZKL03GPRMGCYX.pcm

SwiftExplicitDependencyGeneratePcm arm64 /Users/runner/work/xiaodi/xiaodi/build/ModuleCache.noindex/OSLog-4YK9UZWKWHD4B8Y3WGXNVVCWC.pcm

SwiftExplicitDependencyGeneratePcm arm64 /Users/runner/work/xiaodi/xiaodi/build/ModuleCache.noindex/Network-1N96PGP5OKX1F2J4J7GKM7RXF.pcm

SwiftExplicitDependencyGeneratePcm arm64 /Users/runner/work/xiaodi/xiaodi/build/ModuleCache.noindex/UserNotifications-EGGHI60179DQZ2A3OBOM98P24.pcm

SwiftExplicitDependencyGeneratePcm arm64 /Users/runner/work/xiaodi/xiaodi/build/ModuleCache.noindex/FileProvider-8WFM1MZ54GLU2PK88GB90U8HS.pcm

SwiftExplicitDependencyGeneratePcm arm64 /Users/runner/work/xiaodi/xiaodi/build/ModuleCache.noindex/CoreTransferable-7BM9DDH4I55JPPB3M9HQ4C6FS.pcm

SwiftExplicitDependencyGeneratePcm arm64 /Users/runner/work/xiaodi/xiaodi/build/ModuleCache.noindex/OpenGLES-7F5K2PFHMDN8KNM52IHS2T6Q0.pcm

SwiftExplicitDependencyGeneratePcm arm64 /Users/runner/work/xiaodi/xiaodi/build/ModuleCache.noindex/_LocationEssentials-X174BFIG3Y0SO5YMN0W7QEKS.pcm

SwiftExplicitDependencyGeneratePcm arm64 /Users/runner/work/xiaodi/xiaodi/build/ModuleCache.noindex/Accessibility-99KWKP3KCJ7X79BB04H0FVG8I.pcm

SwiftExplicitDependencyGeneratePcm arm64 /Users/runner/work/xiaodi/xiaodi/build/ModuleCache.noindex/AppIntents-WNEXPZWS4PBQXOU4OOX1EH3K.pcm

SwiftExplicitDependencyGeneratePcm arm64 /Users/runner/work/xiaodi/xiaodi/build/ModuleCache.noindex/CoreLocation-5YVR6GR7IEOT21INMCIXB2WG0.pcm

SwiftExplicitDependencyGeneratePcm arm64 /Users/runner/work/xiaodi/xiaodi/build/ModuleCache.noindex/DataDetection-7GWFFGJALU4OTYU7AD0Y768RF.pcm

SwiftExplicitDependencyGeneratePcm arm64 /Users/runner/work/xiaodi/xiaodi/build/ModuleCache.noindex/Accessibility-DXQKAWL0HZKASCAKFOQ3YBG2P.pcm

SwiftExplicitDependencyGeneratePcm arm64 /Users/runner/work/xiaodi/xiaodi/build/ModuleCache.noindex/Metal-4TDKVQW7XKKZ9E2YHKYYUV3T5.pcm

SwiftExplicitDependencyGeneratePcm arm64 /Users/runner/work/xiaodi/xiaodi/build/ModuleCache.noindex/CoreData-9IYYBT6J0AOXTT5LIFEJ7D9J9.pcm

SwiftExplicitDependencyGeneratePcm arm64 /Users/runner/work/xiaodi/xiaodi/build/ModuleCache.noindex/FileProvider-SVP7088JIPQ9PIDMW3XPB0MB.pcm

SwiftExplicitDependencyGeneratePcm arm64 /Users/runner/work/xiaodi/xiaodi/build/ModuleCache.noindex/UIUtilities-DHFNYGO9814KPWE9CCL13ZGD3.pcm

SwiftExplicitDependencyGeneratePcm arm64 /Users/runner/work/xiaodi/xiaodi/build/ModuleCache.noindex/Intents-EJH9VA1AYBTKZXD9DWP1AG01F.pcm

SwiftExplicitDependencyGeneratePcm arm64 /Users/runner/work/xiaodi/xiaodi/build/ModuleCache.noindex/IOSurface-C38UIUGJWCQ55FK0WCEZEHA9U.pcm

SwiftExplicitDependencyGeneratePcm arm64 /Users/runner/work/xiaodi/xiaodi/build/ModuleCache.noindex/UniformTypeIdentifiers-6Y4F0OI1K2FX10ZDNRFWCRFI9.pcm

SwiftExplicitDependencyGeneratePcm arm64 /Users/runner/work/xiaodi/xiaodi/build/ModuleCache.noindex/CoreVideo-3HE31YJZA1QRIO955JXFZ3MZO.pcm

SwiftExplicitDependencyGeneratePcm arm64 /Users/runner/work/xiaodi/xiaodi/build/ModuleCache.noindex/OpenGLES-E87RLDACZOBEYGW0RISHE6Y1P.pcm

SwiftExplicitDependencyGeneratePcm arm64 /Users/runner/work/xiaodi/xiaodi/build/ModuleCache.noindex/Metal-864DLFTI2CO0ORJPVWT6B1KOJ.pcm

SwiftExplicitDependencyGeneratePcm arm64 /Users/runner/work/xiaodi/xiaodi/build/ModuleCache.noindex/CoreImage-A5904JLAFYGJIVLE3XT1XCY6Y.pcm

SwiftExplicitDependencyGeneratePcm arm64 /Users/runner/work/xiaodi/xiaodi/build/ModuleCache.noindex/QuartzCore-12WICPLLK9GEV3VHHOJAFVB79.pcm

SwiftExplicitDependencyGeneratePcm arm64 /Users/runner/work/xiaodi/xiaodi/build/ModuleCache.noindex/CoreTransferable-XS3A8VADQATP5BDX34AYHOUZ.pcm

SwiftExplicitDependencyGeneratePcm arm64 /Users/runner/work/xiaodi/xiaodi/build/ModuleCache.noindex/SwiftUICore-88SJN9ZIPVPYREMP1DME72NN4.pcm

SwiftExplicitDependencyGeneratePcm arm64 /Users/runner/work/xiaodi/xiaodi/build/ModuleCache.noindex/CoreVideo-436I648NZY5587HK55GZOBRAJ.pcm

SwiftExplicitDependencyGeneratePcm arm64 /Users/runner/work/xiaodi/xiaodi/build/ModuleCache.noindex/UIKit-OILA58NFYL2MUKV1ZXWBUXQY.pcm

SwiftExplicitDependencyGeneratePcm arm64 /Users/runner/work/xiaodi/xiaodi/build/ModuleCache.noindex/Symbols-13802VFL3Q7RT22XJ36L98H13.pcm

SwiftExplicitDependencyGeneratePcm arm64 /Users/runner/work/xiaodi/xiaodi/build/ModuleCache.noindex/UniformTypeIdentifiers-3N89F92JFJ759X5EWSDRO67BI.pcm

SwiftExplicitDependencyGeneratePcm arm64 /Users/runner/work/xiaodi/xiaodi/build/ModuleCache.noindex/CoreImage-CQWVKWHHBLJG7XG3GBRJ3ZZPR.pcm

SwiftExplicitDependencyGeneratePcm arm64 /Users/runner/work/xiaodi/xiaodi/build/ModuleCache.noindex/QuartzCore-F61AITTI4SA361A8ZYWY12GO.pcm

SwiftExplicitDependencyGeneratePcm arm64 /Users/runner/work/xiaodi/xiaodi/build/ModuleCache.noindex/CoreSpotlight-6HUMZCW52X9PSI0OJXVRL2WQT.pcm

PrecompileModule /Users/runner/work/xiaodi/xiaodi/build/Build/Intermediates.noindex/ExplicitPrecompiledModules/_Builtin_stdint-433WR4J0P39224EPNOI9QHF9U.scan
    cd /
    builtin-precompileModule /Users/runner/work/xiaodi/xiaodi/build/Build/Intermediates.noindex/ExplicitPrecompiledModules/_Builtin_stdint-433WR4J0P39224EPNOI9QHF9U.scan

SwiftExplicitDependencyGeneratePcm arm64 /Users/runner/work/xiaodi/xiaodi/build/ModuleCache.noindex/SwiftUICore-1F49XM9VSAW3C4VY5JAE35DB.pcm

SwiftExplicitDependencyGeneratePcm arm64 /Users/runner/work/xiaodi/xiaodi/build/ModuleCache.noindex/UIKit-CF53RHS5NAZF5DB4QFX85HR11.pcm

PrecompileModule /Users/runner/work/xiaodi/xiaodi/build/Build/Intermediates.noindex/ExplicitPrecompiledModules/_DarwinFoundation3-2Z2S88E5IRFHYJTQKBBUC0CJS.scan
    cd /
    builtin-precompileModule /Users/runner/work/xiaodi/xiaodi/build/Build/Intermediates.noindex/ExplicitPrecompiledModules/_DarwinFoundation3-2Z2S88E5IRFHYJTQKBBUC0CJS.scan

PrecompileModule /Users/runner/work/xiaodi/xiaodi/build/Build/Intermediates.noindex/ExplicitPrecompiledModules/_Builtin_limits-CYICL9N9IXJNN68CWI1RWMQ0.scan
    cd /
    builtin-precompileModule /Users/runner/work/xiaodi/xiaodi/build/Build/Intermediates.noindex/ExplicitPrecompiledModules/_Builtin_limits-CYICL9N9IXJNN68CWI1RWMQ0.scan

ScanDependencies /Users/runner/work/xiaodi/xiaodi/build/Build/Intermediates.noindex/cmark-gfm.build/Release-iphoneos/cmark-gfm-extensions.build/Objects-normal/arm64/tagfilter.o /Users/runner/work/xiaodi/xiaodi/build/SourcePackages/checkouts/swift-cmark/extensions/tagfilter.c normal arm64 c com.apple.compilers.llvm.clang.1_0.compiler (in target 'cmark-gfm-extensions' from project 'cmark-gfm')
    cd /Users/runner/work/xiaodi/xiaodi/DeepSeekHarnessMobile.xcodeproj
    
    Using response file: /Users/runner/work/xiaodi/xiaodi/build/Build/Intermediates.noindex/cmark-gfm.build/Release-iphoneos/cmark-gfm-extensions.build/Objects-normal/arm64/7187679823f38a2a940e0043cdf9d637-common-args.resp
    
    builtin-ScanDependencies -o /Users/runner/work/xiaodi/xiaodi/build/Build/Intermediates.noindex/cmark-gfm.build/Release-iphoneos/cmark-gfm-extensions.build/Objects-normal/arm64/tagfilter.o.scan -- /Applications/Xcode_26.3.app/Contents/Developer/Toolchains/XcodeDefault.xctoolchain/usr/bin/clang -x c -ivfsstatcache /Users/runner/work/xiaodi/xiaodi/build/SDKStatCaches.noindex/iphoneos26.2-23C57-dc75598d0054f22ec865fa860f139d722dd23b4ebda140f7210d155ff1243552.sdkstatcache -fmessage-length\=0 -fdiagnostics-show-note-include-stack -fmacro-backtrace-limit\=0 -fno-color-diagnostics -fmodules-prune-interval\=86400 -fmodules-prune-after\=345600 -fbuild-session-file\=/Users/runner/work/xiaodi/xiaodi/build/ModuleCache.noindex/Session.modulevalidation -fmodules-validate-once-per-build-session -Wnon-modular-include-in-framework-module -Werror\=non-modular-include-in-framework-module -Wno-trigraphs -Wno-missing-field-initializers -Wno-missing-prototypes -Wno-return-type -Wno-missing-braces -Wparentheses -Wswitch -Wno-unused-function -Wno-unused-label -Wno-unused-parameter -Wno-unused-variable -Wunused-value -Wno-empty-body -Wno-uninitialized -Wno-unknown-pragmas -w -Wno-shadow -Wno-four-char-constants -Wno-conversion -Wno-constant-conversion -Wno-int-conversion -Wno-bool-conversion -Wno-enum-conversion -Wno-float-conversion -Wno-non-literal-null-conversion -Wno-objc-literal-conversion -Wshorten-64-to-32 -Wpointer-sign -Wno-newline-eof -Wno-implicit-fallthrough -fstrict-aliasing -Wdeprecated-declarations -Wno-sign-conversion -Wno-infinite-recursion -Wno-comma -Wno-block-capture-autoreleasing -Wno-strict-prototypes -Wno-semicolon-before-method-body @/Users/runner/work/xiaodi/xiaodi/build/Build/Intermediates.noindex/cmark-gfm.build/Release-iphoneos/cmark-gfm-extensions.build/Objects-normal/arm64/7187679823f38a2a940e0043cdf9d637-common-args.resp -MMD -MT dependencies -MF /Users/runner/work/xiaodi/xiaodi/build/Build/Intermediates.noindex/cmark-gfm.build/Release-iphoneos/cmark-gfm-extensions.build/Objects-normal/arm64/tagfilter.d --serialize-diagnostics /Users/runner/work/xiaodi/xiaodi/build/Build/Intermediates.noindex/cmark-gfm.build/Release-iphoneos/cmark-gfm-extensions.build/Objects-normal/arm64/tagfilter.dia -c /Users/runner/work/xiaodi/xiaodi/build/SourcePackages/checkouts/swift-cmark/extensions/tagfilter.c -o /Users/runner/work/xiaodi/xiaodi/build/Build/Intermediates.noindex/cmark-gfm.build/Release-iphoneos/cmark-gfm-extensions.build/Objects-normal/arm64/tagfilter.o

PrecompileModule /Users/runner/work/xiaodi/xiaodi/build/Build/Intermediates.noindex/ExplicitPrecompiledModules/cmark_gfm-EDT5JCGGJ0BB6OGYLRYXQTDQA.scan
    cd /
    builtin-precompileModule /Users/runner/work/xiaodi/xiaodi/build/Build/Intermediates.noindex/ExplicitPrecompiledModules/cmark_gfm-EDT5JCGGJ0BB6OGYLRYXQTDQA.scan

ScanDependencies /Users/runner/work/xiaodi/xiaodi/build/Build/Intermediates.noindex/cmark-gfm.build/Release-iphoneos/cmark-gfm-extensions.build/Objects-normal/arm64/table.o /Users/runner/work/xiaodi/xiaodi/build/SourcePackages/checkouts/swift-cmark/extensions/table.c normal arm64 c com.apple.compilers.llvm.clang.1_0.compiler (in target 'cmark-gfm-extensions' from project 'cmark-gfm')
    cd /Users/runner/work/xiaodi/xiaodi/DeepSeekHarnessMobile.xcodeproj
    
    Using response file: /Users/runner/work/xiaodi/xiaodi/build/Build/Intermediates.noindex/cmark-gfm.build/Release-iphoneos/cmark-gfm-extensions.build/Objects-normal/arm64/7187679823f38a2a940e0043cdf9d637-common-args.resp
    
    builtin-ScanDependencies -o /Users/runner/work/xiaodi/xiaodi/build/Build/Intermediates.noindex/cmark-gfm.build/Release-iphoneos/cmark-gfm-extensions.build/Objects-normal/arm64/table.o.scan -- /Applications/Xcode_26.3.app/Contents/Developer/Toolchains/XcodeDefault.xctoolchain/usr/bin/clang -x c -ivfsstatcache /Users/runner/work/xiaodi/xiaodi/build/SDKStatCaches.noindex/iphoneos26.2-23C57-dc75598d0054f22ec865fa860f139d722dd23b4ebda140f7210d155ff1243552.sdkstatcache -fmessage-length\=0 -fdiagnostics-show-note-include-stack -fmacro-backtrace-limit\=0 -fno-color-diagnostics -fmodules-prune-interval\=86400 -fmodules-prune-after\=345600 -fbuild-session-file\=/Users/runner/work/xiaodi/xiaodi/build/ModuleCache.noindex/Session.modulevalidation -fmodules-validate-once-per-build-session -Wnon-modular-include-in-framework-module -Werror\=non-modular-include-in-framework-module -Wno-trigraphs -Wno-missing-field-initializers -Wno-missing-prototypes -Wno-return-type -Wno-missing-braces -Wparentheses -Wswitch -Wno-unused-function -Wno-unused-label -Wno-unused-parameter -Wno-unused-variable -Wunused-value -Wno-empty-body -Wno-uninitialized -Wno-unknown-pragmas -w -Wno-shadow -Wno-four-char-constants -Wno-conversion -Wno-constant-conversion -Wno-int-conversion -Wno-bool-conversion -Wno-enum-conversion -Wno-float-conversion -Wno-non-literal-null-conversion -Wno-objc-literal-conversion -Wshorten-64-to-32 -Wpointer-sign -Wno-newline-eof -Wno-implicit-fallthrough -fstrict-aliasing -Wdeprecated-declarations -Wno-sign-conversion -Wno-infinite-recursion -Wno-comma -Wno-block-capture-autoreleasing -Wno-strict-prototypes -Wno-semicolon-before-method-body @/Users/runner/work/xiaodi/xiaodi/build/Build/Intermediates.noindex/cmark-gfm.build/Release-iphoneos/cmark-gfm-extensions.build/Objects-normal/arm64/7187679823f38a2a940e0043cdf9d637-common-args.resp -MMD -MT dependencies -MF /Users/runner/work/xiaodi/xiaodi/build/Build/Intermediates.noindex/cmark-gfm.build/Release-iphoneos/cmark-gfm-extensions.build/Objects-normal/arm64/table.d --serialize-diagnostics /Users/runner/work/xiaodi/xiaodi/build/Build/Intermediates.noindex/cmark-gfm.build/Release-iphoneos/cmark-gfm-extensions.build/Objects-normal/arm64/table.dia -c /Users/runner/work/xiaodi/xiaodi/build/SourcePackages/checkouts/swift-cmark/extensions/table.c -o /Users/runner/work/xiaodi/xiaodi/build/Build/Intermediates.noindex/cmark-gfm.build/Release-iphoneos/cmark-gfm-extensions.build/Objects-normal/arm64/table.o

CompileC /Users/runner/work/xiaodi/xiaodi/build/Build/Intermediates.noindex/cmark-gfm.build/Release-iphoneos/cmark-gfm-extensions.build/Objects-normal/arm64/tasklist.o /Users/runner/work/xiaodi/xiaodi/build/SourcePackages/checkouts/swift-cmark/extensions/tasklist.c normal arm64 c com.apple.compilers.llvm.clang.1_0.compiler (in target 'cmark-gfm-extensions' from project 'cmark-gfm')
    cd /Users/runner/work/xiaodi/xiaodi/DeepSeekHarnessMobile.xcodeproj
    
    Using response file: /Users/runner/work/xiaodi/xiaodi/build/Build/Intermediates.noindex/cmark-gfm.build/Release-iphoneos/cmark-gfm-extensions.build/Objects-normal/arm64/7187679823f38a2a940e0043cdf9d637-common-args.resp
    
    /Applications/Xcode_26.3.app/Contents/Developer/Toolchains/XcodeDefault.xctoolchain/usr/bin/clang -x c -ivfsstatcache /Users/runner/work/xiaodi/xiaodi/build/SDKStatCaches.noindex/iphoneos26.2-23C57-dc75598d0054f22ec865fa860f139d722dd23b4ebda140f7210d155ff1243552.sdkstatcache -fmessage-length\=0 -fdiagnostics-show-note-include-stack -fmacro-backtrace-limit\=0 -fno-color-diagnostics -fmodules-prune-interval\=86400 -fmodules-prune-after\=345600 -fbuild-session-file\=/Users/runner/work/xiaodi/xiaodi/build/ModuleCache.noindex/Session.modulevalidation -fmodules-validate-once-per-build-session -Wnon-modular-include-in-framework-module -Werror\=non-modular-include-in-framework-module -Wno-trigraphs -Wno-missing-field-initializers -Wno-missing-prototypes -Wno-return-type -Wno-missing-braces -Wparentheses -Wswitch -Wno-unused-function -Wno-unused-label -Wno-unused-parameter -Wno-unused-variable -Wunused-value -Wno-empty-body -Wno-uninitialized -Wno-unknown-pragmas -w -Wno-shadow -Wno-four-char-constants -Wno-conversion -Wno-constant-conversion -Wno-int-conversion -Wno-bool-conversion -Wno-enum-conversion -Wno-float-conversion -Wno-non-literal-null-conversion -Wno-objc-literal-conversion -Wshorten-64-to-32 -Wpointer-sign -Wno-newline-eof -Wno-implicit-fallthrough -fstrict-aliasing -Wdeprecated-declarations -Wno-sign-conversion -Wno-infinite-recursion -Wno-comma -Wno-block-capture-autoreleasing -Wno-strict-prototypes -Wno-semicolon-before-method-body @/Users/runner/work/xiaodi/xiaodi/build/Build/Intermediates.noindex/cmark-gfm.build/Release-iphoneos/cmark-gfm-extensions.build/Objects-normal/arm64/7187679823f38a2a940e0043cdf9d637-common-args.resp -MMD -MT dependencies -MF /Users/runner/work/xiaodi/xiaodi/build/Build/Intermediates.noindex/cmark-gfm.build/Release-iphoneos/cmark-gfm-extensions.build/Objects-normal/arm64/tasklist.d --serialize-diagnostics /Users/runner/work/xiaodi/xiaodi/build/Build/Intermediates.noindex/cmark-gfm.build/Release-iphoneos/cmark-gfm-extensions.build/Objects-normal/arm64/tasklist.dia -c /Users/runner/work/xiaodi/xiaodi/build/SourcePackages/checkouts/swift-cmark/extensions/tasklist.c -o /Users/runner/work/xiaodi/xiaodi/build/Build/Intermediates.noindex/cmark-gfm.build/Release-iphoneos/cmark-gfm-extensions.build/Objects-normal/arm64/tasklist.o

CompileC /Users/runner/work/xiaodi/xiaodi/build/Build/Intermediates.noindex/cmark-gfm.build/Release-iphoneos/cmark-gfm-extensions.build/Objects-normal/arm64/tagfilter.o /Users/runner/work/xiaodi/xiaodi/build/SourcePackages/checkouts/swift-cmark/extensions/tagfilter.c normal arm64 c com.apple.compilers.llvm.clang.1_0.compiler (in target 'cmark-gfm-extensions' from project 'cmark-gfm')
    cd /Users/runner/work/xiaodi/xiaodi/DeepSeekHarnessMobile.xcodeproj
    
    Using response file: /Users/runner/work/xiaodi/xiaodi/build/Build/Intermediates.noindex/cmark-gfm.build/Release-iphoneos/cmark-gfm-extensions.build/Objects-normal/arm64/7187679823f38a2a940e0043cdf9d637-common-args.resp
    
    /Applications/Xcode_26.3.app/Contents/Developer/Toolchains/XcodeDefault.xctoolchain/usr/bin/clang -x c -ivfsstatcache /Users/runner/work/xiaodi/xiaodi/build/SDKStatCaches.noindex/iphoneos26.2-23C57-dc75598d0054f22ec865fa860f139d722dd23b4ebda140f7210d155ff1243552.sdkstatcache -fmessage-length\=0 -fdiagnostics-show-note-include-stack -fmacro-backtrace-limit\=0 -fno-color-diagnostics -fmodules-prune-interval\=86400 -fmodules-prune-after\=345600 -fbuild-session-file\=/Users/runner/work/xiaodi/xiaodi/build/ModuleCache.noindex/Session.modulevalidation -fmodules-validate-once-per-build-session -Wnon-modular-include-in-framework-module -Werror\=non-modular-include-in-framework-module -Wno-trigraphs -Wno-missing-field-initializers -Wno-missing-prototypes -Wno-return-type -Wno-missing-braces -Wparentheses -Wswitch -Wno-unused-function -Wno-unused-label -Wno-unused-parameter -Wno-unused-variable -Wunused-value -Wno-empty-body -Wno-uninitialized -Wno-unknown-pragmas -w -Wno-shadow -Wno-four-char-constants -Wno-conversion -Wno-constant-conversion -Wno-int-conversion -Wno-bool-conversion -Wno-enum-conversion -Wno-float-conversion -Wno-non-literal-null-conversion -Wno-objc-literal-conversion -Wshorten-64-to-32 -Wpointer-sign -Wno-newline-eof -Wno-implicit-fallthrough -fstrict-aliasing -Wdeprecated-declarations -Wno-sign-conversion -Wno-infinite-recursion -Wno-comma -Wno-block-capture-autoreleasing -Wno-strict-prototypes -Wno-semicolon-before-method-body @/Users/runner/work/xiaodi/xiaodi/build/Build/Intermediates.noindex/cmark-gfm.build/Release-iphoneos/cmark-gfm-extensions.build/Objects-normal/arm64/7187679823f38a2a940e0043cdf9d637-common-args.resp -MMD -MT dependencies -MF /Users/runner/work/xiaodi/xiaodi/build/Build/Intermediates.noindex/cmark-gfm.build/Release-iphoneos/cmark-gfm-extensions.build/Objects-normal/arm64/tagfilter.d --serialize-diagnostics /Users/runner/work/xiaodi/xiaodi/build/Build/Intermediates.noindex/cmark-gfm.build/Release-iphoneos/cmark-gfm-extensions.build/Objects-normal/arm64/tagfilter.dia -c /Users/runner/work/xiaodi/xiaodi/build/SourcePackages/checkouts/swift-cmark/extensions/tagfilter.c -o /Users/runner/work/xiaodi/xiaodi/build/Build/Intermediates.noindex/cmark-gfm.build/Release-iphoneos/cmark-gfm-extensions.build/Objects-normal/arm64/tagfilter.o

CompileC /Users/runner/work/xiaodi/xiaodi/build/Build/Intermediates.noindex/cmark-gfm.build/Release-iphoneos/cmark-gfm-extensions.build/Objects-normal/arm64/table.o /Users/runner/work/xiaodi/xiaodi/build/SourcePackages/checkouts/swift-cmark/extensions/table.c normal arm64 c com.apple.compilers.llvm.clang.1_0.compiler (in target 'cmark-gfm-extensions' from project 'cmark-gfm')
    cd /Users/runner/work/xiaodi/xiaodi/DeepSeekHarnessMobile.xcodeproj
    
    Using response file: /Users/runner/work/xiaodi/xiaodi/build/Build/Intermediates.noindex/cmark-gfm.build/Release-iphoneos/cmark-gfm-extensions.build/Objects-normal/arm64/7187679823f38a2a940e0043cdf9d637-common-args.resp
    
    /Applications/Xcode_26.3.app/Contents/Developer/Toolchains/XcodeDefault.xctoolchain/usr/bin/clang -x c -ivfsstatcache /Users/runner/work/xiaodi/xiaodi/build/SDKStatCaches.noindex/iphoneos26.2-23C57-dc75598d0054f22ec865fa860f139d722dd23b4ebda140f7210d155ff1243552.sdkstatcache -fmessage-length\=0 -fdiagnostics-show-note-include-stack -fmacro-backtrace-limit\=0 -fno-color-diagnostics -fmodules-prune-interval\=86400 -fmodules-prune-after\=345600 -fbuild-session-file\=/Users/runner/work/xiaodi/xiaodi/build/ModuleCache.noindex/Session.modulevalidation -fmodules-validate-once-per-build-session -Wnon-modular-include-in-framework-module -Werror\=non-modular-include-in-framework-module -Wno-trigraphs -Wno-missing-field-initializers -Wno-missing-prototypes -Wno-return-type -Wno-missing-braces -Wparentheses -Wswitch -Wno-unused-function -Wno-unused-label -Wno-unused-parameter -Wno-unused-variable -Wunused-value -Wno-empty-body -Wno-uninitialized -Wno-unknown-pragmas -w -Wno-shadow -Wno-four-char-constants -Wno-conversion -Wno-constant-conversion -Wno-int-conversion -Wno-bool-conversion -Wno-enum-conversion -Wno-float-conversion -Wno-non-literal-null-conversion -Wno-objc-literal-conversion -Wshorten-64-to-32 -Wpointer-sign -Wno-newline-eof -Wno-implicit-fallthrough -fstrict-aliasing -Wdeprecated-declarations -Wno-sign-conversion -Wno-infinite-recursion -Wno-comma -Wno-block-capture-autoreleasing -Wno-strict-prototypes -Wno-semicolon-before-method-body @/Users/runner/work/xiaodi/xiaodi/build/Build/Intermediates.noindex/cmark-gfm.build/Release-iphoneos/cmark-gfm-extensions.build/Objects-normal/arm64/7187679823f38a2a940e0043cdf9d637-common-args.resp -MMD -MT dependencies -MF /Users/runner/work/xiaodi/xiaodi/build/Build/Intermediates.noindex/cmark-gfm.build/Release-iphoneos/cmark-gfm-extensions.build/Objects-normal/arm64/table.d --serialize-diagnostics /Users/runner/work/xiaodi/xiaodi/build/Build/Intermediates.noindex/cmark-gfm.build/Release-iphoneos/cmark-gfm-extensions.build/Objects-normal/arm64/table.dia -c /Users/runner/work/xiaodi/xiaodi/build/SourcePackages/checkouts/swift-cmark/extensions/table.c -o /Users/runner/work/xiaodi/xiaodi/build/Build/Intermediates.noindex/cmark-gfm.build/Release-iphoneos/cmark-gfm-extensions.build/Objects-normal/arm64/table.o

ScanDependencies /Users/runner/work/xiaodi/xiaodi/build/Build/Intermediates.noindex/cmark-gfm.build/Release-iphoneos/cmark-gfm-extensions.build/Objects-normal/arm64/strikethrough.o /Users/runner/work/xiaodi/xiaodi/build/SourcePackages/checkouts/swift-cmark/extensions/strikethrough.c normal arm64 c com.apple.compilers.llvm.clang.1_0.compiler (in target 'cmark-gfm-extensions' from project 'cmark-gfm')
    cd /Users/runner/work/xiaodi/xiaodi/DeepSeekHarnessMobile.xcodeproj
    
    Using response file: /Users/runner/work/xiaodi/xiaodi/build/Build/Intermediates.noindex/cmark-gfm.build/Release-iphoneos/cmark-gfm-extensions.build/Objects-normal/arm64/7187679823f38a2a940e0043cdf9d637-common-args.resp
    
    builtin-ScanDependencies -o /Users/runner/work/xiaodi/xiaodi/build/Build/Intermediates.noindex/cmark-gfm.build/Release-iphoneos/cmark-gfm-extensions.build/Objects-normal/arm64/strikethrough.o.scan -- /Applications/Xcode_26.3.app/Contents/Developer/Toolchains/XcodeDefault.xctoolchain/usr/bin/clang -x c -ivfsstatcache /Users/runner/work/xiaodi/xiaodi/build/SDKStatCaches.noindex/iphoneos26.2-23C57-dc75598d0054f22ec865fa860f139d722dd23b4ebda140f7210d155ff1243552.sdkstatcache -fmessage-length\=0 -fdiagnostics-show-note-include-stack -fmacro-backtrace-limit\=0 -fno-color-diagnostics -fmodules-prune-interval\=86400 -fmodules-prune-after\=345600 -fbuild-session-file\=/Users/runner/work/xiaodi/xiaodi/build/ModuleCache.noindex/Session.modulevalidation -fmodules-validate-once-per-build-session -Wnon-modular-include-in-framework-module -Werror\=non-modular-include-in-framework-module -Wno-trigraphs -Wno-missing-field-initializers -Wno-missing-prototypes -Wno-return-type -Wno-missing-braces -Wparentheses -Wswitch -Wno-unused-function -Wno-unused-label -Wno-unused-parameter -Wno-unused-variable -Wunused-value -Wno-empty-body -Wno-uninitialized -Wno-unknown-pragmas -w -Wno-shadow -Wno-four-char-constants -Wno-conversion -Wno-constant-conversion -Wno-int-conversion -Wno-bool-conversion -Wno-enum-conversion -Wno-float-conversion -Wno-non-literal-null-conversion -Wno-objc-literal-conversion -Wshorten-64-to-32 -Wpointer-sign -Wno-newline-eof -Wno-implicit-fallthrough -fstrict-aliasing -Wdeprecated-declarations -Wno-sign-conversion -Wno-infinite-recursion -Wno-comma -Wno-block-capture-autoreleasing -Wno-strict-prototypes -Wno-semicolon-before-method-body @/Users/runner/work/xiaodi/xiaodi/build/Build/Intermediates.noindex/cmark-gfm.build/Release-iphoneos/cmark-gfm-extensions.build/Objects-normal/arm64/7187679823f38a2a940e0043cdf9d637-common-args.resp -MMD -MT dependencies -MF /Users/runner/work/xiaodi/xiaodi/build/Build/Intermediates.noindex/cmark-gfm.build/Release-iphoneos/cmark-gfm-extensions.build/Objects-normal/arm64/strikethrough.d --serialize-diagnostics /Users/runner/work/xiaodi/xiaodi/build/Build/Intermediates.noindex/cmark-gfm.build/Release-iphoneos/cmark-gfm-extensions.build/Objects-normal/arm64/strikethrough.dia -c /Users/runner/work/xiaodi/xiaodi/build/SourcePackages/checkouts/swift-cmark/extensions/strikethrough.c -o /Users/runner/work/xiaodi/xiaodi/build/Build/Intermediates.noindex/cmark-gfm.build/Release-iphoneos/cmark-gfm-extensions.build/Objects-normal/arm64/strikethrough.o

SwiftExplicitDependencyGeneratePcm arm64 /Users/runner/work/xiaodi/xiaodi/build/ModuleCache.noindex/SwiftUI-2AYOM196CY9NAVTV158KHQDYR.pcm

CompileC /Users/runner/work/xiaodi/xiaodi/build/Build/Intermediates.noindex/cmark-gfm.build/Release-iphoneos/cmark-gfm-extensions.build/Objects-normal/arm64/strikethrough.o /Users/runner/work/xiaodi/xiaodi/build/SourcePackages/checkouts/swift-cmark/extensions/strikethrough.c normal arm64 c com.apple.compilers.llvm.clang.1_0.compiler (in target 'cmark-gfm-extensions' from project 'cmark-gfm')
    cd /Users/runner/work/xiaodi/xiaodi/DeepSeekHarnessMobile.xcodeproj
    
    Using response file: /Users/runner/work/xiaodi/xiaodi/build/Build/Intermediates.noindex/cmark-gfm.build/Release-iphoneos/cmark-gfm-extensions.build/Objects-normal/arm64/7187679823f38a2a940e0043cdf9d637-common-args.resp
    
    /Applications/Xcode_26.3.app/Contents/Developer/Toolchains/XcodeDefault.xctoolchain/usr/bin/clang -x c -ivfsstatcache /Users/runner/work/xiaodi/xiaodi/build/SDKStatCaches.noindex/iphoneos26.2-23C57-dc75598d0054f22ec865fa860f139d722dd23b4ebda140f7210d155ff1243552.sdkstatcache -fmessage-length\=0 -fdiagnostics-show-note-include-stack -fmacro-backtrace-limit\=0 -fno-color-diagnostics -fmodules-prune-interval\=86400 -fmodules-prune-after\=345600 -fbuild-session-file\=/Users/runner/work/xiaodi/xiaodi/build/ModuleCache.noindex/Session.modulevalidation -fmodules-validate-once-per-build-session -Wnon-modular-include-in-framework-module -Werror\=non-modular-include-in-framework-module -Wno-trigraphs -Wno-missing-field-initializers -Wno-missing-prototypes -Wno-return-type -Wno-missing-braces -Wparentheses -Wswitch -Wno-unused-function -Wno-unused-label -Wno-unused-parameter -Wno-unused-variable -Wunused-value -Wno-empty-body -Wno-uninitialized -Wno-unknown-pragmas -w -Wno-shadow -Wno-four-char-constants -Wno-conversion -Wno-constant-conversion -Wno-int-conversion -Wno-bool-conversion -Wno-enum-conversion -Wno-float-conversion -Wno-non-literal-null-conversion -Wno-objc-literal-conversion -Wshorten-64-to-32 -Wpointer-sign -Wno-newline-eof -Wno-implicit-fallthrough -fstrict-aliasing -Wdeprecated-declarations -Wno-sign-conversion -Wno-infinite-recursion -Wno-comma -Wno-block-capture-autoreleasing -Wno-strict-prototypes -Wno-semicolon-before-method-body @/Users/runner/work/xiaodi/xiaodi/build/Build/Intermediates.noindex/cmark-gfm.build/Release-iphoneos/cmark-gfm-extensions.build/Objects-normal/arm64/7187679823f38a2a940e0043cdf9d637-common-args.resp -MMD -MT dependencies -MF /Users/runner/work/xiaodi/xiaodi/build/Build/Intermediates.noindex/cmark-gfm.build/Release-iphoneos/cmark-gfm-extensions.build/Objects-normal/arm64/strikethrough.d --serialize-diagnostics /Users/runner/work/xiaodi/xiaodi/build/Build/Intermediates.noindex/cmark-gfm.build/Release-iphoneos/cmark-gfm-extensions.build/Objects-normal/arm64/strikethrough.dia -c /Users/runner/work/xiaodi/xiaodi/build/SourcePackages/checkouts/swift-cmark/extensions/strikethrough.c -o /Users/runner/work/xiaodi/xiaodi/build/Build/Intermediates.noindex/cmark-gfm.build/Release-iphoneos/cmark-gfm-extensions.build/Objects-normal/arm64/strikethrough.o

SwiftCompile normal arm64 Compiling\ AgentActivityAttributes.swift,\ AgentApprovalIntents.swift,\ AgentLiveActivityWidget.swift,\ GeneratedAssetSymbols.swift /Users/runner/work/xiaodi/xiaodi/DeepSeekHarnessMobile/LiveActivity/AgentActivityAttributes.swift /Users/runner/work/xiaodi/xiaodi/DeepSeekHarnessMobile/LiveActivity/AgentApprovalIntents.swift /Users/runner/work/xiaodi/xiaodi/AgentLiveActivityWidget/AgentLiveActivityWidget.swift /Users/runner/work/xiaodi/xiaodi/build/Build/Intermediates.noindex/DeepSeekHarnessMobile.build/Release-iphoneos/AgentLiveActivityWidget.build/DerivedSources/GeneratedAssetSymbols.swift /Applications/Xcode_26.3.app/Contents/Developer/Toolchains/XcodeDefault.xctoolchain/usr/lib/swift/iphoneos/prebuilt-modules/26.2/_DarwinFoundation2.swiftmodule/arm64e-apple-ios.swiftmodule /Applications/Xcode_26.3.app/Contents/Developer/Toolchains/XcodeDefault.xctoolchain/usr/lib/swift/iphoneos/prebuilt-modules/26.2/ObjectiveC.swiftmodule/arm64e-apple-ios.swiftmodule /Applications/Xcode_26.3.app/Contents/Developer/Toolchains/XcodeDefault.xctoolchain/usr/lib/swift/iphoneos/prebuilt-modules/26.2/_DarwinFoundation3.swiftmodule/arm64e-apple-ios.swiftmodule /Applications/Xcode_26.3.app/Contents/Developer/Toolchains/XcodeDefault.xctoolchain/usr/lib/swift/iphoneos/prebuilt-modules/26.2/Swift.swiftmodule/arm64e-apple-ios.swiftmodule /Applications/Xcode_26.3.app/Contents/Developer/Toolchains/XcodeDefault.xctoolchain/usr/lib/swift/iphoneos/prebuilt-modules/26.2/_Builtin_float.swiftmodule/arm64e-apple-ios.swiftmodule /Applications/Xcode_26.3.app/Contents/Developer/Toolchains/XcodeDefault.xctoolchain/usr/lib/swift/iphoneos/prebuilt-modules/26.2/Metal.swiftmodule/arm64e-apple-ios.swiftmodule /Applications/Xcode_26.3.app/Contents/Developer/Toolchains/XcodeDefault.xctoolchain/usr/lib/swift/iphoneos/prebuilt-modules/26.2/CoreImage.swiftmodule/arm64e-apple-ios.swiftmodule /Applications/Xcode_26.3.app/Contents/Developer/Toolchains/XcodeDefault.xctoolchain/usr/lib/swift/iphoneos/prebuilt-modules/26.2/os.swiftmodule/arm64e-apple-ios.swiftmodule /Applications/Xcode_26.3.app/Contents/Developer/Toolchains/XcodeDefault.xctoolchain/usr/lib/swift/iphoneos/prebuilt-modules/26.2/Accessibility.swiftmodule/arm64e-apple-ios.swiftmodule /Applications/Xcode_26.3.app/Contents/Developer/Toolchains/XcodeDefault.xctoolchain/usr/lib/swift/iphoneos/prebuilt-modules/26.2/Spatial.swiftmodule/arm64e-apple-ios.swiftmodule /Applications/Xcode_26.3.app/Contents/Developer/Toolchains/XcodeDefault.xctoolchain/usr/lib/swift/iphoneos/prebuilt-modules/26.2/CoreText.swiftmodule/arm64e-apple-ios.swiftmodule /Applications/Xcode_26.3.app/Contents/Developer/Toolchains/XcodeDefault.xctoolchain/usr/lib/swift/iphoneos/prebuilt-modules/26.2/Distributed.swiftmodule/arm64e-apple-ios.swiftmodule /Applications/Xcode_26.3.app/Contents/Developer/Toolchains/XcodeDefault.xctoolchain/usr/lib/swift/iphoneos/prebuilt-modules/26.2/_StringProcessing.swiftmodule/arm64e-apple-ios.swiftmodule /Applications/Xcode_26.3.app/Contents/Developer/Toolchains/XcodeDefault.xctoolchain/usr/lib/swift/iphoneos/prebuilt-modules/26.2/Dispatch.swiftmodule/arm64e-apple-ios.swiftmodule /Applications/Xcode_26.3.app/Contents/Developer/Toolchains/XcodeDefault.xctoolchain/usr/lib/swift/iphoneos/prebuilt-modules/26.2/CoreSpotlight.swiftmodule/arm64e-apple-ios.swiftmodule /Applications/Xcode_26.3.app/Contents/Developer/Toolchains/XcodeDefault.xctoolchain/usr/lib/swift/iphoneos/prebuilt-modules/26.2/XPC.swiftmodule/arm64e-apple-ios.swiftmodule /Applications/Xcode_26.3.app/Contents/Developer/Toolchains/XcodeDefault.xctoolchain/usr/lib/swift/iphoneos/prebuilt-modules/26.2/OSLog.swiftmodule/arm64e-apple-ios.swiftmodule /Applications/Xcode_26.3.app/Contents/Developer/Toolchains/XcodeDefault.xctoolchain/usr/lib/swift/iphoneos/prebuilt-modules/26.2/CoreGraphics.swiftmodule/arm64e-apple-ios.swiftmodule /Applications/Xcode_26.3.app/Contents/Developer/Toolchains/XcodeDefault.xctoolchain/usr/lib/swift/iphoneos/prebuilt-modules/26.2/Network.swiftmodule/arm64e-apple-ios.swiftmodule /Applications/Xcode_26.3.app/Contents/Developer/Toolchains/XcodeDefault.xctoolchain/usr/lib/swift/iphoneos/prebuilt-modules/26.2/UIKit.swiftmodule/arm64e-apple-ios.swiftmodule /Applications/Xcode_26.3.app/Contents/Developer/Toolchains/XcodeDefault.xctoolchain/usr/lib/swift/iphoneos/prebuilt-modules/26.2/ExtensionFoundation.swiftmodule/arm64e-apple-ios.swiftmodule /Applications/Xcode_26.3.app/Contents/Developer/Toolchains/XcodeDefault.xctoolchain/usr/lib/swift/iphoneos/prebuilt-modules/26.2/_AppIntents_SwiftUI.swiftmodule/arm64e-apple-ios.swiftmodule /Applications/Xcode_26.3.app/Contents/Developer/Toolchains/XcodeDefault.xctoolchain/usr/lib/swift/iphoneos/prebuilt-modules/26.2/SwiftUI.swiftmodule/arm64e-apple-ios.swiftmodule /Applications/Xcode_26.3.app/Contents/Developer/Toolchains/XcodeDefault.xctoolchain/usr/lib/swift/iphoneos/prebuilt-modules/26.2/Foundation.swiftmodule/arm64e-apple-ios.swiftmodule /Applications/Xcode_26.3.app/Contents/Developer/Toolchains/XcodeDefault.xctoolchain/usr/lib/swift/iphoneos/prebuilt-modules/26.2/CoreVideo.swiftmodule/arm64e-apple-ios.swiftmodule /Applications/Xcode_26.3.app/Contents/Developer/Toolchains/XcodeDefault.xctoolchain/usr/lib/swift/iphoneos/prebuilt-modules/26.2/QuartzCore.swiftmodule/arm64e-apple-ios.swiftmodule /Applications/Xcode_26.3.app/Contents/Developer/Toolchains/XcodeDefault.xctoolchain/usr/lib/swift/iphoneos/prebuilt-modules/26.2/CoreTransferable.swiftmodule/arm64e-apple-ios.swiftmodule /Applications/Xcode_26.3.app/Contents/Developer/Toolchains/XcodeDefault.xctoolchain/usr/lib/swift/iphoneos/prebuilt-modules/26.2/Observation.swiftmodule/arm64e-apple-ios.swiftmodule /Applications/Xcode_26.3.app/Contents/Developer/Toolchains/XcodeDefault.xctoolchain/usr/lib/swift/iphoneos/prebuilt-modules/26.2/FileProvider.swiftmodule/arm64e-apple-ios.swiftmodule /Applications/Xcode_26.3.app/Contents/Developer/Toolchains/XcodeDefault.xctoolchain/usr/lib/swift/iphoneos/prebuilt-modules/26.2/CoreData.swiftmodule/arm64e-apple-ios.swiftmodule /Applications/Xcode_26.3.app/Contents/Developer/Toolchains/XcodeDefault.xctoolchain/usr/lib/swift/iphoneos/prebuilt-modules/26.2/Darwin.swiftmodule/arm64e-apple-ios.swiftmodule /Applications/Xcode_26.3.app/Contents/Developer/Toolchains/XcodeDefault.xctoolchain/usr/lib/swift/iphoneos/prebuilt-modules/26.2/Intents.swiftmodule/arm64e-apple-ios.swiftmodule /Applications/Xcode_26.3.app/Contents/Developer/Toolchains/XcodeDefault.xctoolchain/usr/lib/swift/iphoneos/prebuilt-modules/26.2/Combine.swiftmodule/arm64e-apple-ios.swiftmodule /Applications/Xcode_26.3.app/Contents/Developer/Toolchains/XcodeDefault.xctoolchain/usr/lib/swift/iphoneos/prebuilt-modules/26.2/UniformTypeIdentifiers.swiftmodule/arm64e-apple-ios.swiftmodule /Applications/Xcode_26.3.app/Contents/Developer/Toolchains/XcodeDefault.xctoolchain/usr/lib/swift/iphoneos/prebuilt-modules/26.2/simd.swiftmodule/arm64e-apple-ios.swiftmodule /Applications/Xcode_26.3.app/Contents/Developer/Toolchains/XcodeDefault.xctoolchain/usr/lib/swift/iphoneos/prebuilt-modules/26.2/DeveloperToolsSupport.swiftmodule/arm64e-apple-ios.swiftmodule /Applications/Xcode_26.3.app/Contents/Developer/Toolchains/XcodeDefault.xctoolchain/usr/lib/swift/iphoneos/prebuilt-modules/26.2/CoreLocation.swiftmodule/arm64e-apple-ios.swiftmodule /Applications/Xcode_26.3.app/Contents/Developer/Toolchains/XcodeDefault.xctoolchain/usr/lib/swift/iphoneos/prebuilt-modules/26.2/CoreFoundation.swiftmodule/arm64e-apple-ios.swiftmodule /Applications/Xcode_26.3.app/Contents/Developer/Toolchains/XcodeDefault.xctoolchain/usr/lib/swift/iphoneos/prebuilt-modules/26.2/AppIntents.swiftmodule/arm64e-apple-ios.swiftmodule /Applications/Xcode_26.3.app/Contents/Developer/Toolchains/XcodeDefault.xctoolchain/usr/lib/swift/iphoneos/prebuilt-modules/26.2/RelevanceKit.swiftmodule/arm64e-apple-ios.swiftmodule /Applications/Xcode_26.3.app/Contents/Developer/Toolchains/XcodeDefault.xctoolchain/usr/lib/swift/iphoneos/prebuilt-modules/26.2/WidgetKit.swiftmodule/arm64e-apple-ios.swiftmodule /Applications/Xcode_26.3.app/Contents/Developer/Toolchains/XcodeDefault.xctoolchain/usr/lib/swift/iphoneos/prebuilt-modules/26.2/ActivityKit.swiftmodule/arm64e-apple-ios.swiftmodule /Applications/Xcode_26.3.app/Contents/Developer/Toolchains/XcodeDefault.xctoolchain/usr/lib/swift/iphoneos/prebuilt-modules/26.2/Symbols.swiftmodule/arm64e-apple-ios.swiftmodule /Applications/Xcode_26.3.app/Contents/Developer/Toolchains/XcodeDefault.xctoolchain/usr/lib/swift/iphoneos/prebuilt-modules/26.2/DataDetection.swiftmodule/arm64e-apple-ios.swiftmodule /Applications/Xcode_26.3.app/Contents/Developer/Toolchains/XcodeDefault.xctoolchain/usr/lib/swift/iphoneos/prebuilt-modules/26.2/_DarwinFoundation1.swiftmodule/arm64e-apple-ios.swiftmodule /Applications/Xcode_26.3.app/Contents/Developer/Toolchains/XcodeDefault.xctoolchain/usr/lib/swift/iphoneos/prebuilt-modules/26.2/_Concurrency.swiftmodule/arm64e-apple-ios.swiftmodule /Applications/Xcode_26.3.app/Contents/Developer/Toolchains/XcodeDefault.xctoolchain/usr/lib/swift/iphoneos/prebuilt-modules/26.2/SwiftUICore.swiftmodule/arm64e-apple-ios.swiftmodule /Applications/Xcode_26.3.app/Contents/Developer/Toolchains/XcodeDefault.xctoolchain/usr/lib/swift/iphoneos/prebuilt-modules/26.2/System.swiftmodule/arm64e-apple-ios.swiftmodule /Users/runner/work/xiaodi/xiaodi/build/ModuleCache.noindex/Darwin-RX7I6VPF52WHP9MI1F8S0AIG.pcm /Users/runner/work/xiaodi/xiaodi/build/ModuleCache.noindex/UIKit-OILA58NFYL2MUKV1ZXWBUXQY.pcm /Users/runner/work/xiaodi/xiaodi/build/ModuleCache.noindex/os_workgroup-F2SWTTS09YGPUIVS0541M3OL6.pcm /Users/runner/work/xiaodi/xiaodi/build/ModuleCache.noindex/_Builtin_tgmath-EB1LZOA3ZHL51MMG7O75JBW0G.pcm /Users/runner/work/xiaodi/xiaodi/build/ModuleCache.noindex/ObjectiveC-5T1N1TJ9TDVOJR9ZNX7AHOPO1.pcm /Users/runner/work/xiaodi/xiaodi/build/ModuleCache.noindex/os_object-81F2L4H340G4LFO5JJ42DW4AF.pcm /Users/runner/work/xiaodi/xiaodi/build/ModuleCache.noindex/QuartzCore-12WICPLLK9GEV3VHHOJAFVB79.pcm /Users/runner/work/xiaodi/xiaodi/build/ModuleCache.noindex/sys_types-1MC1XI6MLBN23U5NTWV9PZNPD.pcm /Users/runner/work/xiaodi/xiaodi/build/ModuleCache.noindex/_DarwinFoundation2-9SUQ9BDMWAEI72RRXBR5AJYML.pcm /Users/runner/work/xiaodi/xiaodi/build/ModuleCache.noindex/_Builtin_inttypes-1S9Z0EJT08DN2JZHB8R5879N0.pcm /Users/runner/work/xiaodi/xiaodi/build/ModuleCache.noindex/ActivityKit-DGL66CTJRRDQDE7WEYPEHUUFV.pcm /Users/runner/work/xiaodi/xiaodi/build/ModuleCache.noindex/XPC-ENIC46LAOBXI36SDZ6X2QQYSE.pcm /Users/runner/work/xiaodi/xiaodi/build/ModuleCache.noindex/CoreLocation-5YVR6GR7IEOT21INMCIXB2WG0.pcm /Users/runner/work/xiaodi/xiaodi/build/ModuleCache.noindex/ExtensionFoundation-EDFEZS9IPN4HYVL6GRIMUWC5R.pcm /Users/runner/work/xiaodi/xiaodi/build/ModuleCache.noindex/ptrcheck-B3Q93ICLGKRPS4ZMLE3FKN6H2.pcm /Users/runner/work/xiaodi/xiaodi/build/ModuleCache.noindex/MachO-DDP3CPIR84NWIO8KYO6GZGB3I.pcm /Users/runner/work/xiaodi/xiaodi/build/ModuleCache.noindex/_Builtin_float-1H1IYZR67445DXQAO1AFO5W8Q.pcm /Users/runner/work/xiaodi/xiaodi/build/ModuleCache.noindex/_DarwinFoundation3-49U21N0S1EYBZDLIJHJOCXB12.pcm /Users/runner/work/xiaodi/xiaodi/build/ModuleCache.noindex/CoreText-ACQ451RV0C5NIU1GU7DJBSTCU.pcm /Users/runner/work/xiaodi/xiaodi/build/ModuleCache.noindex/CoreVideo-3HE31YJZA1QRIO955JXFZ3MZO.pcm /Users/runner/work/xiaodi/xiaodi/build/ModuleCache.noindex/_AvailabilityInternal-64MHE0IBF0J7QHID80Q1OPJW2.pcm /Users/runner/work/xiaodi/xiaodi/build/ModuleCache.noindex/_LocationEssentials-X174BFIG3Y0SO5YMN0W7QEKS.pcm /Users/runner/work/xiaodi/xiaodi/build/ModuleCache.noindex/DeveloperToolsSupport-BTD1Y92WRYHVNODOZLHF7DKJH.pcm /Users/runner/work/xiaodi/xiaodi/build/ModuleCache.noindex/_Builtin_intrinsics-2L30EEUYYQ4VKXQICSOL9XAJF.pcm /Users/runner/work/xiaodi/xiaodi/build/ModuleCache.noindex/dnssd-5E908Q5KXGCBUFAHQMFVPZ2WE.pcm /Users/runner/work/xiaodi/xiaodi/build/ModuleCache.noindex/IOSurface-8R40LWEROCO2CCR5HY9ZTUFML.pcm /Users/runner/work/xiaodi/xiaodi/build/ModuleCache.noindex/Accessibility-99KWKP3KCJ7X79BB04H0FVG8I.pcm /Users/runner/work/xiaodi/xiaodi/build/ModuleCache.noindex/CFNetwork-AZ5LRUV4VDY54VMC5MHM6EBEU.pcm /Users/runner/work/xiaodi/xiaodi/build/ModuleCache.noindex/_Builtin_stdarg-AIDB2X81W8036S6629SXUMZ98.pcm /Users/runner/work/xiaodi/xiaodi/build/ModuleCache.noindex/UserNotifications-BGO6UR4E5OQRZKL03GPRMGCYX.pcm /Users/runner/work/xiaodi/xiaodi/build/ModuleCache.noindex/Spatial-A200DEI56RC9BC7X0Q5EXFWML.pcm /Users/runner/work/xiaodi/xiaodi/build/ModuleCache.noindex/_SwiftConcurrencyShims-1UXHULEYWAY3R01UVW23DDYX7.pcm /Users/runner/work/xiaodi/xiaodi/build/ModuleCache.noindex/Network-1N96PGP5OKX1F2J4J7GKM7RXF.pcm /Users/runner/work/xiaodi/xiaodi/build/ModuleCache.noindex/Intents-EJH9VA1AYBTKZXD9DWP1AG01F.pcm /Users/runner/work/xiaodi/xiaodi/build/ModuleCache.noindex/AppIntents-WNEXPZWS4PBQXOU4OOX1EH3K.pcm /Users/runner/work/xiaodi/xiaodi/build/ModuleCache.noindex/RelevanceKit-4DWF2H0RBFPH30W7MAWIEN048.pcm /Users/runner/work/xiaodi/xiaodi/build/ModuleCache.noindex/CoreImage-A5904JLAFYGJIVLE3XT1XCY6Y.pcm /Users/runner/work/xiaodi/xiaodi/build/ModuleCache.noindex/SwiftUICore-88SJN9ZIPVPYREMP1DME72NN4.pcm /Users/runner/work/xiaodi/xiaodi/build/ModuleCache.noindex/CoreTransferable-XS3A8VADQATP5BDX34AYHOUZ.pcm /Users/runner/work/xiaodi/xiaodi/build/ModuleCache.noindex/ptrauth-BHSCNC70LODGTSYKI0WD59JHB.pcm /Users/runner/work/xiaodi/xiaodi/build/ModuleCache.noindex/UniformTypeIdentifiers-3N89F92JFJ759X5EWSDRO67BI.pcm /Users/runner/work/xiaodi/xiaodi/build/ModuleCache.noindex/Foundation-EV1U97HL7T1VG20WCMK79UAZD.pcm /Users/runner/work/xiaodi/xiaodi/build/ModuleCache.noindex/Symbols-1PICV7FKITCMSMLTBRI9CG8RJ.pcm /Users/runner/work/xiaodi/xiaodi/build/ModuleCache.noindex/_Builtin_stdbool-UBX26UNH0IZGS24B3388YSL6.pcm /Users/runner/work/xiaodi/xiaodi/build/ModuleCache.noindex/_Builtin_stddef-2L0SAIBU3H5JM8CBN3ZCHXUHN.pcm /Users/runner/work/xiaodi/xiaodi/build/ModuleCache.noindex/Dispatch-15PFBDQ07LSVCKW77RHRDM5NV.pcm /Users/runner/work/xiaodi/xiaodi/build/ModuleCache.noindex/simd-2LLWTBR0V30EXUPX54O19KOG2.pcm /Users/runner/work/xiaodi/xiaodi/build/ModuleCache.noindex/CoreFoundation-1GF62WAI0TK0ATD9YMZ4DO6JX.pcm /Users/runner/work/xiaodi/xiaodi/build/ModuleCache.noindex/UIUtilities-2I1JT195BFYV7JOLBLC60ABTD.pcm /Users/runner/work/xiaodi/xiaodi/build/ModuleCache.noindex/CoreGraphics-9R3ICUDB1P3QLF7PLQZTHX2HY.pcm /Users/runner/work/xiaodi/xiaodi/build/ModuleCache.noindex/OpenGLES-7F5K2PFHMDN8KNM52IHS2T6Q0.pcm /Users/runner/work/xiaodi/xiaodi/build/ModuleCache.noindex/_Builtin_limits-84ONC5BW2LA2JCSQ03BKVYR0F.pcm /Users/runner/work/xiaodi/xiaodi/build/ModuleCache.noindex/OSLog-DHH2593MA6TSC8HBX1TE0SJ9D.pcm /Users/runner/work/xiaodi/xiaodi/build/ModuleCache.noindex/CoreData-9IYYBT6J0AOXTT5LIFEJ7D9J9.pcm /Users/runner/work/xiaodi/xiaodi/build/ModuleCache.noindex/ImageIO-YT9PRGW6OTI4M8U9BOVPRME3.pcm /Users/runner/work/xiaodi/xiaodi/build/ModuleCache.noindex/FileProvider-SVP7088JIPQ9PIDMW3XPB0MB.pcm /Users/runner/work/xiaodi/xiaodi/build/ModuleCache.noindex/Security-63I7YIRKY6HJRZVRV57LFQRXN.pcm /Users/runner/work/xiaodi/xiaodi/build/ModuleCache.noindex/CoreSpotlight-6HUMZCW52X9PSI0OJXVRL2WQT.pcm /Users/runner/work/xiaodi/xiaodi/build/ModuleCache.noindex/_DarwinFoundation1-E4XSQGHUVM7ISY09BJV1WPB27.pcm /Users/runner/work/xiaodi/xiaodi/build/ModuleCache.noindex/SwiftShims-41TNS5OBTUSIPCW2QQU8OQJEQ.pcm /Users/runner/work/xiaodi/xiaodi/build/ModuleCache.noindex/WidgetKit-2TUIZEIRCNHY1TLI6YXPDNC6W.pcm /Users/runner/work/xiaodi/xiaodi/build/ModuleCache.noindex/os-3VAZZYA6J6PTQOP27OZA9QSHF.pcm /Users/runner/work/xiaodi/xiaodi/build/ModuleCache.noindex/DataDetection-CIX4UGDOMN0ZL5D8YBUP795Q1.pcm /Users/runner/work/xiaodi/xiaodi/build/ModuleCache.noindex/_Builtin_stdint-BU146C580WWIP552SEA27YQJC.pcm /Users/runner/work/xiaodi/xiaodi/build/ModuleCache.noindex/Metal-4TDKVQW7XKKZ9E2YHKYYUV3T5.pcm /Users/runner/work/xiaodi/xiaodi/build/ModuleCache.noindex/SwiftUI-2AYOM196CY9NAVTV158KHQDYR.pcm /Users/runner/work/xiaodi/xiaodi/build/ModuleCache.noindex/_Builtin_stdatomic-9M5Q55XKUWFJFYEA6VT0BU7Y7.pcm /Users/runner/work/xiaodi/xiaodi/build/Build/Intermediates.noindex/DeepSeekHarnessMobile.build/Release-iphoneos/AgentLiveActivityWidget.build/Objects-normal/arm64/AgentLiveActivityWidget-dependencies-1.json (in target 'AgentLiveActivityWidget' from project 'DeepSeekHarnessMobile')
CompileSwift normal arm64 (in target 'AgentLiveActivityWidget' from project 'DeepSeekHarnessMobile')
    cd /Users/runner/work/xiaodi/xiaodi
    

ScanDependencies /Users/runner/work/xiaodi/xiaodi/build/Build/Intermediates.noindex/cmark-gfm.build/Release-iphoneos/cmark-gfm-extensions.build/Objects-normal/arm64/ext_scanners.o /Users/runner/work/xiaodi/xiaodi/build/SourcePackages/checkouts/swift-cmark/extensions/ext_scanners.c normal arm64 c com.apple.compilers.llvm.clang.1_0.compiler (in target 'cmark-gfm-extensions' from project 'cmark-gfm')
    cd /Users/runner/work/xiaodi/xiaodi/DeepSeekHarnessMobile.xcodeproj
    
    Using response file: /Users/runner/work/xiaodi/xiaodi/build/Build/Intermediates.noindex/cmark-gfm.build/Release-iphoneos/cmark-gfm-extensions.build/Objects-normal/arm64/7187679823f38a2a940e0043cdf9d637-common-args.resp
    
    builtin-ScanDependencies -o /Users/runner/work/xiaodi/xiaodi/build/Build/Intermediates.noindex/cmark-gfm.build/Release-iphoneos/cmark-gfm-extensions.build/Objects-normal/arm64/ext_scanners.o.scan -- /Applications/Xcode_26.3.app/Contents/Developer/Toolchains/XcodeDefault.xctoolchain/usr/bin/clang -x c -ivfsstatcache /Users/runner/work/xiaodi/xiaodi/build/SDKStatCaches.noindex/iphoneos26.2-23C57-dc75598d0054f22ec865fa860f139d722dd23b4ebda140f7210d155ff1243552.sdkstatcache -fmessage-length\=0 -fdiagnostics-show-note-include-stack -fmacro-backtrace-limit\=0 -fno-color-diagnostics -fmodules-prune-interval\=86400 -fmodules-prune-after\=345600 -fbuild-session-file\=/Users/runner/work/xiaodi/xiaodi/build/ModuleCache.noindex/Session.modulevalidation -fmodules-validate-once-per-build-session -Wnon-modular-include-in-framework-module -Werror\=non-modular-include-in-framework-module -Wno-trigraphs -Wno-missing-field-initializers -Wno-missing-prototypes -Wno-return-type -Wno-missing-braces -Wparentheses -Wswitch -Wno-unused-function -Wno-unused-label -Wno-unused-parameter -Wno-unused-variable -Wunused-value -Wno-empty-body -Wno-uninitialized -Wno-unknown-pragmas -w -Wno-shadow -Wno-four-char-constants -Wno-conversion -Wno-constant-conversion -Wno-int-conversion -Wno-bool-conversion -Wno-enum-conversion -Wno-float-conversion -Wno-non-literal-null-conversion -Wno-objc-literal-conversion -Wshorten-64-to-32 -Wpointer-sign -Wno-newline-eof -Wno-implicit-fallthrough -fstrict-aliasing -Wdeprecated-declarations -Wno-sign-conversion -Wno-infinite-recursion -Wno-comma -Wno-block-capture-autoreleasing -Wno-strict-prototypes -Wno-semicolon-before-method-body @/Users/runner/work/xiaodi/xiaodi/build/Build/Intermediates.noindex/cmark-gfm.build/Release-iphoneos/cmark-gfm-extensions.build/Objects-normal/arm64/7187679823f38a2a940e0043cdf9d637-common-args.resp -MMD -MT dependencies -MF /Users/runner/work/xiaodi/xiaodi/build/Build/Intermediates.noindex/cmark-gfm.build/Release-iphoneos/cmark-gfm-extensions.build/Objects-normal/arm64/ext_scanners.d --serialize-diagnostics /Users/runner/work/xiaodi/xiaodi/build/Build/Intermediates.noindex/cmark-gfm.build/Release-iphoneos/cmark-gfm-extensions.build/Objects-normal/arm64/ext_scanners.dia -c /Users/runner/work/xiaodi/xiaodi/build/SourcePackages/checkouts/swift-cmark/extensions/ext_scanners.c -o /Users/runner/work/xiaodi/xiaodi/build/Build/Intermediates.noindex/cmark-gfm.build/Release-iphoneos/cmark-gfm-extensions.build/Objects-normal/arm64/ext_scanners.o

ScanDependencies /Users/runner/work/xiaodi/xiaodi/build/Build/Intermediates.noindex/cmark-gfm.build/Release-iphoneos/cmark-gfm-extensions.build/Objects-normal/arm64/core-extensions.o /Users/runner/work/xiaodi/xiaodi/build/SourcePackages/checkouts/swift-cmark/extensions/core-extensions.c normal arm64 c com.apple.compilers.llvm.clang.1_0.compiler (in target 'cmark-gfm-extensions' from project 'cmark-gfm')
    cd /Users/runner/work/xiaodi/xiaodi/DeepSeekHarnessMobile.xcodeproj
    
    Using response file: /Users/runner/work/xiaodi/xiaodi/build/Build/Intermediates.noindex/cmark-gfm.build/Release-iphoneos/cmark-gfm-extensions.build/Objects-normal/arm64/7187679823f38a2a940e0043cdf9d637-common-args.resp
    
    builtin-ScanDependencies -o /Users/runner/work/xiaodi/xiaodi/build/Build/Intermediates.noindex/cmark-gfm.build/Release-iphoneos/cmark-gfm-extensions.build/Objects-normal/arm64/core-extensions.o.scan -- /Applications/Xcode_26.3.app/Contents/Developer/Toolchains/XcodeDefault.xctoolchain/usr/bin/clang -x c -ivfsstatcache /Users/runner/work/xiaodi/xiaodi/build/SDKStatCaches.noindex/iphoneos26.2-23C57-dc75598d0054f22ec865fa860f139d722dd23b4ebda140f7210d155ff1243552.sdkstatcache -fmessage-length\=0 -fdiagnostics-show-note-include-stack -fmacro-backtrace-limit\=0 -fno-color-diagnostics -fmodules-prune-interval\=86400 -fmodules-prune-after\=345600 -fbuild-session-file\=/Users/runner/work/xiaodi/xiaodi/build/ModuleCache.noindex/Session.modulevalidation -fmodules-validate-once-per-build-session -Wnon-modular-include-in-framework-module -Werror\=non-modular-include-in-framework-module -Wno-trigraphs -Wno-missing-field-initializers -Wno-missing-prototypes -Wno-return-type -Wno-missing-braces -Wparentheses -Wswitch -Wno-unused-function -Wno-unused-label -Wno-unused-parameter -Wno-unused-variable -Wunused-value -Wno-empty-body -Wno-uninitialized -Wno-unknown-pragmas -w -Wno-shadow -Wno-four-char-constants -Wno-conversion -Wno-constant-conversion -Wno-int-conversion -Wno-bool-conversion -Wno-enum-conversion -Wno-float-conversion -Wno-non-literal-null-conversion -Wno-objc-literal-conversion -Wshorten-64-to-32 -Wpointer-sign -Wno-newline-eof -Wno-implicit-fallthrough -fstrict-aliasing -Wdeprecated-declarations -Wno-sign-conversion -Wno-infinite-recursion -Wno-comma -Wno-block-capture-autoreleasing -Wno-strict-prototypes -Wno-semicolon-before-method-body @/Users/runner/work/xiaodi/xiaodi/build/Build/Intermediates.noindex/cmark-gfm.build/Release-iphoneos/cmark-gfm-extensions.build/Objects-normal/arm64/7187679823f38a2a940e0043cdf9d637-common-args.resp -MMD -MT dependencies -MF /Users/runner/work/xiaodi/xiaodi/build/Build/Intermediates.noindex/cmark-gfm.build/Release-iphoneos/cmark-gfm-extensions.build/Objects-normal/arm64/core-extensions.d --serialize-diagnostics /Users/runner/work/xiaodi/xiaodi/build/Build/Intermediates.noindex/cmark-gfm.build/Release-iphoneos/cmark-gfm-extensions.build/Objects-normal/arm64/core-extensions.dia -c /Users/runner/work/xiaodi/xiaodi/build/SourcePackages/checkouts/swift-cmark/extensions/core-extensions.c -o /Users/runner/work/xiaodi/xiaodi/build/Build/Intermediates.noindex/cmark-gfm.build/Release-iphoneos/cmark-gfm-extensions.build/Objects-normal/arm64/core-extensions.o

CompileC /Users/runner/work/xiaodi/xiaodi/build/Build/Intermediates.noindex/cmark-gfm.build/Release-iphoneos/cmark-gfm-extensions.build/Objects-normal/arm64/ext_scanners.o /Users/runner/work/xiaodi/xiaodi/build/SourcePackages/checkouts/swift-cmark/extensions/ext_scanners.c normal arm64 c com.apple.compilers.llvm.clang.1_0.compiler (in target 'cmark-gfm-extensions' from project 'cmark-gfm')
    cd /Users/runner/work/xiaodi/xiaodi/DeepSeekHarnessMobile.xcodeproj
    
    Using response file: /Users/runner/work/xiaodi/xiaodi/build/Build/Intermediates.noindex/cmark-gfm.build/Release-iphoneos/cmark-gfm-extensions.build/Objects-normal/arm64/7187679823f38a2a940e0043cdf9d637-common-args.resp
    
    /Applications/Xcode_26.3.app/Contents/Developer/Toolchains/XcodeDefault.xctoolchain/usr/bin/clang -x c -ivfsstatcache /Users/runner/work/xiaodi/xiaodi/build/SDKStatCaches.noindex/iphoneos26.2-23C57-dc75598d0054f22ec865fa860f139d722dd23b4ebda140f7210d155ff1243552.sdkstatcache -fmessage-length\=0 -fdiagnostics-show-note-include-stack -fmacro-backtrace-limit\=0 -fno-color-diagnostics -fmodules-prune-interval\=86400 -fmodules-prune-after\=345600 -fbuild-session-file\=/Users/runner/work/xiaodi/xiaodi/build/ModuleCache.noindex/Session.modulevalidation -fmodules-validate-once-per-build-session -Wnon-modular-include-in-framework-module -Werror\=non-modular-include-in-framework-module -Wno-trigraphs -Wno-missing-field-initializers -Wno-missing-prototypes -Wno-return-type -Wno-missing-braces -Wparentheses -Wswitch -Wno-unused-function -Wno-unused-label -Wno-unused-parameter -Wno-unused-variable -Wunused-value -Wno-empty-body -Wno-uninitialized -Wno-unknown-pragmas -w -Wno-shadow -Wno-four-char-constants -Wno-conversion -Wno-constant-conversion -Wno-int-conversion -Wno-bool-conversion -Wno-enum-conversion -Wno-float-conversion -Wno-non-literal-null-conversion -Wno-objc-literal-conversion -Wshorten-64-to-32 -Wpointer-sign -Wno-newline-eof -Wno-implicit-fallthrough -fstrict-aliasing -Wdeprecated-declarations -Wno-sign-conversion -Wno-infinite-recursion -Wno-comma -Wno-block-capture-autoreleasing -Wno-strict-prototypes -Wno-semicolon-before-method-body @/Users/runner/work/xiaodi/xiaodi/build/Build/Intermediates.noindex/cmark-gfm.build/Release-iphoneos/cmark-gfm-extensions.build/Objects-normal/arm64/7187679823f38a2a940e0043cdf9d637-common-args.resp -MMD -MT dependencies -MF /Users/runner/work/xiaodi/xiaodi/build/Build/Intermediates.noindex/cmark-gfm.build/Release-iphoneos/cmark-gfm-extensions.build/Objects-normal/arm64/ext_scanners.d --serialize-diagnostics /Users/runner/work/xiaodi/xiaodi/build/Build/Intermediates.noindex/cmark-gfm.build/Release-iphoneos/cmark-gfm-extensions.build/Objects-normal/arm64/ext_scanners.dia -c /Users/runner/work/xiaodi/xiaodi/build/SourcePackages/checkouts/swift-cmark/extensions/ext_scanners.c -o /Users/runner/work/xiaodi/xiaodi/build/Build/Intermediates.noindex/cmark-gfm.build/Release-iphoneos/cmark-gfm-extensions.build/Objects-normal/arm64/ext_scanners.o

CompileC /Users/runner/work/xiaodi/xiaodi/build/Build/Intermediates.noindex/cmark-gfm.build/Release-iphoneos/cmark-gfm-extensions.build/Objects-normal/arm64/core-extensions.o /Users/runner/work/xiaodi/xiaodi/build/SourcePackages/checkouts/swift-cmark/extensions/core-extensions.c normal arm64 c com.apple.compilers.llvm.clang.1_0.compiler (in target 'cmark-gfm-extensions' from project 'cmark-gfm')
    cd /Users/runner/work/xiaodi/xiaodi/DeepSeekHarnessMobile.xcodeproj
    
    Using response file: /Users/runner/work/xiaodi/xiaodi/build/Build/Intermediates.noindex/cmark-gfm.build/Release-iphoneos/cmark-gfm-extensions.build/Objects-normal/arm64/7187679823f38a2a940e0043cdf9d637-common-args.resp
    
    /Applications/Xcode_26.3.app/Contents/Developer/Toolchains/XcodeDefault.xctoolchain/usr/bin/clang -x c -ivfsstatcache /Users/runner/work/xiaodi/xiaodi/build/SDKStatCaches.noindex/iphoneos26.2-23C57-dc75598d0054f22ec865fa860f139d722dd23b4ebda140f7210d155ff1243552.sdkstatcache -fmessage-length\=0 -fdiagnostics-show-note-include-stack -fmacro-backtrace-limit\=0 -fno-color-diagnostics -fmodules-prune-interval\=86400 -fmodules-prune-after\=345600 -fbuild-session-file\=/Users/runner/work/xiaodi/xiaodi/build/ModuleCache.noindex/Session.modulevalidation -fmodules-validate-once-per-build-session -Wnon-modular-include-in-framework-module -Werror\=non-modular-include-in-framework-module -Wno-trigraphs -Wno-missing-field-initializers -Wno-missing-prototypes -Wno-return-type -Wno-missing-braces -Wparentheses -Wswitch -Wno-unused-function -Wno-unused-label -Wno-unused-parameter -Wno-unused-variable -Wunused-value -Wno-empty-body -Wno-uninitialized -Wno-unknown-pragmas -w -Wno-shadow -Wno-four-char-constants -Wno-conversion -Wno-constant-conversion -Wno-int-conversion -Wno-bool-conversion -Wno-enum-conversion -Wno-float-conversion -Wno-non-literal-null-conversion -Wno-objc-literal-conversion -Wshorten-64-to-32 -Wpointer-sign -Wno-newline-eof -Wno-implicit-fallthrough -fstrict-aliasing -Wdeprecated-declarations -Wno-sign-conversion -Wno-infinite-recursion -Wno-comma -Wno-block-capture-autoreleasing -Wno-strict-prototypes -Wno-semicolon-before-method-body @/Users/runner/work/xiaodi/xiaodi/build/Build/Intermediates.noindex/cmark-gfm.build/Release-iphoneos/cmark-gfm-extensions.build/Objects-normal/arm64/7187679823f38a2a940e0043cdf9d637-common-args.resp -MMD -MT dependencies -MF /Users/runner/work/xiaodi/xiaodi/build/Build/Intermediates.noindex/cmark-gfm.build/Release-iphoneos/cmark-gfm-extensions.build/Objects-normal/arm64/core-extensions.d --serialize-diagnostics /Users/runner/work/xiaodi/xiaodi/build/Build/Intermediates.noindex/cmark-gfm.build/Release-iphoneos/cmark-gfm-extensions.build/Objects-normal/arm64/core-extensions.dia -c /Users/runner/work/xiaodi/xiaodi/build/SourcePackages/checkouts/swift-cmark/extensions/core-extensions.c -o /Users/runner/work/xiaodi/xiaodi/build/Build/Intermediates.noindex/cmark-gfm.build/Release-iphoneos/cmark-gfm-extensions.build/Objects-normal/arm64/core-extensions.o

ScanDependencies /Users/runner/work/xiaodi/xiaodi/build/Build/Intermediates.noindex/cmark-gfm.build/Release-iphoneos/cmark-gfm-extensions.build/Objects-normal/arm64/autolink.o /Users/runner/work/xiaodi/xiaodi/build/SourcePackages/checkouts/swift-cmark/extensions/autolink.c normal arm64 c com.apple.compilers.llvm.clang.1_0.compiler (in target 'cmark-gfm-extensions' from project 'cmark-gfm')
    cd /Users/runner/work/xiaodi/xiaodi/DeepSeekHarnessMobile.xcodeproj
    
    Using response file: /Users/runner/work/xiaodi/xiaodi/build/Build/Intermediates.noindex/cmark-gfm.build/Release-iphoneos/cmark-gfm-extensions.build/Objects-normal/arm64/7187679823f38a2a940e0043cdf9d637-common-args.resp
    
    builtin-ScanDependencies -o /Users/runner/work/xiaodi/xiaodi/build/Build/Intermediates.noindex/cmark-gfm.build/Release-iphoneos/cmark-gfm-extensions.build/Objects-normal/arm64/autolink.o.scan -- /Applications/Xcode_26.3.app/Contents/Developer/Toolchains/XcodeDefault.xctoolchain/usr/bin/clang -x c -ivfsstatcache /Users/runner/work/xiaodi/xiaodi/build/SDKStatCaches.noindex/iphoneos26.2-23C57-dc75598d0054f22ec865fa860f139d722dd23b4ebda140f7210d155ff1243552.sdkstatcache -fmessage-length\=0 -fdiagnostics-show-note-include-stack -fmacro-backtrace-limit\=0 -fno-color-diagnostics -fmodules-prune-interval\=86400 -fmodules-prune-after\=345600 -fbuild-session-file\=/Users/runner/work/xiaodi/xiaodi/build/ModuleCache.noindex/Session.modulevalidation -fmodules-validate-once-per-build-session -Wnon-modular-include-in-framework-module -Werror\=non-modular-include-in-framework-module -Wno-trigraphs -Wno-missing-field-initializers -Wno-missing-prototypes -Wno-return-type -Wno-missing-braces -Wparentheses -Wswitch -Wno-unused-function -Wno-unused-label -Wno-unused-parameter -Wno-unused-variable -Wunused-value -Wno-empty-body -Wno-uninitialized -Wno-unknown-pragmas -w -Wno-shadow -Wno-four-char-constants -Wno-conversion -Wno-constant-conversion -Wno-int-conversion -Wno-bool-conversion -Wno-enum-conversion -Wno-float-conversion -Wno-non-literal-null-conversion -Wno-objc-literal-conversion -Wshorten-64-to-32 -Wpointer-sign -Wno-newline-eof -Wno-implicit-fallthrough -fstrict-aliasing -Wdeprecated-declarations -Wno-sign-conversion -Wno-infinite-recursion -Wno-comma -Wno-block-capture-autoreleasing -Wno-strict-prototypes -Wno-semicolon-before-method-body @/Users/runner/work/xiaodi/xiaodi/build/Build/Intermediates.noindex/cmark-gfm.build/Release-iphoneos/cmark-gfm-extensions.build/Objects-normal/arm64/7187679823f38a2a940e0043cdf9d637-common-args.resp -MMD -MT dependencies -MF /Users/runner/work/xiaodi/xiaodi/build/Build/Intermediates.noindex/cmark-gfm.build/Release-iphoneos/cmark-gfm-extensions.build/Objects-normal/arm64/autolink.d --serialize-diagnostics /Users/runner/work/xiaodi/xiaodi/build/Build/Intermediates.noindex/cmark-gfm.build/Release-iphoneos/cmark-gfm-extensions.build/Objects-normal/arm64/autolink.dia -c /Users/runner/work/xiaodi/xiaodi/build/SourcePackages/checkouts/swift-cmark/extensions/autolink.c -o /Users/runner/work/xiaodi/xiaodi/build/Build/Intermediates.noindex/cmark-gfm.build/Release-iphoneos/cmark-gfm-extensions.build/Objects-normal/arm64/autolink.o

ScanDependencies /Users/runner/work/xiaodi/xiaodi/build/Build/Intermediates.noindex/cmark-gfm.build/Release-iphoneos/cmark-gfm.build/Objects-normal/arm64/xml.o /Users/runner/work/xiaodi/xiaodi/build/SourcePackages/checkouts/swift-cmark/src/xml.c normal arm64 c com.apple.compilers.llvm.clang.1_0.compiler (in target 'cmark-gfm' from project 'cmark-gfm')
    cd /Users/runner/work/xiaodi/xiaodi/DeepSeekHarnessMobile.xcodeproj
    
    Using response file: /Users/runner/work/xiaodi/xiaodi/build/Build/Intermediates.noindex/cmark-gfm.build/Release-iphoneos/cmark-gfm.build/Objects-normal/arm64/7187679823f38a2a940e0043cdf9d637-common-args.resp
    
    builtin-ScanDependencies -o /Users/runner/work/xiaodi/xiaodi/build/Build/Intermediates.noindex/cmark-gfm.build/Release-iphoneos/cmark-gfm.build/Objects-normal/arm64/xml.o.scan -- /Applications/Xcode_26.3.app/Contents/Developer/Toolchains/XcodeDefault.xctoolchain/usr/bin/clang -x c -ivfsstatcache /Users/runner/work/xiaodi/xiaodi/build/SDKStatCaches.noindex/iphoneos26.2-23C57-dc75598d0054f22ec865fa860f139d722dd23b4ebda140f7210d155ff1243552.sdkstatcache -fmessage-length\=0 -fdiagnostics-show-note-include-stack -fmacro-backtrace-limit\=0 -fno-color-diagnostics -fmodules-prune-interval\=86400 -fmodules-prune-after\=345600 -fbuild-session-file\=/Users/runner/work/xiaodi/xiaodi/build/ModuleCache.noindex/Session.modulevalidation -fmodules-validate-once-per-build-session -Wnon-modular-include-in-framework-module -Werror\=non-modular-include-in-framework-module -Wno-trigraphs -Wno-missing-field-initializers -Wno-missing-prototypes -Wno-return-type -Wno-missing-braces -Wparentheses -Wswitch -Wno-unused-function -Wno-unused-label -Wno-unused-parameter -Wno-unused-variable -Wunused-value -Wno-empty-body -Wno-uninitialized -Wno-unknown-pragmas -w -Wno-shadow -Wno-four-char-constants -Wno-conversion -Wno-constant-conversion -Wno-int-conversion -Wno-bool-conversion -Wno-enum-conversion -Wno-float-conversion -Wno-non-literal-null-conversion -Wno-objc-literal-conversion -Wshorten-64-to-32 -Wpointer-sign -Wno-newline-eof -Wno-implicit-fallthrough -fstrict-aliasing -Wdeprecated-declarations -Wno-sign-conversion -Wno-infinite-recursion -Wno-comma -Wno-block-capture-autoreleasing -Wno-strict-prototypes -Wno-semicolon-before-method-body @/Users/runner/work/xiaodi/xiaodi/build/Build/Intermediates.noindex/cmark-gfm.build/Release-iphoneos/cmark-gfm.build/Objects-normal/arm64/7187679823f38a2a940e0043cdf9d637-common-args.resp -MMD -MT dependencies -MF /Users/runner/work/xiaodi/xiaodi/build/Build/Intermediates.noindex/cmark-gfm.build/Release-iphoneos/cmark-gfm.build/Objects-normal/arm64/xml.d --serialize-diagnostics /Users/runner/work/xiaodi/xiaodi/build/Build/Intermediates.noindex/cmark-gfm.build/Release-iphoneos/cmark-gfm.build/Objects-normal/arm64/xml.dia -c /Users/runner/work/xiaodi/xiaodi/build/SourcePackages/checkouts/swift-cmark/src/xml.c -o /Users/runner/work/xiaodi/xiaodi/build/Build/Intermediates.noindex/cmark-gfm.build/Release-iphoneos/cmark-gfm.build/Objects-normal/arm64/xml.o

PrecompileModule /Users/runner/work/xiaodi/xiaodi/build/Build/Intermediates.noindex/ExplicitPrecompiledModules/_Builtin_inttypes-C134Y1QM6MVZGYQ3A19V4JSO3.scan
    cd /
    builtin-precompileModule /Users/runner/work/xiaodi/xiaodi/build/Build/Intermediates.noindex/ExplicitPrecompiledModules/_Builtin_inttypes-C134Y1QM6MVZGYQ3A19V4JSO3.scan

SwiftCompile normal arm64 Compiling\ ChatItemAlignment.swift,\ ChatItemPinningType.swift,\ ChatLayoutAttributes.swift,\ ChatLayoutDelegate.swift,\ ChatLayoutInvalidationContext.swift,\ ChatLayoutPositionSnapshot.swift,\ ChatLayoutSettings.swift,\ CollectionViewChatLayout.swift,\ CGRect+Extension.swift,\ IndexPath+Extension.swift,\ RandomAccessCollection+Extension.swift,\ ChangeItem.swift,\ ItemModel.swift,\ ItemPath.swift,\ ItemSize.swift,\ LayoutModel.swift,\ ModelState.swift,\ SectionModel.swift,\ StateController.swift,\ CellLayoutContainerView.swift,\ ContainerCollectionReusableView.swift,\ ContainerCollectionViewCell.swift,\ ContainerCollectionViewCellDelegate.swift,\ EdgeAligningView.swift,\ NSLayoutAnchor+Extension.swift,\ NSLayoutDimension+Extension.swift,\ UILayoutPriority+Extension.swift,\ ImageMaskedView.swift,\ MessageContainerView.swift,\ RoundedCornersContainerView.swift,\ StaticViewFactory.swift,\ SwappingContainerView.swift /Users/runner/work/xiaodi/xiaodi/build/SourcePackages/checkouts/ChatLayout/ChatLayout/Classes/Core/ChatItemAlignment.swift /Users/runner/work/xiaodi/xiaodi/build/SourcePackages/checkouts/ChatLayout/ChatLayout/Classes/Core/ChatItemPinningType.swift /Users/runner/work/xiaodi/xiaodi/build/SourcePackages/checkouts/ChatLayout/ChatLayout/Classes/Core/ChatLayoutAttributes.swift /Users/runner/work/xiaodi/xiaodi/build/SourcePackages/checkouts/ChatLayout/ChatLayout/Classes/Core/ChatLayoutDelegate.swift /Users/runner/work/xiaodi/xiaodi/build/SourcePackages/checkouts/ChatLayout/ChatLayout/Classes/Core/ChatLayoutInvalidationContext.swift /Users/runner/work/xiaodi/xiaodi/build/SourcePackages/checkouts/ChatLayout/ChatLayout/Classes/Core/ChatLayoutPositionSnapshot.swift /Users/runner/work/xiaodi/xiaodi/build/SourcePackages/checkouts/ChatLayout/ChatLayout/Classes/Core/ChatLayoutSettings.swift /Users/runner/work/xiaodi/xiaodi/build/SourcePackages/checkouts/ChatLayout/ChatLayout/Classes/Core/CollectionViewChatLayout.swift /Users/runner/work/xiaodi/xiaodi/build/SourcePackages/checkouts/ChatLayout/ChatLayout/Classes/Core/Extensions/CGRect+Extension.swift /Users/runner/work/xiaodi/xiaodi/build/SourcePackages/checkouts/ChatLayout/ChatLayout/Classes/Core/Extensions/IndexPath+Extension.swift /Users/runner/work/xiaodi/xiaodi/build/SourcePackages/checkouts/ChatLayout/ChatLayout/Classes/Core/Extensions/RandomAccessCollection+Extension.swift /Users/runner/work/xiaodi/xiaodi/build/SourcePackages/checkouts/ChatLayout/ChatLayout/Classes/Core/Model/ChangeItem.swift /Users/runner/work/xiaodi/xiaodi/build/SourcePackages/checkouts/ChatLayout/ChatLayout/Classes/Core/Model/ItemModel.swift /Users/runner/work/xiaodi/xiaodi/build/SourcePackages/checkouts/ChatLayout/ChatLayout/Classes/Core/Model/ItemPath.swift /Users/runner/work/xiaodi/xiaodi/build/SourcePackages/checkouts/ChatLayout/ChatLayout/Classes/Core/Model/ItemSize.swift /Users/runner/work/xiaodi/xiaodi/build/SourcePackages/checkouts/ChatLayout/ChatLayout/Classes/Core/Model/LayoutModel.swift /Users/runner/work/xiaodi/xiaodi/build/SourcePackages/checkouts/ChatLayout/ChatLayout/Classes/Core/Model/ModelState.swift /Users/runner/work/xiaodi/xiaodi/build/SourcePackages/checkouts/ChatLayout/ChatLayout/Classes/Core/Model/SectionModel.swift /Users/runner/work/xiaodi/xiaodi/build/SourcePackages/checkouts/ChatLayout/ChatLayout/Classes/Core/Model/StateController.swift /Users/runner/work/xiaodi/xiaodi/build/SourcePackages/checkouts/ChatLayout/ChatLayout/Classes/Extras/CellLayoutContainerView.swift /Users/runner/work/xiaodi/xiaodi/build/SourcePackages/checkouts/ChatLayout/ChatLayout/Classes/Extras/ContainerCollectionReusableView.swift /Users/runner/work/xiaodi/xiaodi/build/SourcePackages/checkouts/ChatLayout/ChatLayout/Classes/Extras/ContainerCollectionViewCell.swift /Users/runner/work/xiaodi/xiaodi/build/SourcePackages/checkouts/ChatLayout/ChatLayout/Classes/Extras/ContainerCollectionViewCellDelegate.swift /Users/runner/work/xiaodi/xiaodi/build/SourcePackages/checkouts/ChatLayout/ChatLayout/Classes/Extras/EdgeAligningView.swift /Users/runner/work/xiaodi/xiaodi/build/SourcePackages/checkouts/ChatLayout/ChatLayout/Classes/Extras/Extensions/NSLayoutAnchor+Extension.swift /Users/runner/work/xiaodi/xiaodi/build/SourcePackages/checkouts/ChatLayout/ChatLayout/Classes/Extras/Extensions/NSLayoutDimension+Extension.swift /Users/runner/work/xiaodi/xiaodi/build/SourcePackages/checkouts/ChatLayout/ChatLayout/Classes/Extras/Extensions/UILayoutPriority+Extension.swift /Users/runner/work/xiaodi/xiaodi/build/SourcePackages/checkouts/ChatLayout/ChatLayout/Classes/Extras/ImageMaskedView.swift /Users/runner/work/xiaodi/xiaodi/build/SourcePackages/checkouts/ChatLayout/ChatLayout/Classes/Extras/MessageContainerView.swift /Users/runner/work/xiaodi/xiaodi/build/SourcePackages/checkouts/ChatLayout/ChatLayout/Classes/Extras/RoundedCornersContainerView.swift /Users/runner/work/xiaodi/xiaodi/build/SourcePackages/checkouts/ChatLayout/ChatLayout/Classes/Extras/StaticViewFactory.swift /Users/runner/work/xiaodi/xiaodi/build/SourcePackages/checkouts/ChatLayout/ChatLayout/Classes/Extras/SwappingContainerView.swift /Applications/Xcode_26.3.app/Contents/Developer/Toolchains/XcodeDefault.xctoolchain/usr/lib/swift/iphoneos/prebuilt-modules/26.2/CoreGraphics.swiftmodule/arm64e-apple-ios.swiftmodule /Applications/Xcode_26.3.app/Contents/Developer/Toolchains/XcodeDefault.xctoolchain/usr/lib/swift/iphoneos/prebuilt-modules/26.2/_Builtin_float.swiftmodule/arm64e-apple-ios.swiftmodule /Applications/Xcode_26.3.app/Contents/Developer/Toolchains/XcodeDefault.xctoolchain/usr/lib/swift/iphoneos/prebuilt-modules/26.2/_StringProcessing.swiftmodule/arm64e-apple-ios.swiftmodule /Applications/Xcode_26.3.app/Contents/Developer/Toolchains/XcodeDefault.xctoolchain/usr/lib/swift/iphoneos/prebuilt-modules/26.2/SwiftUICore.swiftmodule/arm64e-apple-ios.swiftmodule /Applications/Xcode_26.3.app/Contents/Developer/Toolchains/XcodeDefault.xctoolchain/usr/lib/swift/iphoneos/prebuilt-modules/26.2/CoreFoundation.swiftmodule/arm64e-apple-ios.swiftmodule /Applications/Xcode_26.3.app/Contents/Developer/Toolchains/XcodeDefault.xctoolchain/usr/lib/swift/iphoneos/prebuilt-modules/26.2/ObjectiveC.swiftmodule/arm64e-apple-ios.swiftmodule /Applications/Xcode_26.3.app/Contents/Developer/Toolchains/XcodeDefault.xctoolchain/usr/lib/swift/iphoneos/prebuilt-modules/26.2/CoreText.swiftmodule/arm64e-apple-ios.swiftmodule /Applications/Xcode_26.3.app/Contents/Developer/Toolchains/XcodeDefault.xctoolchain/usr/lib/swift/iphoneos/prebuilt-modules/26.2/Foundation.swiftmodule/arm64e-apple-ios.swiftmodule /Applications/Xcode_26.3.app/Contents/Developer/Toolchains/XcodeDefault.xctoolchain/usr/lib/swift/iphoneos/prebuilt-modules/26.2/QuartzCore.swiftmodule/arm64e-apple-ios.swiftmodule /Applications/Xcode_26.3.app/Contents/Developer/Toolchains/XcodeDefault.xctoolchain/usr/lib/swift/iphoneos/prebuilt-modules/26.2/Symbols.swiftmodule/arm64e-apple-ios.swiftmodule /Applications/Xcode_26.3.app/Contents/Developer/Toolchains/XcodeDefault.xctoolchain/usr/lib/swift/iphoneos/prebuilt-modules/26.2/OSLog.swiftmodule/arm64e-apple-ios.swiftmodule /Applications/Xcode_26.3.app/Contents/Developer/Toolchains/XcodeDefault.xctoolchain/usr/lib/swift/iphoneos/prebuilt-modules/26.2/UIKit.swiftmodule/arm64e-apple-ios.swiftmodule /Applications/Xcode_26.3.app/Contents/Developer/Toolchains/XcodeDefault.xctoolchain/usr/lib/swift/iphoneos/prebuilt-modules/26.2/os.swiftmodule/arm64e-apple-ios.swiftmodule /Applications/Xcode_26.3.app/Contents/Developer/Toolchains/XcodeDefault.xctoolchain/usr/lib/swift/iphoneos/prebuilt-modules/26.2/Swift.swiftmodule/arm64e-apple-ios.swiftmodule /Applications/Xcode_26.3.app/Contents/Developer/Toolchains/XcodeDefault.xctoolchain/usr/lib/swift/iphoneos/prebuilt-modules/26.2/_DarwinFoundation2.swiftmodule/arm64e-apple-ios.swiftmodule /Applications/Xcode_26.3.app/Contents/Developer/Toolchains/XcodeDefault.xctoolchain/usr/lib/swift/iphoneos/prebuilt-modules/26.2/Dispatch.swiftmodule/arm64e-apple-ios.swiftmodule /Applications/Xcode_26.3.app/Contents/Developer/Toolchains/XcodeDefault.xctoolchain/usr/lib/swift/iphoneos/prebuilt-modules/26.2/Metal.swiftmodule/arm64e-apple-ios.swiftmodule /Applications/Xcode_26.3.app/Contents/Developer/Toolchains/XcodeDefault.xctoolchain/usr/lib/swift/iphoneos/prebuilt-modules/26.2/_Concurrency.swiftmodule/arm64e-apple-ios.swiftmodule /Applications/Xcode_26.3.app/Contents/Developer/Toolchains/XcodeDefault.xctoolchain/usr/lib/swift/iphoneos/prebuilt-modules/26.2/DataDetection.swiftmodule/arm64e-apple-ios.swiftmodule /Applications/Xcode_26.3.app/Contents/Developer/Toolchains/XcodeDefault.xctoolchain/usr/lib/swift/iphoneos/prebuilt-modules/26.2/Accessibility.swiftmodule/arm64e-apple-ios.swiftmodule /Applications/Xcode_26.3.app/Contents/Developer/Toolchains/XcodeDefault.xctoolchain/usr/lib/swift/iphoneos/prebuilt-modules/26.2/Darwin.swiftmodule/arm64e-apple-ios.swiftmodule /Applications/Xcode_26.3.app/Contents/Developer/Toolchains/XcodeDefault.xctoolchain/usr/lib/swift/iphoneos/prebuilt-modules/26.2/CoreImage.swiftmodule/arm64e-apple-ios.swiftmodule /Applications/Xcode_26.3.app/Contents/Developer/Toolchains/XcodeDefault.xctoolchain/usr/lib/swift/iphoneos/prebuilt-modules/26.2/_DarwinFoundation3.swiftmodule/arm64e-apple-ios.swiftmodule /Applications/Xcode_26.3.app/Contents/Developer/Toolchains/XcodeDefault.xctoolchain/usr/lib/swift/iphoneos/prebuilt-modules/26.2/UniformTypeIdentifiers.swiftmodule/arm64e-apple-ios.swiftmodule /Applications/Xcode_26.3.app/Contents/Developer/Toolchains/XcodeDefault.xctoolchain/usr/lib/swift/iphoneos/prebuilt-modules/26.2/DeveloperToolsSupport.swiftmodule/arm64e-apple-ios.swiftmodule /Applications/Xcode_26.3.app/Contents/Developer/Toolchains/XcodeDefault.xctoolchain/usr/lib/swift/iphoneos/prebuilt-modules/26.2/FileProvider.swiftmodule/arm64e-apple-ios.swiftmodule /Applications/Xcode_26.3.app/Contents/Developer/Toolchains/XcodeDefault.xctoolchain/usr/lib/swift/iphoneos/prebuilt-modules/26.2/CoreTransferable.swiftmodule/arm64e-apple-ios.swiftmodule /Applications/Xcode_26.3.app/Contents/Developer/Toolchains/XcodeDefault.xctoolchain/usr/lib/swift/iphoneos/prebuilt-modules/26.2/_DarwinFoundation1.swiftmodule/arm64e-apple-ios.swiftmodule /Applications/Xcode_26.3.app/Contents/Developer/Toolchains/XcodeDefault.xctoolchain/usr/lib/swift/iphoneos/prebuilt-modules/26.2/Combine.swiftmodule/arm64e-apple-ios.swiftmodule /Applications/Xcode_26.3.app/Contents/Developer/Toolchains/XcodeDefault.xctoolchain/usr/lib/swift/iphoneos/prebuilt-modules/26.2/System.swiftmodule/arm64e-apple-ios.swiftmodule /Applications/Xcode_26.3.app/Contents/Developer/Toolchains/XcodeDefault.xctoolchain/usr/lib/swift/iphoneos/prebuilt-modules/26.2/Observation.swiftmodule/arm64e-apple-ios.swiftmodule /Applications/Xcode_26.3.app/Contents/Developer/Toolchains/XcodeDefault.xctoolchain/usr/lib/swift/iphoneos/prebuilt-modules/26.2/CoreVideo.swiftmodule/arm64e-apple-ios.swiftmodule /Applications/Xcode_26.3.app/Contents/Developer/Toolchains/XcodeDefault.xctoolchain/usr/lib/swift/iphoneos/prebuilt-modules/26.2/XPC.swiftmodule/arm64e-apple-ios.swiftmodule /Users/runner/work/xiaodi/xiaodi/build/ModuleCache.noindex/_DarwinFoundation1-6DSLEUHEP3PZ511NPZN1E8R51.pcm /Users/runner/work/xiaodi/xiaodi/build/ModuleCache.noindex/FileProvider-8WFM1MZ54GLU2PK88GB90U8HS.pcm /Users/runner/work/xiaodi/xiaodi/build/ModuleCache.noindex/Darwin-ERNHHZ6PZNEFE0BR612CMQ38P.pcm /Users/runner/work/xiaodi/xiaodi/build/ModuleCache.noindex/UIUtilities-DHFNYGO9814KPWE9CCL13ZGD3.pcm /Users/runner/work/xiaodi/xiaodi/build/ModuleCache.noindex/IOSurface-C38UIUGJWCQ55FK0WCEZEHA9U.pcm /Users/runner/work/xiaodi/xiaodi/build/ModuleCache.noindex/ptrcheck-863C9OUCKI05CDQOVV2863EGA.pcm /Users/runner/work/xiaodi/xiaodi/build/ModuleCache.noindex/_Builtin_stdbool-CCOR3M6FPAY9W5E5PDUKSWBCR.pcm /Users/runner/work/xiaodi/xiaodi/build/ModuleCache.noindex/sys_types-BUIM6D4T2724AEZ87HPC722EY.pcm /Users/runner/work/xiaodi/xiaodi/build/ModuleCache.noindex/MachO-9TMLGWALCEMC7A6LZ6AY92AMD.pcm /Users/runner/work/xiaodi/xiaodi/build/ModuleCache.noindex/_Builtin_limits-DD1A359YDXALQQS89BMRRGRWW.pcm /Users/runner/work/xiaodi/xiaodi/build/ModuleCache.noindex/UniformTypeIdentifiers-6Y4F0OI1K2FX10ZDNRFWCRFI9.pcm /Users/runner/work/xiaodi/xiaodi/build/ModuleCache.noindex/SwiftShims-6I5G8XE2C7LUPCG5LO7UDEJPL.pcm /Users/runner/work/xiaodi/xiaodi/build/ModuleCache.noindex/Metal-864DLFTI2CO0ORJPVWT6B1KOJ.pcm /Users/runner/work/xiaodi/xiaodi/build/ModuleCache.noindex/Symbols-13802VFL3Q7RT22XJ36L98H13.pcm /Users/runner/work/xiaodi/xiaodi/build/ModuleCache.noindex/ObjectiveC-1LP8W759DVKRMT2VO0XVVMXE1.pcm /Users/runner/work/xiaodi/xiaodi/build/ModuleCache.noindex/_Builtin_stdint-7V0N4CQIR3DMYS1K9UKMLYKDU.pcm /Users/runner/work/xiaodi/xiaodi/build/ModuleCache.noindex/CoreImage-CQWVKWHHBLJG7XG3GBRJ3ZZPR.pcm /Users/runner/work/xiaodi/xiaodi/build/ModuleCache.noindex/CoreVideo-436I648NZY5587HK55GZOBRAJ.pcm /Users/runner/work/xiaodi/xiaodi/build/ModuleCache.noindex/QuartzCore-F61AITTI4SA361A8ZYWY12GO.pcm /Users/runner/work/xiaodi/xiaodi/build/ModuleCache.noindex/_AvailabilityInternal-BODVSEMS9SNV3KQAHB592AUMX.pcm /Users/runner/work/xiaodi/xiaodi/build/ModuleCache.noindex/XPC-2MLK2DH7A5RXD2XHRYESUBEXT.pcm /Users/runner/work/xiaodi/xiaodi/build/ModuleCache.noindex/CoreTransferable-7BM9DDH4I55JPPB3M9HQ4C6FS.pcm /Users/runner/work/xiaodi/xiaodi/build/ModuleCache.noindex/_Builtin_inttypes-4YVGEN9W4FF12DZ7OPIHV3ZJF.pcm /Users/runner/work/xiaodi/xiaodi/build/ModuleCache.noindex/CFNetwork-486LYJJ5TRZBE9C5K2COMZD6P.pcm /Users/runner/work/xiaodi/xiaodi/build/ModuleCache.noindex/os-D5KHFR73WRZROBHUWE04ESVEC.pcm /Users/runner/work/xiaodi/xiaodi/build/ModuleCache.noindex/_Builtin_stdatomic-8U90IJPSLIXQ7MB00OSATTDGB.pcm /Users/runner/work/xiaodi/xiaodi/build/ModuleCache.noindex/Dispatch-DBPSPJNBPPEAXED1KOMPV4YJ.pcm /Users/runner/work/xiaodi/xiaodi/build/ModuleCache.noindex/UserNotifications-EGGHI60179DQZ2A3OBOM98P24.pcm /Users/runner/work/xiaodi/xiaodi/build/ModuleCache.noindex/CoreGraphics-C8TS6K8U3Y2L0VOYXGI8ZNI4N.pcm /Users/runner/work/xiaodi/xiaodi/build/ModuleCache.noindex/os_workgroup-86XIIA7ZEI9KB4XQ7KUUOLM1V.pcm /Users/runner/work/xiaodi/xiaodi/build/ModuleCache.noindex/os_object-6IRIPOIKMJO0X3J9K52WJ2G1J.pcm /Users/runner/work/xiaodi/xiaodi/build/ModuleCache.noindex/Accessibility-DXQKAWL0HZKASCAKFOQ3YBG2P.pcm /Users/runner/work/xiaodi/xiaodi/build/ModuleCache.noindex/UIKit-CF53RHS5NAZF5DB4QFX85HR11.pcm /Users/runner/work/xiaodi/xiaodi/build/ModuleCache.noindex/_DarwinFoundation2-2RDPPD68YMVSO5TWHFYUKU2SY.pcm /Users/runner/work/xiaodi/xiaodi/build/ModuleCache.noindex/DataDetection-7GWFFGJALU4OTYU7AD0Y768RF.pcm /Users/runner/work/xiaodi/xiaodi/build/ModuleCache.noindex/_Builtin_stddef-3H7BHR41HJLZUKAJK60PMIR2J.pcm /Users/runner/work/xiaodi/xiaodi/build/ModuleCache.noindex/SwiftUICore-1F49XM9VSAW3C4VY5JAE35DB.pcm /Users/runner/work/xiaodi/xiaodi/build/ModuleCache.noindex/ImageIO-5RIJ4WS7CRNMCBRM5H2HH97AR.pcm /Users/runner/work/xiaodi/xiaodi/build/ModuleCache.noindex/ptrauth-6KQFF0JGV7QDA5CP1SYT90A6A.pcm /Users/runner/work/xiaodi/xiaodi/build/ModuleCache.noindex/OSLog-4YK9UZWKWHD4B8Y3WGXNVVCWC.pcm /Users/runner/work/xiaodi/xiaodi/build/ModuleCache.noindex/Foundation-6ENLXAXZBN531KGP7G8YUOL16.pcm /Users/runner/work/xiaodi/xiaodi/build/ModuleCache.noindex/_Builtin_float-EWU52RCIER6OZ6XFF2W4TTMFY.pcm /Users/runner/work/xiaodi/xiaodi/build/ModuleCache.noindex/CoreFoundation-6F8REXHEMUSYQAMGX1X5K1PKP.pcm /Users/runner/work/xiaodi/xiaodi/build/ModuleCache.noindex/CoreText-DN2I3UA81PP6OLUJWUF1M1VCB.pcm /Users/runner/work/xiaodi/xiaodi/build/ModuleCache.noindex/_Builtin_stdarg-41NSK0X8ZGOI6NBG82LO5GM4Y.pcm /Users/runner/work/xiaodi/xiaodi/build/ModuleCache.noindex/Security-F27Y06WAXOAZG2FMZ03CHHLDZ.pcm /Users/runner/work/xiaodi/xiaodi/build/ModuleCache.noindex/DeveloperToolsSupport-P3QJNYEBQSXMCVBW1MRMDXQS.pcm /Users/runner/work/xiaodi/xiaodi/build/ModuleCache.noindex/_DarwinFoundation3-9G8Y7Y5U1L5XLXTFEU1YYQ5BF.pcm /Users/runner/work/xiaodi/xiaodi/build/ModuleCache.noindex/_SwiftConcurrencyShims-DR6L5QR3KJOK92D1QLL4RKDCE.pcm /Users/runner/work/xiaodi/xiaodi/build/ModuleCache.noindex/OpenGLES-E87RLDACZOBEYGW0RISHE6Y1P.pcm /Users/runner/work/xiaodi/xiaodi/build/Build/Intermediates.noindex/ChatLayout.build/Release-iphoneos/ChatLayout.build/Objects-normal/arm64/ChatLayout-dependencies-1.json (in target 'ChatLayout' from project 'ChatLayout')
CompileSwift normal arm64 (in target 'ChatLayout' from project 'ChatLayout')
    cd /Users/runner/work/xiaodi/xiaodi/DeepSeekHarnessMobile.xcodeproj
    

SwiftExplicitDependencyGeneratePcm arm64 /Users/runner/work/xiaodi/xiaodi/build/ModuleCache.noindex/SwiftUI-70EM0YJSRIBGSMGP3NLS9YI85.pcm

CompileC /Users/runner/work/xiaodi/xiaodi/build/Build/Intermediates.noindex/cmark-gfm.build/Release-iphoneos/cmark-gfm.build/Objects-normal/arm64/xml.o /Users/runner/work/xiaodi/xiaodi/build/SourcePackages/checkouts/swift-cmark/src/xml.c normal arm64 c com.apple.compilers.llvm.clang.1_0.compiler (in target 'cmark-gfm' from project 'cmark-gfm')
    cd /Users/runner/work/xiaodi/xiaodi/DeepSeekHarnessMobile.xcodeproj
    
    Using response file: /Users/runner/work/xiaodi/xiaodi/build/Build/Intermediates.noindex/cmark-gfm.build/Release-iphoneos/cmark-gfm.build/Objects-normal/arm64/7187679823f38a2a940e0043cdf9d637-common-args.resp
    
    /Applications/Xcode_26.3.app/Contents/Developer/Toolchains/XcodeDefault.xctoolchain/usr/bin/clang -x c -ivfsstatcache /Users/runner/work/xiaodi/xiaodi/build/SDKStatCaches.noindex/iphoneos26.2-23C57-dc75598d0054f22ec865fa860f139d722dd23b4ebda140f7210d155ff1243552.sdkstatcache -fmessage-length\=0 -fdiagnostics-show-note-include-stack -fmacro-backtrace-limit\=0 -fno-color-diagnostics -fmodules-prune-interval\=86400 -fmodules-prune-after\=345600 -fbuild-session-file\=/Users/runner/work/xiaodi/xiaodi/build/ModuleCache.noindex/Session.modulevalidation -fmodules-validate-once-per-build-session -Wnon-modular-include-in-framework-module -Werror\=non-modular-include-in-framework-module -Wno-trigraphs -Wno-missing-field-initializers -Wno-missing-prototypes -Wno-return-type -Wno-missing-braces -Wparentheses -Wswitch -Wno-unused-function -Wno-unused-label -Wno-unused-parameter -Wno-unused-variable -Wunused-value -Wno-empty-body -Wno-uninitialized -Wno-unknown-pragmas -w -Wno-shadow -Wno-four-char-constants -Wno-conversion -Wno-constant-conversion -Wno-int-conversion -Wno-bool-conversion -Wno-enum-conversion -Wno-float-conversion -Wno-non-literal-null-conversion -Wno-objc-literal-conversion -Wshorten-64-to-32 -Wpointer-sign -Wno-newline-eof -Wno-implicit-fallthrough -fstrict-aliasing -Wdeprecated-declarations -Wno-sign-conversion -Wno-infinite-recursion -Wno-comma -Wno-block-capture-autoreleasing -Wno-strict-prototypes -Wno-semicolon-before-method-body @/Users/runner/work/xiaodi/xiaodi/build/Build/Intermediates.noindex/cmark-gfm.build/Release-iphoneos/cmark-gfm.build/Objects-normal/arm64/7187679823f38a2a940e0043cdf9d637-common-args.resp -MMD -MT dependencies -MF /Users/runner/work/xiaodi/xiaodi/build/Build/Intermediates.noindex/cmark-gfm.build/Release-iphoneos/cmark-gfm.build/Objects-normal/arm64/xml.d --serialize-diagnostics /Users/runner/work/xiaodi/xiaodi/build/Build/Intermediates.noindex/cmark-gfm.build/Release-iphoneos/cmark-gfm.build/Objects-normal/arm64/xml.dia -c /Users/runner/work/xiaodi/xiaodi/build/SourcePackages/checkouts/swift-cmark/src/xml.c -o /Users/runner/work/xiaodi/xiaodi/build/Build/Intermediates.noindex/cmark-gfm.build/Release-iphoneos/cmark-gfm.build/Objects-normal/arm64/xml.o

SwiftCompile normal arm64 Compiling\ Deprecations.swift,\ ImageSource.swift,\ NetworkImage.swift,\ NetworkImageCache.swift,\ NetworkImageLoader.swift,\ NetworkImageModel.swift,\ NetworkImageState.swift,\ TaskModifier.swift,\ URLSession+NetworkImage.swift,\ View+NetworkImageLoader.swift /Users/runner/work/xiaodi/xiaodi/build/SourcePackages/checkouts/NetworkImage/Sources/NetworkImage/Deprecations.swift /Users/runner/work/xiaodi/xiaodi/build/SourcePackages/checkouts/NetworkImage/Sources/NetworkImage/ImageSource.swift /Users/runner/work/xiaodi/xiaodi/build/SourcePackages/checkouts/NetworkImage/Sources/NetworkImage/NetworkImage.swift /Users/runner/work/xiaodi/xiaodi/build/SourcePackages/checkouts/NetworkImage/Sources/NetworkImage/NetworkImageCache.swift /Users/runner/work/xiaodi/xiaodi/build/SourcePackages/checkouts/NetworkImage/Sources/NetworkImage/NetworkImageLoader.swift /Users/runner/work/xiaodi/xiaodi/build/SourcePackages/checkouts/NetworkImage/Sources/NetworkImage/NetworkImageModel.swift /Users/runner/work/xiaodi/xiaodi/build/SourcePackages/checkouts/NetworkImage/Sources/NetworkImage/NetworkImageState.swift /Users/runner/work/xiaodi/xiaodi/build/SourcePackages/checkouts/NetworkImage/Sources/NetworkImage/TaskModifier.swift /Users/runner/work/xiaodi/xiaodi/build/SourcePackages/checkouts/NetworkImage/Sources/NetworkImage/URLSession+NetworkImage.swift /Users/runner/work/xiaodi/xiaodi/build/SourcePackages/checkouts/NetworkImage/Sources/NetworkImage/View+NetworkImageLoader.swift /Applications/Xcode_26.3.app/Contents/Developer/Toolchains/XcodeDefault.xctoolchain/usr/lib/swift/iphoneos/prebuilt-modules/26.2/OSLog.swiftmodule/arm64e-apple-ios.swiftmodule /Applications/Xcode_26.3.app/Contents/Developer/Toolchains/XcodeDefault.xctoolchain/usr/lib/swift/iphoneos/prebuilt-modules/26.2/Observation.swiftmodule/arm64e-apple-ios.swiftmodule /Applications/Xcode_26.3.app/Contents/Developer/Toolchains/XcodeDefault.xctoolchain/usr/lib/swift/iphoneos/prebuilt-modules/26.2/_DarwinFoundation3.swiftmodule/arm64e-apple-ios.swiftmodule /Applications/Xcode_26.3.app/Contents/Developer/Toolchains/XcodeDefault.xctoolchain/usr/lib/swift/iphoneos/prebuilt-modules/26.2/System.swiftmodule/arm64e-apple-ios.swiftmodule /Applications/Xcode_26.3.app/Contents/Developer/Toolchains/XcodeDefault.xctoolchain/usr/lib/swift/iphoneos/prebuilt-modules/26.2/SwiftUICore.swiftmodule/arm64e-apple-ios.swiftmodule /Applications/Xcode_26.3.app/Contents/Developer/Toolchains/XcodeDefault.xctoolchain/usr/lib/swift/iphoneos/prebuilt-modules/26.2/Darwin.swiftmodule/arm64e-apple-ios.swiftmodule /Applications/Xcode_26.3.app/Contents/Developer/Toolchains/XcodeDefault.xctoolchain/usr/lib/swift/iphoneos/prebuilt-modules/26.2/_Builtin_float.swiftmodule/arm64e-apple-ios.swiftmodule /Applications/Xcode_26.3.app/Contents/Developer/Toolchains/XcodeDefault.xctoolchain/usr/lib/swift/iphoneos/prebuilt-modules/26.2/simd.swiftmodule/arm64e-apple-ios.swiftmodule /Applications/Xcode_26.3.app/Contents/Developer/Toolchains/XcodeDefault.xctoolchain/usr/lib/swift/iphoneos/prebuilt-modules/26.2/CoreImage.swiftmodule/arm64e-apple-ios.swiftmodule /Applications/Xcode_26.3.app/Contents/Developer/Toolchains/XcodeDefault.xctoolchain/usr/lib/swift/iphoneos/prebuilt-modules/26.2/Foundation.swiftmodule/arm64e-apple-ios.swiftmodule /Applications/Xcode_26.3.app/Contents/Developer/Toolchains/XcodeDefault.xctoolchain/usr/lib/swift/iphoneos/prebuilt-modules/26.2/DataDetection.swiftmodule/arm64e-apple-ios.swiftmodule /Applications/Xcode_26.3.app/Contents/Developer/Toolchains/XcodeDefault.xctoolchain/usr/lib/swift/iphoneos/prebuilt-modules/26.2/CoreText.swiftmodule/arm64e-apple-ios.swiftmodule /Applications/Xcode_26.3.app/Contents/Developer/Toolchains/XcodeDefault.xctoolchain/usr/lib/swift/iphoneos/prebuilt-modules/26.2/_DarwinFoundation1.swiftmodule/arm64e-apple-ios.swiftmodule /Applications/Xcode_26.3.app/Contents/Developer/Toolchains/XcodeDefault.xctoolchain/usr/lib/swift/iphoneos/prebuilt-modules/26.2/CoreVideo.swiftmodule/arm64e-apple-ios.swiftmodule /Applications/Xcode_26.3.app/Contents/Developer/Toolchains/XcodeDefault.xctoolchain/usr/lib/swift/iphoneos/prebuilt-modules/26.2/ObjectiveC.swiftmodule/arm64e-apple-ios.swiftmodule /Applications/Xcode_26.3.app/Contents/Developer/Toolchains/XcodeDefault.xctoolchain/usr/lib/swift/iphoneos/prebuilt-modules/26.2/UniformTypeIdentifiers.swiftmodule/arm64e-apple-ios.swiftmodule /Applications/Xcode_26.3.app/Contents/Developer/Toolchains/XcodeDefault.xctoolchain/usr/lib/swift/iphoneos/prebuilt-modules/26.2/_DarwinFoundation2.swiftmodule/arm64e-apple-ios.swiftmodule /Applications/Xcode_26.3.app/Contents/Developer/Toolchains/XcodeDefault.xctoolchain/usr/lib/swift/iphoneos/prebuilt-modules/26.2/Spatial.swiftmodule/arm64e-apple-ios.swiftmodule /Applications/Xcode_26.3.app/Contents/Developer/Toolchains/XcodeDefault.xctoolchain/usr/lib/swift/iphoneos/prebuilt-modules/26.2/Symbols.swiftmodule/arm64e-apple-ios.swiftmodule /Applications/Xcode_26.3.app/Contents/Developer/Toolchains/XcodeDefault.xctoolchain/usr/lib/swift/iphoneos/prebuilt-modules/26.2/os.swiftmodule/arm64e-apple-ios.swiftmodule /Applications/Xcode_26.3.app/Contents/Developer/Toolchains/XcodeDefault.xctoolchain/usr/lib/swift/iphoneos/prebuilt-modules/26.2/_Concurrency.swiftmodule/arm64e-apple-ios.swiftmodule /Applications/Xcode_26.3.app/Contents/Developer/Toolchains/XcodeDefault.xctoolchain/usr/lib/swift/iphoneos/prebuilt-modules/26.2/Dispatch.swiftmodule/arm64e-apple-ios.swiftmodule /Applications/Xcode_26.3.app/Contents/Developer/Toolchains/XcodeDefault.xctoolchain/usr/lib/swift/iphoneos/prebuilt-modules/26.2/Swift.swiftmodule/arm64e-apple-ios.swiftmodule /Applications/Xcode_26.3.app/Contents/Developer/Toolchains/XcodeDefault.xctoolchain/usr/lib/swift/iphoneos/prebuilt-modules/26.2/XPC.swiftmodule/arm64e-apple-ios.swiftmodule /Applications/Xcode_26.3.app/Contents/Developer/Toolchains/XcodeDefault.xctoolchain/usr/lib/swift/iphoneos/prebuilt-modules/26.2/SwiftUI.swiftmodule/arm64e-apple-ios.swiftmodule /Applications/Xcode_26.3.app/Contents/Developer/Toolchains/XcodeDefault.xctoolchain/usr/lib/swift/iphoneos/prebuilt-modules/26.2/UIKit.swiftmodule/arm64e-apple-ios.swiftmodule /Applications/Xcode_26.3.app/Contents/Developer/Toolchains/XcodeDefault.xctoolchain/usr/lib/swift/iphoneos/prebuilt-modules/26.2/CoreGraphics.swiftmodule/arm64e-apple-ios.swiftmodule /Applications/Xcode_26.3.app/Contents/Developer/Toolchains/XcodeDefault.xctoolchain/usr/lib/swift/iphoneos/prebuilt-modules/26.2/CoreData.swiftmodule/arm64e-apple-ios.swiftmodule /Applications/Xcode_26.3.app/Contents/Developer/Toolchains/XcodeDefault.xctoolchain/usr/lib/swift/iphoneos/prebuilt-modules/26.2/FileProvider.swiftmodule/arm64e-apple-ios.swiftmodule /Applications/Xcode_26.3.app/Contents/Developer/Toolchains/XcodeDefault.xctoolchain/usr/lib/swift/iphoneos/prebuilt-modules/26.2/Combine.swiftmodule/arm64e-apple-ios.swiftmodule /Applications/Xcode_26.3.app/Contents/Developer/Toolchains/XcodeDefault.xctoolchain/usr/lib/swift/iphoneos/prebuilt-modules/26.2/CoreFoundation.swiftmodule/arm64e-apple-ios.swiftmodule /Applications/Xcode_26.3.app/Contents/Developer/Toolchains/XcodeDefault.xctoolchain/usr/lib/swift/iphoneos/prebuilt-modules/26.2/CoreTransferable.swiftmodule/arm64e-apple-ios.swiftmodule /Applications/Xcode_26.3.app/Contents/Developer/Toolchains/XcodeDefault.xctoolchain/usr/lib/swift/iphoneos/prebuilt-modules/26.2/DeveloperToolsSupport.swiftmodule/arm64e-apple-ios.swiftmodule /Applications/Xcode_26.3.app/Contents/Developer/Toolchains/XcodeDefault.xctoolchain/usr/lib/swift/iphoneos/prebuilt-modules/26.2/QuartzCore.swiftmodule/arm64e-apple-ios.swiftmodule /Applications/Xcode_26.3.app/Contents/Developer/Toolchains/XcodeDefault.xctoolchain/usr/lib/swift/iphoneos/prebuilt-modules/26.2/Metal.swiftmodule/arm64e-apple-ios.swiftmodule /Applications/Xcode_26.3.app/Contents/Developer/Toolchains/XcodeDefault.xctoolchain/usr/lib/swift/iphoneos/prebuilt-modules/26.2/_StringProcessing.swiftmodule/arm64e-apple-ios.swiftmodule /Applications/Xcode_26.3.app/Contents/Developer/Toolchains/XcodeDefault.xctoolchain/usr/lib/swift/iphoneos/prebuilt-modules/26.2/Accessibility.swiftmodule/arm64e-apple-ios.swiftmodule /Users/runner/work/xiaodi/xiaodi/build/ModuleCache.noindex/CoreData-8QR59O6QZLPT95ETL7L56BA67.pcm /Users/runner/work/xiaodi/xiaodi/build/ModuleCache.noindex/_Builtin_stdarg-41NSK0X8ZGOI6NBG82LO5GM4Y.pcm /Users/runner/work/xiaodi/xiaodi/build/ModuleCache.noindex/_Builtin_limits-DD1A359YDXALQQS89BMRRGRWW.pcm /Users/runner/work/xiaodi/xiaodi/build/ModuleCache.noindex/IOSurface-C38UIUGJWCQ55FK0WCEZEHA9U.pcm /Users/runner/work/xiaodi/xiaodi/build/ModuleCache.noindex/CoreGraphics-C8TS6K8U3Y2L0VOYXGI8ZNI4N.pcm /Users/runner/work/xiaodi/xiaodi/build/ModuleCache.noindex/_Builtin_stdatomic-8U90IJPSLIXQ7MB00OSATTDGB.pcm /Users/runner/work/xiaodi/xiaodi/build/ModuleCache.noindex/_DarwinFoundation2-2RDPPD68YMVSO5TWHFYUKU2SY.pcm /Users/runner/work/xiaodi/xiaodi/build/ModuleCache.noindex/_Builtin_stdbool-CCOR3M6FPAY9W5E5PDUKSWBCR.pcm /Users/runner/work/xiaodi/xiaodi/build/ModuleCache.noindex/Accessibility-DXQKAWL0HZKASCAKFOQ3YBG2P.pcm /Users/runner/work/xiaodi/xiaodi/build/ModuleCache.noindex/SwiftShims-6I5G8XE2C7LUPCG5LO7UDEJPL.pcm /Users/runner/work/xiaodi/xiaodi/build/ModuleCache.noindex/ptrcheck-863C9OUCKI05CDQOVV2863EGA.pcm /Users/runner/work/xiaodi/xiaodi/build/ModuleCache.noindex/_AvailabilityInternal-BODVSEMS9SNV3KQAHB592AUMX.pcm /Users/runner/work/xiaodi/xiaodi/build/ModuleCache.noindex/QuartzCore-F61AITTI4SA361A8ZYWY12GO.pcm /Users/runner/work/xiaodi/xiaodi/build/ModuleCache.noindex/Security-F27Y06WAXOAZG2FMZ03CHHLDZ.pcm /Users/runner/work/xiaodi/xiaodi/build/ModuleCache.noindex/Symbols-13802VFL3Q7RT22XJ36L98H13.pcm /Users/runner/work/xiaodi/xiaodi/build/ModuleCache.noindex/sys_types-BUIM6D4T2724AEZ87HPC722EY.pcm /Users/runner/work/xiaodi/xiaodi/build/ModuleCache.noindex/os-D5KHFR73WRZROBHUWE04ESVEC.pcm /Users/runner/work/xiaodi/xiaodi/build/ModuleCache.noindex/os_workgroup-86XIIA7ZEI9KB4XQ7KUUOLM1V.pcm /Users/runner/work/xiaodi/xiaodi/build/ModuleCache.noindex/FileProvider-8WFM1MZ54GLU2PK88GB90U8HS.pcm /Users/runner/work/xiaodi/xiaodi/build/ModuleCache.noindex/_Builtin_tgmath-EE1CCFNDGPHSRNM8K6UBYG1X5.pcm /Users/runner/work/xiaodi/xiaodi/build/ModuleCache.noindex/SwiftUICore-1F49XM9VSAW3C4VY5JAE35DB.pcm /Users/runner/work/xiaodi/xiaodi/build/ModuleCache.noindex/ObjectiveC-1LP8W759DVKRMT2VO0XVVMXE1.pcm /Users/runner/work/xiaodi/xiaodi/build/ModuleCache.noindex/CoreVideo-436I648NZY5587HK55GZOBRAJ.pcm /Users/runner/work/xiaodi/xiaodi/build/ModuleCache.noindex/simd-890KZK30V556HCFHZN5YCTB5.pcm /Users/runner/work/xiaodi/xiaodi/build/ModuleCache.noindex/CoreImage-CQWVKWHHBLJG7XG3GBRJ3ZZPR.pcm /Users/runner/work/xiaodi/xiaodi/build/ModuleCache.noindex/UIUtilities-DHFNYGO9814KPWE9CCL13ZGD3.pcm /Users/runner/work/xiaodi/xiaodi/build/ModuleCache.noindex/Dispatch-DBPSPJNBPPEAXED1KOMPV4YJ.pcm /Users/runner/work/xiaodi/xiaodi/build/ModuleCache.noindex/_Builtin_stddef-3H7BHR41HJLZUKAJK60PMIR2J.pcm /Users/runner/work/xiaodi/xiaodi/build/ModuleCache.noindex/DataDetection-7GWFFGJALU4OTYU7AD0Y768RF.pcm /Users/runner/work/xiaodi/xiaodi/build/ModuleCache.noindex/_Builtin_inttypes-4YVGEN9W4FF12DZ7OPIHV3ZJF.pcm /Users/runner/work/xiaodi/xiaodi/build/ModuleCache.noindex/SwiftUI-70EM0YJSRIBGSMGP3NLS9YI85.pcm /Users/runner/work/xiaodi/xiaodi/build/ModuleCache.noindex/UserNotifications-EGGHI60179DQZ2A3OBOM98P24.pcm /Users/runner/work/xiaodi/xiaodi/build/ModuleCache.noindex/_DarwinFoundation1-6DSLEUHEP3PZ511NPZN1E8R51.pcm /Users/runner/work/xiaodi/xiaodi/build/ModuleCache.noindex/ptrauth-6KQFF0JGV7QDA5CP1SYT90A6A.pcm /Users/runner/work/xiaodi/xiaodi/build/ModuleCache.noindex/_Builtin_float-EWU52RCIER6OZ6XFF2W4TTMFY.pcm /Users/runner/work/xiaodi/xiaodi/build/ModuleCache.noindex/_Builtin_stdint-7V0N4CQIR3DMYS1K9UKMLYKDU.pcm /Users/runner/work/xiaodi/xiaodi/build/ModuleCache.noindex/UIKit-CF53RHS5NAZF5DB4QFX85HR11.pcm /Users/runner/work/xiaodi/xiaodi/build/ModuleCache.noindex/Foundation-6ENLXAXZBN531KGP7G8YUOL16.pcm /Users/runner/work/xiaodi/xiaodi/build/ModuleCache.noindex/_Builtin_intrinsics-BYCBHG61VFWAGCQ44FKHYEET4.pcm /Users/runner/work/xiaodi/xiaodi/build/ModuleCache.noindex/UniformTypeIdentifiers-6Y4F0OI1K2FX10ZDNRFWCRFI9.pcm /Users/runner/work/xiaodi/xiaodi/build/ModuleCache.noindex/CoreFoundation-6F8REXHEMUSYQAMGX1X5K1PKP.pcm /Users/runner/work/xiaodi/xiaodi/build/ModuleCache.noindex/XPC-2MLK2DH7A5RXD2XHRYESUBEXT.pcm /Users/runner/work/xiaodi/xiaodi/build/ModuleCache.noindex/ImageIO-5RIJ4WS7CRNMCBRM5H2HH97AR.pcm /Users/runner/work/xiaodi/xiaodi/build/ModuleCache.noindex/CoreTransferable-7BM9DDH4I55JPPB3M9HQ4C6FS.pcm /Users/runner/work/xiaodi/xiaodi/build/ModuleCache.noindex/MachO-9TMLGWALCEMC7A6LZ6AY92AMD.pcm /Users/runner/work/xiaodi/xiaodi/build/ModuleCache.noindex/os_object-6IRIPOIKMJO0X3J9K52WJ2G1J.pcm /Users/runner/work/xiaodi/xiaodi/build/ModuleCache.noindex/Metal-864DLFTI2CO0ORJPVWT6B1KOJ.pcm /Users/runner/work/xiaodi/xiaodi/build/ModuleCache.noindex/OpenGLES-E87RLDACZOBEYGW0RISHE6Y1P.pcm /Users/runner/work/xiaodi/xiaodi/build/ModuleCache.noindex/Spatial-BAVAF59DM3P8WCCZ4DE10C4JE.pcm /Users/runner/work/xiaodi/xiaodi/build/ModuleCache.noindex/_DarwinFoundation3-9G8Y7Y5U1L5XLXTFEU1YYQ5BF.pcm /Users/runner/work/xiaodi/xiaodi/build/ModuleCache.noindex/_SwiftConcurrencyShims-DR6L5QR3KJOK92D1QLL4RKDCE.pcm /Users/runner/work/xiaodi/xiaodi/build/ModuleCache.noindex/OSLog-4YK9UZWKWHD4B8Y3WGXNVVCWC.pcm /Users/runner/work/xiaodi/xiaodi/build/ModuleCache.noindex/DeveloperToolsSupport-P3QJNYEBQSXMCVBW1MRMDXQS.pcm /Users/runner/work/xiaodi/xiaodi/build/ModuleCache.noindex/Darwin-ERNHHZ6PZNEFE0BR612CMQ38P.pcm /Users/runner/work/xiaodi/xiaodi/build/ModuleCache.noindex/CoreText-DN2I3UA81PP6OLUJWUF1M1VCB.pcm /Users/runner/work/xiaodi/xiaodi/build/ModuleCache.noindex/CFNetwork-486LYJJ5TRZBE9C5K2COMZD6P.pcm /Users/runner/work/xiaodi/xiaodi/build/Build/Intermediates.noindex/NetworkImage.build/Release-iphoneos/NetworkImage.build/Objects-normal/arm64/NetworkImage-dependencies-1.json (in target 'NetworkImage' from project 'NetworkImage')

CompileSwift normal arm64 (in target 'NetworkImage' from project 'NetworkImage')
    cd /Users/runner/work/xiaodi/xiaodi/DeepSeekHarnessMobile.xcodeproj
    

PrecompileModule /Users/runner/work/xiaodi/xiaodi/build/Build/Intermediates.noindex/ExplicitPrecompiledModules/Darwin-7F9EM7JUY724FMZG97DUMP47W.scan
    cd /
    builtin-precompileModule /Users/runner/work/xiaodi/xiaodi/build/Build/Intermediates.noindex/ExplicitPrecompiledModules/Darwin-7F9EM7JUY724FMZG97DUMP47W.scan

SwiftDriverJobDiscovery normal arm64 Compiling Deprecations.swift, ImageSource.swift, NetworkImage.swift, NetworkImageCache.swift, NetworkImageLoader.swift, NetworkImageModel.swift, NetworkImageState.swift, TaskModifier.swift, URLSession+NetworkImage.swift, View+NetworkImageLoader.swift (in target 'NetworkImage' from project 'NetworkImage')

SwiftDriver\ Compilation\ Requirements NetworkImage normal arm64 com.apple.xcode.tools.swift.compiler (in target 'NetworkImage' from project 'NetworkImage')
    cd /Users/runner/work/xiaodi/xiaodi/DeepSeekHarnessMobile.xcodeproj
    builtin-Swift-Compilation-Requirements -- /Applications/Xcode_26.3.app/Contents/Developer/Toolchains/XcodeDefault.xctoolchain/usr/bin/swiftc -module-name NetworkImage -O -whole-module-optimization -enforce-exclusivity\=checked @/Users/runner/work/xiaodi/xiaodi/build/Build/Intermediates.noindex/NetworkImage.build/Release-iphoneos/NetworkImage.build/Objects-normal/arm64/NetworkImage.SwiftFileList -DSWIFT_PACKAGE -DSWIFT_MODULE_RESOURCE_BUNDLE_UNAVAILABLE -DXcode -plugin-path /Applications/Xcode_26.3.app/Contents/Developer/Toolchains/XcodeDefault.xctoolchain/usr/lib/swift/host/plugins/testing -enable-experimental-feature DebugDescriptionMacro -sdk /Applications/Xcode_26.3.app/Contents/Developer/Platforms/iPhoneOS.platform/Developer/SDKs/iPhoneOS26.2.sdk -target arm64-apple-ios14.0 -g -module-cache-path /Users/runner/work/xiaodi/xiaodi/build/ModuleCache.noindex -Xfrontend -serialize-debugging-options -suppress-warnings -swift-version 6 -I /Users/runner/work/xiaodi/xiaodi/build/Build/Products/Release-iphoneos -Isystem /Applications/Xcode_26.3.app/Contents/Developer/Platforms/iPhoneOS.platform/Developer/usr/lib -F /Users/runner/work/xiaodi/xiaodi/build/Build/Products/Release-iphoneos -F /Applications/Xcode_26.3.app/Contents/Developer/Platforms/iPhoneOS.platform/Developer/Library/Frameworks -F /Applications/Xcode_26.3.app/Contents/Developer/Platforms/iPhoneOS.platform/Developer/SDKs/iPhoneOS26.2.sdk/Developer/Library/Frameworks -c -num-threads 3 -Xcc -ivfsstatcache -Xcc /Users/runner/work/xiaodi/xiaodi/build/SDKStatCaches.noindex/iphoneos26.2-23C57-dc75598d0054f22ec865fa860f139d722dd23b4ebda140f7210d155ff1243552.sdkstatcache -output-file-map /Users/runner/work/xiaodi/xiaodi/build/Build/Intermediates.noindex/NetworkImage.build/Release-iphoneos/NetworkImage.build/Objects-normal/arm64/NetworkImage-OutputFileMap.json -use-frontend-parseable-output -save-temps -no-color-diagnostics -explicit-module-build -module-cache-path /Users/runner/work/xiaodi/xiaodi/build/Build/Intermediates.noindex/SwiftExplicitPrecompiledModules -clang-scanner-module-cache-path /Users/runner/work/xiaodi/xiaodi/build/ModuleCache.noindex -sdk-module-cache-path /Users/runner/work/xiaodi/xiaodi/build/ModuleCache.noindex -serialize-diagnostics -emit-dependencies -emit-module -emit-module-path /Users/runner/work/xiaodi/xiaodi/build/Build/Intermediates.noindex/NetworkImage.build/Release-iphoneos/NetworkImage.build/Objects-normal/arm64/NetworkImage.swiftmodule -user-module-version 6.0.1 -validate-clang-modules-once -clang-build-session-file /Users/runner/work/xiaodi/xiaodi/build/ModuleCache.noindex/Session.modulevalidation -package-name networkimage -Xcc -I/Users/runner/work/xiaodi/xiaodi/build/Build/Intermediates.noindex/NetworkImage.build/Release-iphoneos/NetworkImage.build/swift-overrides.hmap -emit-const-values -Xfrontend -const-gather-protocols-file -Xfrontend /Users/runner/work/xiaodi/xiaodi/build/Build/Intermediates.noindex/NetworkImage.build/Release-iphoneos/NetworkImage.build/Objects-normal/arm64/NetworkImage_const_extract_protocols.json -Xcc -I/Users/runner/work/xiaodi/xiaodi/build/Build/Products/Release-iphoneos/include -Xcc -I/Users/runner/work/xiaodi/xiaodi/build/Build/Intermediates.noindex/NetworkImage.build/Release-iphoneos/NetworkImage.build/DerivedSources-normal/arm64 -Xcc -I/Users/runner/work/xiaodi/xiaodi/build/Build/Intermediates.noindex/NetworkImage.build/Release-iphoneos/NetworkImage.build/DerivedSources/arm64 -Xcc -I/Users/runner/work/xiaodi/xiaodi/build/Build/Intermediates.noindex/NetworkImage.build/Release-iphoneos/NetworkImage.build/DerivedSources -Xcc -DSWIFT_PACKAGE -emit-objc-header -emit-objc-header-path /Users/runner/work/xiaodi/xiaodi/build/Build/Intermediates.noindex/NetworkImage.build/Release-iphoneos/NetworkImage.build/Objects-normal/arm64/NetworkImage-Swift.h -working-directory /Users/runner/work/xiaodi/xiaodi/DeepSeekHarnessMobile.xcodeproj -no-emit-module-separately-wmo

ScanDependencies /Users/runner/work/xiaodi/xiaodi/build/Build/Intermediates.noindex/cmark-gfm.build/Release-iphoneos/cmark-gfm.build/Objects-normal/arm64/utf8.o /Users/runner/work/xiaodi/xiaodi/build/SourcePackages/checkouts/swift-cmark/src/utf8.c normal arm64 c com.apple.compilers.llvm.clang.1_0.compiler (in target 'cmark-gfm' from project 'cmark-gfm')
    cd /Users/runner/work/xiaodi/xiaodi/DeepSeekHarnessMobile.xcodeproj
    
    Using response file: /Users/runner/work/xiaodi/xiaodi/build/Build/Intermediates.noindex/cmark-gfm.build/Release-iphoneos/cmark-gfm.build/Objects-normal/arm64/7187679823f38a2a940e0043cdf9d637-common-args.resp
    
    builtin-ScanDependencies -o /Users/runner/work/xiaodi/xiaodi/build/Build/Intermediates.noindex/cmark-gfm.build/Release-iphoneos/cmark-gfm.build/Objects-normal/arm64/utf8.o.scan -- /Applications/Xcode_26.3.app/Contents/Developer/Toolchains/XcodeDefault.xctoolchain/usr/bin/clang -x c -ivfsstatcache /Users/runner/work/xiaodi/xiaodi/build/SDKStatCaches.noindex/iphoneos26.2-23C57-dc75598d0054f22ec865fa860f139d722dd23b4ebda140f7210d155ff1243552.sdkstatcache -fmessage-length\=0 -fdiagnostics-show-note-include-stack -fmacro-backtrace-limit\=0 -fno-color-diagnostics -fmodules-prune-interval\=86400 -fmodules-prune-after\=345600 -fbuild-session-file\=/Users/runner/work/xiaodi/xiaodi/build/ModuleCache.noindex/Session.modulevalidation -fmodules-validate-once-per-build-session -Wnon-modular-include-in-framework-module -Werror\=non-modular-include-in-framework-module -Wno-trigraphs -Wno-missing-field-initializers -Wno-missing-prototypes -Wno-return-type -Wno-missing-braces -Wparentheses -Wswitch -Wno-unused-function -Wno-unused-label -Wno-unused-parameter -Wno-unused-variable -Wunused-value -Wno-empty-body -Wno-uninitialized -Wno-unknown-pragmas -w -Wno-shadow -Wno-four-char-constants -Wno-conversion -Wno-constant-conversion -Wno-int-conversion -Wno-bool-conversion -Wno-enum-conversion -Wno-float-conversion -Wno-non-literal-null-conversion -Wno-objc-literal-conversion -Wshorten-64-to-32 -Wpointer-sign -Wno-newline-eof -Wno-implicit-fallthrough -fstrict-aliasing -Wdeprecated-declarations -Wno-sign-conversion -Wno-infinite-recursion -Wno-comma -Wno-block-capture-autoreleasing -Wno-strict-prototypes -Wno-semicolon-before-method-body @/Users/runner/work/xiaodi/xiaodi/build/Build/Intermediates.noindex/cmark-gfm.build/Release-iphoneos/cmark-gfm.build/Objects-normal/arm64/7187679823f38a2a940e0043cdf9d637-common-args.resp -MMD -MT dependencies -MF /Users/runner/work/xiaodi/xiaodi/build/Build/Intermediates.noindex/cmark-gfm.build/Release-iphoneos/cmark-gfm.build/Objects-normal/arm64/utf8.d --serialize-diagnostics /Users/runner/work/xiaodi/xiaodi/build/Build/Intermediates.noindex/cmark-gfm.build/Release-iphoneos/cmark-gfm.build/Objects-normal/arm64/utf8.dia -c /Users/runner/work/xiaodi/xiaodi/build/SourcePackages/checkouts/swift-cmark/src/utf8.c -o /Users/runner/work/xiaodi/xiaodi/build/Build/Intermediates.noindex/cmark-gfm.build/Release-iphoneos/cmark-gfm.build/Objects-normal/arm64/utf8.o

SwiftMergeGeneratedHeaders /Users/runner/work/xiaodi/xiaodi/build/Build/Intermediates.noindex/GeneratedModuleMaps-iphoneos/NetworkImage-Swift.h /Users/runner/work/xiaodi/xiaodi/build/Build/Intermediates.noindex/NetworkImage.build/Release-iphoneos/NetworkImage.build/Objects-normal/arm64/NetworkImage-Swift.h (in target 'NetworkImage' from project 'NetworkImage')
    cd /Users/runner/work/xiaodi/xiaodi/build/SourcePackages/checkouts/NetworkImage
    builtin-swiftHeaderTool -arch arm64 /Users/runner/work/xiaodi/xiaodi/build/Build/Intermediates.noindex/NetworkImage.build/Release-iphoneos/NetworkImage.build/Objects-normal/arm64/NetworkImage-Swift.h -o /Users/runner/work/xiaodi/xiaodi/build/Build/Intermediates.noindex/GeneratedModuleMaps-iphoneos/NetworkImage-Swift.h

Copy /Users/runner/work/xiaodi/xiaodi/build/Build/Products/Release-iphoneos/NetworkImage.swiftmodule/arm64-apple-ios.swiftmodule /Users/runner/work/xiaodi/xiaodi/build/Build/Intermediates.noindex/NetworkImage.build/Release-iphoneos/NetworkImage.build/Objects-normal/arm64/NetworkImage.swiftmodule (in target 'NetworkImage' from project 'NetworkImage')
    cd /Users/runner/work/xiaodi/xiaodi/build/SourcePackages/checkouts/NetworkImage
    builtin-copy -exclude .DS_Store -exclude CVS -exclude .svn -exclude .git -exclude .hg -strip-unsigned-binaries -strip-deterministic -strip-tool /Applications/Xcode_26.3.app/Contents/Developer/Toolchains/XcodeDefault.xctoolchain/usr/bin/strip -resolve-src-symlinks -rename /Users/runner/work/xiaodi/xiaodi/build/Build/Intermediates.noindex/NetworkImage.build/Release-iphoneos/NetworkImage.build/Objects-normal/arm64/NetworkImage.swiftmodule /Users/runner/work/xiaodi/xiaodi/build/Build/Products/Release-iphoneos/NetworkImage.swiftmodule/arm64-apple-ios.swiftmodule

Copy /Users/runner/work/xiaodi/xiaodi/build/Build/Products/Release-iphoneos/NetworkImage.swiftmodule/arm64-apple-ios.swiftdoc /Users/runner/work/xiaodi/xiaodi/build/Build/Intermediates.noindex/NetworkImage.build/Release-iphoneos/NetworkImage.build/Objects-normal/arm64/NetworkImage.swiftdoc (in target 'NetworkImage' from project 'NetworkImage')
    cd /Users/runner/work/xiaodi/xiaodi/build/SourcePackages/checkouts/NetworkImage
    builtin-copy -exclude .DS_Store -exclude CVS -exclude .svn -exclude .git -exclude .hg -strip-unsigned-binaries -strip-deterministic -strip-tool /Applications/Xcode_26.3.app/Contents/Developer/Toolchains/XcodeDefault.xctoolchain/usr/bin/strip -resolve-src-symlinks -rename /Users/runner/work/xiaodi/xiaodi/build/Build/Intermediates.noindex/NetworkImage.build/Release-iphoneos/NetworkImage.build/Objects-normal/arm64/NetworkImage.swiftdoc /Users/runner/work/xiaodi/xiaodi/build/Build/Products/Release-iphoneos/NetworkImage.swiftmodule/arm64-apple-ios.swiftdoc

Copy /Users/runner/work/xiaodi/xiaodi/build/Build/Products/Release-iphoneos/NetworkImage.swiftmodule/arm64-apple-ios.abi.json /Users/runner/work/xiaodi/xiaodi/build/Build/Intermediates.noindex/NetworkImage.build/Release-iphoneos/NetworkImage.build/Objects-normal/arm64/NetworkImage.abi.json (in target 'NetworkImage' from project 'NetworkImage')
    cd /Users/runner/work/xiaodi/xiaodi/build/SourcePackages/checkouts/NetworkImage
    builtin-copy -exclude .DS_Store -exclude CVS -exclude .svn -exclude .git -exclude .hg -strip-unsigned-binaries -strip-deterministic -strip-tool /Applications/Xcode_26.3.app/Contents/Developer/Toolchains/XcodeDefault.xctoolchain/usr/bin/strip -resolve-src-symlinks -rename /Users/runner/work/xiaodi/xiaodi/build/Build/Intermediates.noindex/NetworkImage.build/Release-iphoneos/NetworkImage.build/Objects-normal/arm64/NetworkImage.abi.json /Users/runner/work/xiaodi/xiaodi/build/Build/Products/Release-iphoneos/NetworkImage.swiftmodule/arm64-apple-ios.abi.json

Copy /Users/runner/work/xiaodi/xiaodi/build/Build/Products/Release-iphoneos/NetworkImage.swiftmodule/Project/arm64-apple-ios.swiftsourceinfo /Users/runner/work/xiaodi/xiaodi/build/Build/Intermediates.noindex/NetworkImage.build/Release-iphoneos/NetworkImage.build/Objects-normal/arm64/NetworkImage.swiftsourceinfo (in target 'NetworkImage' from project 'NetworkImage')
    cd /Users/runner/work/xiaodi/xiaodi/build/SourcePackages/checkouts/NetworkImage
    builtin-copy -exclude .DS_Store -exclude CVS -exclude .svn -exclude .git -exclude .hg -strip-unsigned-binaries -strip-deterministic -strip-tool /Applications/Xcode_26.3.app/Contents/Developer/Toolchains/XcodeDefault.xctoolchain/usr/bin/strip -resolve-src-symlinks -rename /Users/runner/work/xiaodi/xiaodi/build/Build/Intermediates.noindex/NetworkImage.build/Release-iphoneos/NetworkImage.build/Objects-normal/arm64/NetworkImage.swiftsourceinfo /Users/runner/work/xiaodi/xiaodi/build/Build/Products/Release-iphoneos/NetworkImage.swiftmodule/Project/arm64-apple-ios.swiftsourceinfo

CompileC /Users/runner/work/xiaodi/xiaodi/build/Build/Intermediates.noindex/cmark-gfm.build/Release-iphoneos/cmark-gfm-extensions.build/Objects-normal/arm64/autolink.o /Users/runner/work/xiaodi/xiaodi/build/SourcePackages/checkouts/swift-cmark/extensions/autolink.c normal arm64 c com.apple.compilers.llvm.clang.1_0.compiler (in target 'cmark-gfm-extensions' from project 'cmark-gfm')
    cd /Users/runner/work/xiaodi/xiaodi/DeepSeekHarnessMobile.xcodeproj
    
    Using response file: /Users/runner/work/xiaodi/xiaodi/build/Build/Intermediates.noindex/cmark-gfm.build/Release-iphoneos/cmark-gfm-extensions.build/Objects-normal/arm64/7187679823f38a2a940e0043cdf9d637-common-args.resp
    
    /Applications/Xcode_26.3.app/Contents/Developer/Toolchains/XcodeDefault.xctoolchain/usr/bin/clang -x c -ivfsstatcache /Users/runner/work/xiaodi/xiaodi/build/SDKStatCaches.noindex/iphoneos26.2-23C57-dc75598d0054f22ec865fa860f139d722dd23b4ebda140f7210d155ff1243552.sdkstatcache -fmessage-length\=0 -fdiagnostics-show-note-include-stack -fmacro-backtrace-limit\=0 -fno-color-diagnostics -fmodules-prune-interval\=86400 -fmodules-prune-after\=345600 -fbuild-session-file\=/Users/runner/work/xiaodi/xiaodi/build/ModuleCache.noindex/Session.modulevalidation -fmodules-validate-once-per-build-session -Wnon-modular-include-in-framework-module -Werror\=non-modular-include-in-framework-module -Wno-trigraphs -Wno-missing-field-initializers -Wno-missing-prototypes -Wno-return-type -Wno-missing-braces -Wparentheses -Wswitch -Wno-unused-function -Wno-unused-label -Wno-unused-parameter -Wno-unused-variable -Wunused-value -Wno-empty-body -Wno-uninitialized -Wno-unknown-pragmas -w -Wno-shadow -Wno-four-char-constants -Wno-conversion -Wno-constant-conversion -Wno-int-conversion -Wno-bool-conversion -Wno-enum-conversion -Wno-float-conversion -Wno-non-literal-null-conversion -Wno-objc-literal-conversion -Wshorten-64-to-32 -Wpointer-sign -Wno-newline-eof -Wno-implicit-fallthrough -fstrict-aliasing -Wdeprecated-declarations -Wno-sign-conversion -Wno-infinite-recursion -Wno-comma -Wno-block-capture-autoreleasing -Wno-strict-prototypes -Wno-semicolon-before-method-body @/Users/runner/work/xiaodi/xiaodi/build/Build/Intermediates.noindex/cmark-gfm.build/Release-iphoneos/cmark-gfm-extensions.build/Objects-normal/arm64/7187679823f38a2a940e0043cdf9d637-common-args.resp -MMD -MT dependencies -MF /Users/runner/work/xiaodi/xiaodi/build/Build/Intermediates.noindex/cmark-gfm.build/Release-iphoneos/cmark-gfm-extensions.build/Objects-normal/arm64/autolink.d --serialize-diagnostics /Users/runner/work/xiaodi/xiaodi/build/Build/Intermediates.noindex/cmark-gfm.build/Release-iphoneos/cmark-gfm-extensions.build/Objects-normal/arm64/autolink.dia -c /Users/runner/work/xiaodi/xiaodi/build/SourcePackages/checkouts/swift-cmark/extensions/autolink.c -o /Users/runner/work/xiaodi/xiaodi/build/Build/Intermediates.noindex/cmark-gfm.build/Release-iphoneos/cmark-gfm-extensions.build/Objects-normal/arm64/autolink.o

CompileC /Users/runner/work/xiaodi/xiaodi/build/Build/Intermediates.noindex/cmark-gfm.build/Release-iphoneos/cmark-gfm.build/Objects-normal/arm64/utf8.o /Users/runner/work/xiaodi/xiaodi/build/SourcePackages/checkouts/swift-cmark/src/utf8.c normal arm64 c com.apple.compilers.llvm.clang.1_0.compiler (in target 'cmark-gfm' from project 'cmark-gfm')
    cd /Users/runner/work/xiaodi/xiaodi/DeepSeekHarnessMobile.xcodeproj
    
    Using response file: /Users/runner/work/xiaodi/xiaodi/build/Build/Intermediates.noindex/cmark-gfm.build/Release-iphoneos/cmark-gfm.build/Objects-normal/arm64/7187679823f38a2a940e0043cdf9d637-common-args.resp
    
    /Applications/Xcode_26.3.app/Contents/Developer/Toolchains/XcodeDefault.xctoolchain/usr/bin/clang -x c -ivfsstatcache /Users/runner/work/xiaodi/xiaodi/build/SDKStatCaches.noindex/iphoneos26.2-23C57-dc75598d0054f22ec865fa860f139d722dd23b4ebda140f7210d155ff1243552.sdkstatcache -fmessage-length\=0 -fdiagnostics-show-note-include-stack -fmacro-backtrace-limit\=0 -fno-color-diagnostics -fmodules-prune-interval\=86400 -fmodules-prune-after\=345600 -fbuild-session-file\=/Users/runner/work/xiaodi/xiaodi/build/ModuleCache.noindex/Session.modulevalidation -fmodules-validate-once-per-build-session -Wnon-modular-include-in-framework-module -Werror\=non-modular-include-in-framework-module -Wno-trigraphs -Wno-missing-field-initializers -Wno-missing-prototypes -Wno-return-type -Wno-missing-braces -Wparentheses -Wswitch -Wno-unused-function -Wno-unused-label -Wno-unused-parameter -Wno-unused-variable -Wunused-value -Wno-empty-body -Wno-uninitialized -Wno-unknown-pragmas -w -Wno-shadow -Wno-four-char-constants -Wno-conversion -Wno-constant-conversion -Wno-int-conversion -Wno-bool-conversion -Wno-enum-conversion -Wno-float-conversion -Wno-non-literal-null-conversion -Wno-objc-literal-conversion -Wshorten-64-to-32 -Wpointer-sign -Wno-newline-eof -Wno-implicit-fallthrough -fstrict-aliasing -Wdeprecated-declarations -Wno-sign-conversion -Wno-infinite-recursion -Wno-comma -Wno-block-capture-autoreleasing -Wno-strict-prototypes -Wno-semicolon-before-method-body @/Users/runner/work/xiaodi/xiaodi/build/Build/Intermediates.noindex/cmark-gfm.build/Release-iphoneos/cmark-gfm.build/Objects-normal/arm64/7187679823f38a2a940e0043cdf9d637-common-args.resp -MMD -MT dependencies -MF /Users/runner/work/xiaodi/xiaodi/build/Build/Intermediates.noindex/cmark-gfm.build/Release-iphoneos/cmark-gfm.build/Objects-normal/arm64/utf8.d --serialize-diagnostics /Users/runner/work/xiaodi/xiaodi/build/Build/Intermediates.noindex/cmark-gfm.build/Release-iphoneos/cmark-gfm.build/Objects-normal/arm64/utf8.dia -c /Users/runner/work/xiaodi/xiaodi/build/SourcePackages/checkouts/swift-cmark/src/utf8.c -o /Users/runner/work/xiaodi/xiaodi/build/Build/Intermediates.noindex/cmark-gfm.build/Release-iphoneos/cmark-gfm.build/Objects-normal/arm64/utf8.o

ScanDependencies /Users/runner/work/xiaodi/xiaodi/build/Build/Intermediates.noindex/cmark-gfm.build/Release-iphoneos/cmark-gfm.build/Objects-normal/arm64/syntax_extension.o /Users/runner/work/xiaodi/xiaodi/build/SourcePackages/checkouts/swift-cmark/src/syntax_extension.c normal arm64 c com.apple.compilers.llvm.clang.1_0.compiler (in target 'cmark-gfm' from project 'cmark-gfm')
    cd /Users/runner/work/xiaodi/xiaodi/DeepSeekHarnessMobile.xcodeproj
    
    Using response file: /Users/runner/work/xiaodi/xiaodi/build/Build/Intermediates.noindex/cmark-gfm.build/Release-iphoneos/cmark-gfm.build/Objects-normal/arm64/7187679823f38a2a940e0043cdf9d637-common-args.resp
    
    builtin-ScanDependencies -o /Users/runner/work/xiaodi/xiaodi/build/Build/Intermediates.noindex/cmark-gfm.build/Release-iphoneos/cmark-gfm.build/Objects-normal/arm64/syntax_extension.o.scan -- /Applications/Xcode_26.3.app/Contents/Developer/Toolchains/XcodeDefault.xctoolchain/usr/bin/clang -x c -ivfsstatcache /Users/runner/work/xiaodi/xiaodi/build/SDKStatCaches.noindex/iphoneos26.2-23C57-dc75598d0054f22ec865fa860f139d722dd23b4ebda140f7210d155ff1243552.sdkstatcache -fmessage-length\=0 -fdiagnostics-show-note-include-stack -fmacro-backtrace-limit\=0 -fno-color-diagnostics -fmodules-prune-interval\=86400 -fmodules-prune-after\=345600 -fbuild-session-file\=/Users/runner/work/xiaodi/xiaodi/build/ModuleCache.noindex/Session.modulevalidation -fmodules-validate-once-per-build-session -Wnon-modular-include-in-framework-module -Werror\=non-modular-include-in-framework-module -Wno-trigraphs -Wno-missing-field-initializers -Wno-missing-prototypes -Wno-return-type -Wno-missing-braces -Wparentheses -Wswitch -Wno-unused-function -Wno-unused-label -Wno-unused-parameter -Wno-unused-variable -Wunused-value -Wno-empty-body -Wno-uninitialized -Wno-unknown-pragmas -w -Wno-shadow -Wno-four-char-constants -Wno-conversion -Wno-constant-conversion -Wno-int-conversion -Wno-bool-conversion -Wno-enum-conversion -Wno-float-conversion -Wno-non-literal-null-conversion -Wno-objc-literal-conversion -Wshorten-64-to-32 -Wpointer-sign -Wno-newline-eof -Wno-implicit-fallthrough -fstrict-aliasing -Wdeprecated-declarations -Wno-sign-conversion -Wno-infinite-recursion -Wno-comma -Wno-block-capture-autoreleasing -Wno-strict-prototypes -Wno-semicolon-before-method-body @/Users/runner/work/xiaodi/xiaodi/build/Build/Intermediates.noindex/cmark-gfm.build/Release-iphoneos/cmark-gfm.build/Objects-normal/arm64/7187679823f38a2a940e0043cdf9d637-common-args.resp -MMD -MT dependencies -MF /Users/runner/work/xiaodi/xiaodi/build/Build/Intermediates.noindex/cmark-gfm.build/Release-iphoneos/cmark-gfm.build/Objects-normal/arm64/syntax_extension.d --serialize-diagnostics /Users/runner/work/xiaodi/xiaodi/build/Build/Intermediates.noindex/cmark-gfm.build/Release-iphoneos/cmark-gfm.build/Objects-normal/arm64/syntax_extension.dia -c /Users/runner/work/xiaodi/xiaodi/build/SourcePackages/checkouts/swift-cmark/src/syntax_extension.c -o /Users/runner/work/xiaodi/xiaodi/build/Build/Intermediates.noindex/cmark-gfm.build/Release-iphoneos/cmark-gfm.build/Objects-normal/arm64/syntax_extension.o

ScanDependencies /Users/runner/work/xiaodi/xiaodi/build/Build/Intermediates.noindex/cmark-gfm.build/Release-iphoneos/cmark-gfm.build/Objects-normal/arm64/scanners.o /Users/runner/work/xiaodi/xiaodi/build/SourcePackages/checkouts/swift-cmark/src/scanners.c normal arm64 c com.apple.compilers.llvm.clang.1_0.compiler (in target 'cmark-gfm' from project 'cmark-gfm')
    cd /Users/runner/work/xiaodi/xiaodi/DeepSeekHarnessMobile.xcodeproj
    
    Using response file: /Users/runner/work/xiaodi/xiaodi/build/Build/Intermediates.noindex/cmark-gfm.build/Release-iphoneos/cmark-gfm.build/Objects-normal/arm64/7187679823f38a2a940e0043cdf9d637-common-args.resp
    
    builtin-ScanDependencies -o /Users/runner/work/xiaodi/xiaodi/build/Build/Intermediates.noindex/cmark-gfm.build/Release-iphoneos/cmark-gfm.build/Objects-normal/arm64/scanners.o.scan -- /Applications/Xcode_26.3.app/Contents/Developer/Toolchains/XcodeDefault.xctoolchain/usr/bin/clang -x c -ivfsstatcache /Users/runner/work/xiaodi/xiaodi/build/SDKStatCaches.noindex/iphoneos26.2-23C57-dc75598d0054f22ec865fa860f139d722dd23b4ebda140f7210d155ff1243552.sdkstatcache -fmessage-length\=0 -fdiagnostics-show-note-include-stack -fmacro-backtrace-limit\=0 -fno-color-diagnostics -fmodules-prune-interval\=86400 -fmodules-prune-after\=345600 -fbuild-session-file\=/Users/runner/work/xiaodi/xiaodi/build/ModuleCache.noindex/Session.modulevalidation -fmodules-validate-once-per-build-session -Wnon-modular-include-in-framework-module -Werror\=non-modular-include-in-framework-module -Wno-trigraphs -Wno-missing-field-initializers -Wno-missing-prototypes -Wno-return-type -Wno-missing-braces -Wparentheses -Wswitch -Wno-unused-function -Wno-unused-label -Wno-unused-parameter -Wno-unused-variable -Wunused-value -Wno-empty-body -Wno-uninitialized -Wno-unknown-pragmas -w -Wno-shadow -Wno-four-char-constants -Wno-conversion -Wno-constant-conversion -Wno-int-conversion -Wno-bool-conversion -Wno-enum-conversion -Wno-float-conversion -Wno-non-literal-null-conversion -Wno-objc-literal-conversion -Wshorten-64-to-32 -Wpointer-sign -Wno-newline-eof -Wno-implicit-fallthrough -fstrict-aliasing -Wdeprecated-declarations -Wno-sign-conversion -Wno-infinite-recursion -Wno-comma -Wno-block-capture-autoreleasing -Wno-strict-prototypes -Wno-semicolon-before-method-body @/Users/runner/work/xiaodi/xiaodi/build/Build/Intermediates.noindex/cmark-gfm.build/Release-iphoneos/cmark-gfm.build/Objects-normal/arm64/7187679823f38a2a940e0043cdf9d637-common-args.resp -MMD -MT dependencies -MF /Users/runner/work/xiaodi/xiaodi/build/Build/Intermediates.noindex/cmark-gfm.build/Release-iphoneos/cmark-gfm.build/Objects-normal/arm64/scanners.d --serialize-diagnostics /Users/runner/work/xiaodi/xiaodi/build/Build/Intermediates.noindex/cmark-gfm.build/Release-iphoneos/cmark-gfm.build/Objects-normal/arm64/scanners.dia -c /Users/runner/work/xiaodi/xiaodi/build/SourcePackages/checkouts/swift-cmark/src/scanners.c -o /Users/runner/work/xiaodi/xiaodi/build/Build/Intermediates.noindex/cmark-gfm.build/Release-iphoneos/cmark-gfm.build/Objects-normal/arm64/scanners.o

CompileC /Users/runner/work/xiaodi/xiaodi/build/Build/Intermediates.noindex/cmark-gfm.build/Release-iphoneos/cmark-gfm.build/Objects-normal/arm64/syntax_extension.o /Users/runner/work/xiaodi/xiaodi/build/SourcePackages/checkouts/swift-cmark/src/syntax_extension.c normal arm64 c com.apple.compilers.llvm.clang.1_0.compiler (in target 'cmark-gfm' from project 'cmark-gfm')
    cd /Users/runner/work/xiaodi/xiaodi/DeepSeekHarnessMobile.xcodeproj
    
    Using response file: /Users/runner/work/xiaodi/xiaodi/build/Build/Intermediates.noindex/cmark-gfm.build/Release-iphoneos/cmark-gfm.build/Objects-normal/arm64/7187679823f38a2a940e0043cdf9d637-common-args.resp
    
    /Applications/Xcode_26.3.app/Contents/Developer/Toolchains/XcodeDefault.xctoolchain/usr/bin/clang -x c -ivfsstatcache /Users/runner/work/xiaodi/xiaodi/build/SDKStatCaches.noindex/iphoneos26.2-23C57-dc75598d0054f22ec865fa860f139d722dd23b4ebda140f7210d155ff1243552.sdkstatcache -fmessage-length\=0 -fdiagnostics-show-note-include-stack -fmacro-backtrace-limit\=0 -fno-color-diagnostics -fmodules-prune-interval\=86400 -fmodules-prune-after\=345600 -fbuild-session-file\=/Users/runner/work/xiaodi/xiaodi/build/ModuleCache.noindex/Session.modulevalidation -fmodules-validate-once-per-build-session -Wnon-modular-include-in-framework-module -Werror\=non-modular-include-in-framework-module -Wno-trigraphs -Wno-missing-field-initializers -Wno-missing-prototypes -Wno-return-type -Wno-missing-braces -Wparentheses -Wswitch -Wno-unused-function -Wno-unused-label -Wno-unused-parameter -Wno-unused-variable -Wunused-value -Wno-empty-body -Wno-uninitialized -Wno-unknown-pragmas -w -Wno-shadow -Wno-four-char-constants -Wno-conversion -Wno-constant-conversion -Wno-int-conversion -Wno-bool-conversion -Wno-enum-conversion -Wno-float-conversion -Wno-non-literal-null-conversion -Wno-objc-literal-conversion -Wshorten-64-to-32 -Wpointer-sign -Wno-newline-eof -Wno-implicit-fallthrough -fstrict-aliasing -Wdeprecated-declarations -Wno-sign-conversion -Wno-infinite-recursion -Wno-comma -Wno-block-capture-autoreleasing -Wno-strict-prototypes -Wno-semicolon-before-method-body @/Users/runner/work/xiaodi/xiaodi/build/Build/Intermediates.noindex/cmark-gfm.build/Release-iphoneos/cmark-gfm.build/Objects-normal/arm64/7187679823f38a2a940e0043cdf9d637-common-args.resp -MMD -MT dependencies -MF /Users/runner/work/xiaodi/xiaodi/build/Build/Intermediates.noindex/cmark-gfm.build/Release-iphoneos/cmark-gfm.build/Objects-normal/arm64/syntax_extension.d --serialize-diagnostics /Users/runner/work/xiaodi/xiaodi/build/Build/Intermediates.noindex/cmark-gfm.build/Release-iphoneos/cmark-gfm.build/Objects-normal/arm64/syntax_extension.dia -c /Users/runner/work/xiaodi/xiaodi/build/SourcePackages/checkouts/swift-cmark/src/syntax_extension.c -o /Users/runner/work/xiaodi/xiaodi/build/Build/Intermediates.noindex/cmark-gfm.build/Release-iphoneos/cmark-gfm.build/Objects-normal/arm64/syntax_extension.o

CompileC /Users/runner/work/xiaodi/xiaodi/build/Build/Intermediates.noindex/cmark-gfm.build/Release-iphoneos/cmark-gfm.build/Objects-normal/arm64/scanners.o /Users/runner/work/xiaodi/xiaodi/build/SourcePackages/checkouts/swift-cmark/src/scanners.c normal arm64 c com.apple.compilers.llvm.clang.1_0.compiler (in target 'cmark-gfm' from project 'cmark-gfm')
    cd /Users/runner/work/xiaodi/xiaodi/DeepSeekHarnessMobile.xcodeproj
    
    Using response file: /Users/runner/work/xiaodi/xiaodi/build/Build/Intermediates.noindex/cmark-gfm.build/Release-iphoneos/cmark-gfm.build/Objects-normal/arm64/7187679823f38a2a940e0043cdf9d637-common-args.resp
    
    /Applications/Xcode_26.3.app/Contents/Developer/Toolchains/XcodeDefault.xctoolchain/usr/bin/clang -x c -ivfsstatcache /Users/runner/work/xiaodi/xiaodi/build/SDKStatCaches.noindex/iphoneos26.2-23C57-dc75598d0054f22ec865fa860f139d722dd23b4ebda140f7210d155ff1243552.sdkstatcache -fmessage-length\=0 -fdiagnostics-show-note-include-stack -fmacro-backtrace-limit\=0 -fno-color-diagnostics -fmodules-prune-interval\=86400 -fmodules-prune-after\=345600 -fbuild-session-file\=/Users/runner/work/xiaodi/xiaodi/build/ModuleCache.noindex/Session.modulevalidation -fmodules-validate-once-per-build-session -Wnon-modular-include-in-framework-module -Werror\=non-modular-include-in-framework-module -Wno-trigraphs -Wno-missing-field-initializers -Wno-missing-prototypes -Wno-return-type -Wno-missing-braces -Wparentheses -Wswitch -Wno-unused-function -Wno-unused-label -Wno-unused-parameter -Wno-unused-variable -Wunused-value -Wno-empty-body -Wno-uninitialized -Wno-unknown-pragmas -w -Wno-shadow -Wno-four-char-constants -Wno-conversion -Wno-constant-conversion -Wno-int-conversion -Wno-bool-conversion -Wno-enum-conversion -Wno-float-conversion -Wno-non-literal-null-conversion -Wno-objc-literal-conversion -Wshorten-64-to-32 -Wpointer-sign -Wno-newline-eof -Wno-implicit-fallthrough -fstrict-aliasing -Wdeprecated-declarations -Wno-sign-conversion -Wno-infinite-recursion -Wno-comma -Wno-block-capture-autoreleasing -Wno-strict-prototypes -Wno-semicolon-before-method-body @/Users/runner/work/xiaodi/xiaodi/build/Build/Intermediates.noindex/cmark-gfm.build/Release-iphoneos/cmark-gfm.build/Objects-normal/arm64/7187679823f38a2a940e0043cdf9d637-common-args.resp -MMD -MT dependencies -MF /Users/runner/work/xiaodi/xiaodi/build/Build/Intermediates.noindex/cmark-gfm.build/Release-iphoneos/cmark-gfm.build/Objects-normal/arm64/scanners.d --serialize-diagnostics /Users/runner/work/xiaodi/xiaodi/build/Build/Intermediates.noindex/cmark-gfm.build/Release-iphoneos/cmark-gfm.build/Objects-normal/arm64/scanners.dia -c /Users/runner/work/xiaodi/xiaodi/build/SourcePackages/checkouts/swift-cmark/src/scanners.c -o /Users/runner/work/xiaodi/xiaodi/build/Build/Intermediates.noindex/cmark-gfm.build/Release-iphoneos/cmark-gfm.build/Objects-normal/arm64/scanners.o

ScanDependencies /Users/runner/work/xiaodi/xiaodi/build/Build/Intermediates.noindex/cmark-gfm.build/Release-iphoneos/cmark-gfm.build/Objects-normal/arm64/render.o /Users/runner/work/xiaodi/xiaodi/build/SourcePackages/checkouts/swift-cmark/src/render.c normal arm64 c com.apple.compilers.llvm.clang.1_0.compiler (in target 'cmark-gfm' from project 'cmark-gfm')
    cd /Users/runner/work/xiaodi/xiaodi/DeepSeekHarnessMobile.xcodeproj
    
    Using response file: /Users/runner/work/xiaodi/xiaodi/build/Build/Intermediates.noindex/cmark-gfm.build/Release-iphoneos/cmark-gfm.build/Objects-normal/arm64/7187679823f38a2a940e0043cdf9d637-common-args.resp
    
    builtin-ScanDependencies -o /Users/runner/work/xiaodi/xiaodi/build/Build/Intermediates.noindex/cmark-gfm.build/Release-iphoneos/cmark-gfm.build/Objects-normal/arm64/render.o.scan -- /Applications/Xcode_26.3.app/Contents/Developer/Toolchains/XcodeDefault.xctoolchain/usr/bin/clang -x c -ivfsstatcache /Users/runner/work/xiaodi/xiaodi/build/SDKStatCaches.noindex/iphoneos26.2-23C57-dc75598d0054f22ec865fa860f139d722dd23b4ebda140f7210d155ff1243552.sdkstatcache -fmessage-length\=0 -fdiagnostics-show-note-include-stack -fmacro-backtrace-limit\=0 -fno-color-diagnostics -fmodules-prune-interval\=86400 -fmodules-prune-after\=345600 -fbuild-session-file\=/Users/runner/work/xiaodi/xiaodi/build/ModuleCache.noindex/Session.modulevalidation -fmodules-validate-once-per-build-session -Wnon-modular-include-in-framework-module -Werror\=non-modular-include-in-framework-module -Wno-trigraphs -Wno-missing-field-initializers -Wno-missing-prototypes -Wno-return-type -Wno-missing-braces -Wparentheses -Wswitch -Wno-unused-function -Wno-unused-label -Wno-unused-parameter -Wno-unused-variable -Wunused-value -Wno-empty-body -Wno-uninitialized -Wno-unknown-pragmas -w -Wno-shadow -Wno-four-char-constants -Wno-conversion -Wno-constant-conversion -Wno-int-conversion -Wno-bool-conversion -Wno-enum-conversion -Wno-float-conversion -Wno-non-literal-null-conversion -Wno-objc-literal-conversion -Wshorten-64-to-32 -Wpointer-sign -Wno-newline-eof -Wno-implicit-fallthrough -fstrict-aliasing -Wdeprecated-declarations -Wno-sign-conversion -Wno-infinite-recursion -Wno-comma -Wno-block-capture-autoreleasing -Wno-strict-prototypes -Wno-semicolon-before-method-body @/Users/runner/work/xiaodi/xiaodi/build/Build/Intermediates.noindex/cmark-gfm.build/Release-iphoneos/cmark-gfm.build/Objects-normal/arm64/7187679823f38a2a940e0043cdf9d637-common-args.resp -MMD -MT dependencies -MF /Users/runner/work/xiaodi/xiaodi/build/Build/Intermediates.noindex/cmark-gfm.build/Release-iphoneos/cmark-gfm.build/Objects-normal/arm64/render.d --serialize-diagnostics /Users/runner/work/xiaodi/xiaodi/build/Build/Intermediates.noindex/cmark-gfm.build/Release-iphoneos/cmark-gfm.build/Objects-normal/arm64/render.dia -c /Users/runner/work/xiaodi/xiaodi/build/SourcePackages/checkouts/swift-cmark/src/render.c -o /Users/runner/work/xiaodi/xiaodi/build/Build/Intermediates.noindex/cmark-gfm.build/Release-iphoneos/cmark-gfm.build/Objects-normal/arm64/render.o

ScanDependencies /Users/runner/work/xiaodi/xiaodi/build/Build/Intermediates.noindex/cmark-gfm.build/Release-iphoneos/cmark-gfm.build/Objects-normal/arm64/registry.o /Users/runner/work/xiaodi/xiaodi/build/SourcePackages/checkouts/swift-cmark/src/registry.c normal arm64 c com.apple.compilers.llvm.clang.1_0.compiler (in target 'cmark-gfm' from project 'cmark-gfm')
    cd /Users/runner/work/xiaodi/xiaodi/DeepSeekHarnessMobile.xcodeproj
    
    Using response file: /Users/runner/work/xiaodi/xiaodi/build/Build/Intermediates.noindex/cmark-gfm.build/Release-iphoneos/cmark-gfm.build/Objects-normal/arm64/7187679823f38a2a940e0043cdf9d637-common-args.resp
    
    builtin-ScanDependencies -o /Users/runner/work/xiaodi/xiaodi/build/Build/Intermediates.noindex/cmark-gfm.build/Release-iphoneos/cmark-gfm.build/Objects-normal/arm64/registry.o.scan -- /Applications/Xcode_26.3.app/Contents/Developer/Toolchains/XcodeDefault.xctoolchain/usr/bin/clang -x c -ivfsstatcache /Users/runner/work/xiaodi/xiaodi/build/SDKStatCaches.noindex/iphoneos26.2-23C57-dc75598d0054f22ec865fa860f139d722dd23b4ebda140f7210d155ff1243552.sdkstatcache -fmessage-length\=0 -fdiagnostics-show-note-include-stack -fmacro-backtrace-limit\=0 -fno-color-diagnostics -fmodules-prune-interval\=86400 -fmodules-prune-after\=345600 -fbuild-session-file\=/Users/runner/work/xiaodi/xiaodi/build/ModuleCache.noindex/Session.modulevalidation -fmodules-validate-once-per-build-session -Wnon-modular-include-in-framework-module -Werror\=non-modular-include-in-framework-module -Wno-trigraphs -Wno-missing-field-initializers -Wno-missing-prototypes -Wno-return-type -Wno-missing-braces -Wparentheses -Wswitch -Wno-unused-function -Wno-unused-label -Wno-unused-parameter -Wno-unused-variable -Wunused-value -Wno-empty-body -Wno-uninitialized -Wno-unknown-pragmas -w -Wno-shadow -Wno-four-char-constants -Wno-conversion -Wno-constant-conversion -Wno-int-conversion -Wno-bool-conversion -Wno-enum-conversion -Wno-float-conversion -Wno-non-literal-null-conversion -Wno-objc-literal-conversion -Wshorten-64-to-32 -Wpointer-sign -Wno-newline-eof -Wno-implicit-fallthrough -fstrict-aliasing -Wdeprecated-declarations -Wno-sign-conversion -Wno-infinite-recursion -Wno-comma -Wno-block-capture-autoreleasing -Wno-strict-prototypes -Wno-semicolon-before-method-body @/Users/runner/work/xiaodi/xiaodi/build/Build/Intermediates.noindex/cmark-gfm.build/Release-iphoneos/cmark-gfm.build/Objects-normal/arm64/7187679823f38a2a940e0043cdf9d637-common-args.resp -MMD -MT dependencies -MF /Users/runner/work/xiaodi/xiaodi/build/Build/Intermediates.noindex/cmark-gfm.build/Release-iphoneos/cmark-gfm.build/Objects-normal/arm64/registry.d --serialize-diagnostics /Users/runner/work/xiaodi/xiaodi/build/Build/Intermediates.noindex/cmark-gfm.build/Release-iphoneos/cmark-gfm.build/Objects-normal/arm64/registry.dia -c /Users/runner/work/xiaodi/xiaodi/build/SourcePackages/checkouts/swift-cmark/src/registry.c -o /Users/runner/work/xiaodi/xiaodi/build/Build/Intermediates.noindex/cmark-gfm.build/Release-iphoneos/cmark-gfm.build/Objects-normal/arm64/registry.o

CompileC /Users/runner/work/xiaodi/xiaodi/build/Build/Intermediates.noindex/cmark-gfm.build/Release-iphoneos/cmark-gfm.build/Objects-normal/arm64/render.o /Users/runner/work/xiaodi/xiaodi/build/SourcePackages/checkouts/swift-cmark/src/render.c normal arm64 c com.apple.compilers.llvm.clang.1_0.compiler (in target 'cmark-gfm' from project 'cmark-gfm')
    cd /Users/runner/work/xiaodi/xiaodi/DeepSeekHarnessMobile.xcodeproj
    
    Using response file: /Users/runner/work/xiaodi/xiaodi/build/Build/Intermediates.noindex/cmark-gfm.build/Release-iphoneos/cmark-gfm.build/Objects-normal/arm64/7187679823f38a2a940e0043cdf9d637-common-args.resp
    
    /Applications/Xcode_26.3.app/Contents/Developer/Toolchains/XcodeDefault.xctoolchain/usr/bin/clang -x c -ivfsstatcache /Users/runner/work/xiaodi/xiaodi/build/SDKStatCaches.noindex/iphoneos26.2-23C57-dc75598d0054f22ec865fa860f139d722dd23b4ebda140f7210d155ff1243552.sdkstatcache -fmessage-length\=0 -fdiagnostics-show-note-include-stack -fmacro-backtrace-limit\=0 -fno-color-diagnostics -fmodules-prune-interval\=86400 -fmodules-prune-after\=345600 -fbuild-session-file\=/Users/runner/work/xiaodi/xiaodi/build/ModuleCache.noindex/Session.modulevalidation -fmodules-validate-once-per-build-session -Wnon-modular-include-in-framework-module -Werror\=non-modular-include-in-framework-module -Wno-trigraphs -Wno-missing-field-initializers -Wno-missing-prototypes -Wno-return-type -Wno-missing-braces -Wparentheses -Wswitch -Wno-unused-function -Wno-unused-label -Wno-unused-parameter -Wno-unused-variable -Wunused-value -Wno-empty-body -Wno-uninitialized -Wno-unknown-pragmas -w -Wno-shadow -Wno-four-char-constants -Wno-conversion -Wno-constant-conversion -Wno-int-conversion -Wno-bool-conversion -Wno-enum-conversion -Wno-float-conversion -Wno-non-literal-null-conversion -Wno-objc-literal-conversion -Wshorten-64-to-32 -Wpointer-sign -Wno-newline-eof -Wno-implicit-fallthrough -fstrict-aliasing -Wdeprecated-declarations -Wno-sign-conversion -Wno-infinite-recursion -Wno-comma -Wno-block-capture-autoreleasing -Wno-strict-prototypes -Wno-semicolon-before-method-body @/Users/runner/work/xiaodi/xiaodi/build/Build/Intermediates.noindex/cmark-gfm.build/Release-iphoneos/cmark-gfm.build/Objects-normal/arm64/7187679823f38a2a940e0043cdf9d637-common-args.resp -MMD -MT dependencies -MF /Users/runner/work/xiaodi/xiaodi/build/Build/Intermediates.noindex/cmark-gfm.build/Release-iphoneos/cmark-gfm.build/Objects-normal/arm64/render.d --serialize-diagnostics /Users/runner/work/xiaodi/xiaodi/build/Build/Intermediates.noindex/cmark-gfm.build/Release-iphoneos/cmark-gfm.build/Objects-normal/arm64/render.dia -c /Users/runner/work/xiaodi/xiaodi/build/SourcePackages/checkouts/swift-cmark/src/render.c -o /Users/runner/work/xiaodi/xiaodi/build/Build/Intermediates.noindex/cmark-gfm.build/Release-iphoneos/cmark-gfm.build/Objects-normal/arm64/render.o

CompileC /Users/runner/work/xiaodi/xiaodi/build/Build/Intermediates.noindex/cmark-gfm.build/Release-iphoneos/cmark-gfm.build/Objects-normal/arm64/registry.o /Users/runner/work/xiaodi/xiaodi/build/SourcePackages/checkouts/swift-cmark/src/registry.c normal arm64 c com.apple.compilers.llvm.clang.1_0.compiler (in target 'cmark-gfm' from project 'cmark-gfm')
    cd /Users/runner/work/xiaodi/xiaodi/DeepSeekHarnessMobile.xcodeproj
    
    Using response file: /Users/runner/work/xiaodi/xiaodi/build/Build/Intermediates.noindex/cmark-gfm.build/Release-iphoneos/cmark-gfm.build/Objects-normal/arm64/7187679823f38a2a940e0043cdf9d637-common-args.resp
    
    /Applications/Xcode_26.3.app/Contents/Developer/Toolchains/XcodeDefault.xctoolchain/usr/bin/clang -x c -ivfsstatcache /Users/runner/work/xiaodi/xiaodi/build/SDKStatCaches.noindex/iphoneos26.2-23C57-dc75598d0054f22ec865fa860f139d722dd23b4ebda140f7210d155ff1243552.sdkstatcache -fmessage-length\=0 -fdiagnostics-show-note-include-stack -fmacro-backtrace-limit\=0 -fno-color-diagnostics -fmodules-prune-interval\=86400 -fmodules-prune-after\=345600 -fbuild-session-file\=/Users/runner/work/xiaodi/xiaodi/build/ModuleCache.noindex/Session.modulevalidation -fmodules-validate-once-per-build-session -Wnon-modular-include-in-framework-module -Werror\=non-modular-include-in-framework-module -Wno-trigraphs -Wno-missing-field-initializers -Wno-missing-prototypes -Wno-return-type -Wno-missing-braces -Wparentheses -Wswitch -Wno-unused-function -Wno-unused-label -Wno-unused-parameter -Wno-unused-variable -Wunused-value -Wno-empty-body -Wno-uninitialized -Wno-unknown-pragmas -w -Wno-shadow -Wno-four-char-constants -Wno-conversion -Wno-constant-conversion -Wno-int-conversion -Wno-bool-conversion -Wno-enum-conversion -Wno-float-conversion -Wno-non-literal-null-conversion -Wno-objc-literal-conversion -Wshorten-64-to-32 -Wpointer-sign -Wno-newline-eof -Wno-implicit-fallthrough -fstrict-aliasing -Wdeprecated-declarations -Wno-sign-conversion -Wno-infinite-recursion -Wno-comma -Wno-block-capture-autoreleasing -Wno-strict-prototypes -Wno-semicolon-before-method-body @/Users/runner/work/xiaodi/xiaodi/build/Build/Intermediates.noindex/cmark-gfm.build/Release-iphoneos/cmark-gfm.build/Objects-normal/arm64/7187679823f38a2a940e0043cdf9d637-common-args.resp -MMD -MT dependencies -MF /Users/runner/work/xiaodi/xiaodi/build/Build/Intermediates.noindex/cmark-gfm.build/Release-iphoneos/cmark-gfm.build/Objects-normal/arm64/registry.d --serialize-diagnostics /Users/runner/work/xiaodi/xiaodi/build/Build/Intermediates.noindex/cmark-gfm.build/Release-iphoneos/cmark-gfm.build/Objects-normal/arm64/registry.dia -c /Users/runner/work/xiaodi/xiaodi/build/SourcePackages/checkouts/swift-cmark/src/registry.c -o /Users/runner/work/xiaodi/xiaodi/build/Build/Intermediates.noindex/cmark-gfm.build/Release-iphoneos/cmark-gfm.build/Objects-normal/arm64/registry.o

ScanDependencies /Users/runner/work/xiaodi/xiaodi/build/Build/Intermediates.noindex/cmark-gfm.build/Release-iphoneos/cmark-gfm.build/Objects-normal/arm64/references.o /Users/runner/work/xiaodi/xiaodi/build/SourcePackages/checkouts/swift-cmark/src/references.c normal arm64 c com.apple.compilers.llvm.clang.1_0.compiler (in target 'cmark-gfm' from project 'cmark-gfm')
    cd /Users/runner/work/xiaodi/xiaodi/DeepSeekHarnessMobile.xcodeproj
    
    Using response file: /Users/runner/work/xiaodi/xiaodi/build/Build/Intermediates.noindex/cmark-gfm.build/Release-iphoneos/cmark-gfm.build/Objects-normal/arm64/7187679823f38a2a940e0043cdf9d637-common-args.resp
    
    builtin-ScanDependencies -o /Users/runner/work/xiaodi/xiaodi/build/Build/Intermediates.noindex/cmark-gfm.build/Release-iphoneos/cmark-gfm.build/Objects-normal/arm64/references.o.scan -- /Applications/Xcode_26.3.app/Contents/Developer/Toolchains/XcodeDefault.xctoolchain/usr/bin/clang -x c -ivfsstatcache /Users/runner/work/xiaodi/xiaodi/build/SDKStatCaches.noindex/iphoneos26.2-23C57-dc75598d0054f22ec865fa860f139d722dd23b4ebda140f7210d155ff1243552.sdkstatcache -fmessage-length\=0 -fdiagnostics-show-note-include-stack -fmacro-backtrace-limit\=0 -fno-color-diagnostics -fmodules-prune-interval\=86400 -fmodules-prune-after\=345600 -fbuild-session-file\=/Users/runner/work/xiaodi/xiaodi/build/ModuleCache.noindex/Session.modulevalidation -fmodules-validate-once-per-build-session -Wnon-modular-include-in-framework-module -Werror\=non-modular-include-in-framework-module -Wno-trigraphs -Wno-missing-field-initializers -Wno-missing-prototypes -Wno-return-type -Wno-missing-braces -Wparentheses -Wswitch -Wno-unused-function -Wno-unused-label -Wno-unused-parameter -Wno-unused-variable -Wunused-value -Wno-empty-body -Wno-uninitialized -Wno-unknown-pragmas -w -Wno-shadow -Wno-four-char-constants -Wno-conversion -Wno-constant-conversion -Wno-int-conversion -Wno-bool-conversion -Wno-enum-conversion -Wno-float-conversion -Wno-non-literal-null-conversion -Wno-objc-literal-conversion -Wshorten-64-to-32 -Wpointer-sign -Wno-newline-eof -Wno-implicit-fallthrough -fstrict-aliasing -Wdeprecated-declarations -Wno-sign-conversion -Wno-infinite-recursion -Wno-comma -Wno-block-capture-autoreleasing -Wno-strict-prototypes -Wno-semicolon-before-method-body @/Users/runner/work/xiaodi/xiaodi/build/Build/Intermediates.noindex/cmark-gfm.build/Release-iphoneos/cmark-gfm.build/Objects-normal/arm64/7187679823f38a2a940e0043cdf9d637-common-args.resp -MMD -MT dependencies -MF /Users/runner/work/xiaodi/xiaodi/build/Build/Intermediates.noindex/cmark-gfm.build/Release-iphoneos/cmark-gfm.build/Objects-normal/arm64/references.d --serialize-diagnostics /Users/runner/work/xiaodi/xiaodi/build/Build/Intermediates.noindex/cmark-gfm.build/Release-iphoneos/cmark-gfm.build/Objects-normal/arm64/references.dia -c /Users/runner/work/xiaodi/xiaodi/build/SourcePackages/checkouts/swift-cmark/src/references.c -o /Users/runner/work/xiaodi/xiaodi/build/Build/Intermediates.noindex/cmark-gfm.build/Release-iphoneos/cmark-gfm.build/Objects-normal/arm64/references.o

SwiftDriverJobDiscovery normal arm64 Compiling AgentActivityAttributes.swift, AgentApprovalIntents.swift, AgentLiveActivityWidget.swift, GeneratedAssetSymbols.swift (in target 'AgentLiveActivityWidget' from project 'DeepSeekHarnessMobile')

SwiftDriver\ Compilation\ Requirements AgentLiveActivityWidget normal arm64 com.apple.xcode.tools.swift.compiler (in target 'AgentLiveActivityWidget' from project 'DeepSeekHarnessMobile')
    cd /Users/runner/work/xiaodi/xiaodi
    builtin-Swift-Compilation-Requirements -- /Applications/Xcode_26.3.app/Contents/Developer/Toolchains/XcodeDefault.xctoolchain/usr/bin/swiftc -module-name AgentLiveActivityWidget -O -whole-module-optimization -enforce-exclusivity\=checked @/Users/runner/work/xiaodi/xiaodi/build/Build/Intermediates.noindex/DeepSeekHarnessMobile.build/Release-iphoneos/AgentLiveActivityWidget.build/Objects-normal/arm64/AgentLiveActivityWidget.SwiftFileList -enable-bare-slash-regex -enable-experimental-feature DebugDescriptionMacro -sdk /Applications/Xcode_26.3.app/Contents/Developer/Platforms/iPhoneOS.platform/Developer/SDKs/iPhoneOS26.2.sdk -target arm64-apple-ios17.0 -g -module-cache-path /Users/runner/work/xiaodi/xiaodi/build/ModuleCache.noindex -Xfrontend -serialize-debugging-options -application-extension -swift-version 5 -I /Users/runner/work/xiaodi/xiaodi/build/Build/Products/Release-iphoneos -F /Users/runner/work/xiaodi/xiaodi/build/Build/Products/Release-iphoneos -emit-localized-strings -emit-localized-strings-path /Users/runner/work/xiaodi/xiaodi/build/Build/Intermediates.noindex/DeepSeekHarnessMobile.build/Release-iphoneos/AgentLiveActivityWidget.build/Objects-normal/arm64 -c -num-threads 3 -Xcc -ivfsstatcache -Xcc /Users/runner/work/xiaodi/xiaodi/build/SDKStatCaches.noindex/iphoneos26.2-23C57-dc75598d0054f22ec865fa860f139d722dd23b4ebda140f7210d155ff1243552.sdkstatcache -output-file-map /Users/runner/work/xiaodi/xiaodi/build/Build/Intermediates.noindex/DeepSeekHarnessMobile.build/Release-iphoneos/AgentLiveActivityWidget.build/Objects-normal/arm64/AgentLiveActivityWidget-OutputFileMap.json -use-frontend-parseable-output -save-temps -no-color-diagnostics -explicit-module-build -module-cache-path /Users/runner/work/xiaodi/xiaodi/build/Build/Intermediates.noindex/SwiftExplicitPrecompiledModules -clang-scanner-module-cache-path /Users/runner/work/xiaodi/xiaodi/build/ModuleCache.noindex -sdk-module-cache-path /Users/runner/work/xiaodi/xiaodi/build/ModuleCache.noindex -serialize-diagnostics -emit-dependencies -emit-module -emit-module-path /Users/runner/work/xiaodi/xiaodi/build/Build/Intermediates.noindex/DeepSeekHarnessMobile.build/Release-iphoneos/AgentLiveActivityWidget.build/Objects-normal/arm64/AgentLiveActivityWidget.swiftmodule -validate-clang-modules-once -clang-build-session-file /Users/runner/work/xiaodi/xiaodi/build/ModuleCache.noindex/Session.modulevalidation -Xcc -I/Users/runner/work/xiaodi/xiaodi/build/Build/Intermediates.noindex/DeepSeekHarnessMobile.build/Release-iphoneos/AgentLiveActivityWidget.build/swift-overrides.hmap -emit-const-values -Xfrontend -const-gather-protocols-file -Xfrontend /Users/runner/work/xiaodi/xiaodi/build/Build/Intermediates.noindex/DeepSeekHarnessMobile.build/Release-iphoneos/AgentLiveActivityWidget.build/Objects-normal/arm64/AgentLiveActivityWidget_const_extract_protocols.json -Xcc -iquote -Xcc /Users/runner/work/xiaodi/xiaodi/build/Build/Intermediates.noindex/DeepSeekHarnessMobile.build/Release-iphoneos/AgentLiveActivityWidget.build/AgentLiveActivityWidget-generated-files.hmap -Xcc -I/Users/runner/work/xiaodi/xiaodi/build/Build/Intermediates.noindex/DeepSeekHarnessMobile.build/Release-iphoneos/AgentLiveActivityWidget.build/AgentLiveActivityWidget-own-target-headers.hmap -Xcc -I/Users/runner/work/xiaodi/xiaodi/build/Build/Intermediates.noindex/DeepSeekHarnessMobile.build/Release-iphoneos/AgentLiveActivityWidget.build/AgentLiveActivityWidget-all-non-framework-target-headers.hmap -Xcc -ivfsoverlay -Xcc /Users/runner/work/xiaodi/xiaodi/build/Build/Intermediates.noindex/DeepSeekHarnessMobile.build/Release-iphoneos/DeepSeekHarnessMobile-067605110eec52b4b1237b5dcc4ee7ce-VFS-iphoneos/all-product-headers.yaml -Xcc -iquote -Xcc /Users/runner/work/xiaodi/xiaodi/build/Build/Intermediates.noindex/DeepSeekHarnessMobile.build/Release-iphoneos/AgentLiveActivityWidget.build/AgentLiveActivityWidget-project-headers.hmap -Xcc -I/Users/runner/work/xiaodi/xiaodi/build/Build/Products/Release-iphoneos/include -Xcc -I/Users/runner/work/xiaodi/xiaodi/build/Build/Intermediates.noindex/DeepSeekHarnessMobile.build/Release-iphoneos/AgentLiveActivityWidget.build/DerivedSources-normal/arm64 -Xcc -I/Users/runner/work/xiaodi/xiaodi/build/Build/Intermediates.noindex/DeepSeekHarnessMobile.build/Release-iphoneos/AgentLiveActivityWidget.build/DerivedSources/arm64 -Xcc -I/Users/runner/work/xiaodi/xiaodi/build/Build/Intermediates.noindex/DeepSeekHarnessMobile.build/Release-iphoneos/AgentLiveActivityWidget.build/DerivedSources -emit-objc-header -emit-objc-header-path /Users/runner/work/xiaodi/xiaodi/build/Build/Intermediates.noindex/DeepSeekHarnessMobile.build/Release-iphoneos/AgentLiveActivityWidget.build/Objects-normal/arm64/AgentLiveActivityWidget-Swift.h -working-directory /Users/runner/work/xiaodi/xiaodi -no-emit-module-separately-wmo

CompileC /Users/runner/work/xiaodi/xiaodi/build/Build/Intermediates.noindex/cmark-gfm.build/Release-iphoneos/cmark-gfm.build/Objects-normal/arm64/references.o /Users/runner/work/xiaodi/xiaodi/build/SourcePackages/checkouts/swift-cmark/src/references.c normal arm64 c com.apple.compilers.llvm.clang.1_0.compiler (in target 'cmark-gfm' from project 'cmark-gfm')
    cd /Users/runner/work/xiaodi/xiaodi/DeepSeekHarnessMobile.xcodeproj
    
    Using response file: /Users/runner/work/xiaodi/xiaodi/build/Build/Intermediates.noindex/cmark-gfm.build/Release-iphoneos/cmark-gfm.build/Objects-normal/arm64/7187679823f38a2a940e0043cdf9d637-common-args.resp
    
    /Applications/Xcode_26.3.app/Contents/Developer/Toolchains/XcodeDefault.xctoolchain/usr/bin/clang -x c -ivfsstatcache /Users/runner/work/xiaodi/xiaodi/build/SDKStatCaches.noindex/iphoneos26.2-23C57-dc75598d0054f22ec865fa860f139d722dd23b4ebda140f7210d155ff1243552.sdkstatcache -fmessage-length\=0 -fdiagnostics-show-note-include-stack -fmacro-backtrace-limit\=0 -fno-color-diagnostics -fmodules-prune-interval\=86400 -fmodules-prune-after\=345600 -fbuild-session-file\=/Users/runner/work/xiaodi/xiaodi/build/ModuleCache.noindex/Session.modulevalidation -fmodules-validate-once-per-build-session -Wnon-modular-include-in-framework-module -Werror\=non-modular-include-in-framework-module -Wno-trigraphs -Wno-missing-field-initializers -Wno-missing-prototypes -Wno-return-type -Wno-missing-braces -Wparentheses -Wswitch -Wno-unused-function -Wno-unused-label -Wno-unused-parameter -Wno-unused-variable -Wunused-value -Wno-empty-body -Wno-uninitialized -Wno-unknown-pragmas -w -Wno-shadow -Wno-four-char-constants -Wno-conversion -Wno-constant-conversion -Wno-int-conversion -Wno-bool-conversion -Wno-enum-conversion -Wno-float-conversion -Wno-non-literal-null-conversion -Wno-objc-literal-conversion -Wshorten-64-to-32 -Wpointer-sign -Wno-newline-eof -Wno-implicit-fallthrough -fstrict-aliasing -Wdeprecated-declarations -Wno-sign-conversion -Wno-infinite-recursion -Wno-comma -Wno-block-capture-autoreleasing -Wno-strict-prototypes -Wno-semicolon-before-method-body @/Users/runner/work/xiaodi/xiaodi/build/Build/Intermediates.noindex/cmark-gfm.build/Release-iphoneos/cmark-gfm.build/Objects-normal/arm64/7187679823f38a2a940e0043cdf9d637-common-args.resp -MMD -MT dependencies -MF /Users/runner/work/xiaodi/xiaodi/build/Build/Intermediates.noindex/cmark-gfm.build/Release-iphoneos/cmark-gfm.build/Objects-normal/arm64/references.d --serialize-diagnostics /Users/runner/work/xiaodi/xiaodi/build/Build/Intermediates.noindex/cmark-gfm.build/Release-iphoneos/cmark-gfm.build/Objects-normal/arm64/references.dia -c /Users/runner/work/xiaodi/xiaodi/build/SourcePackages/checkouts/swift-cmark/src/references.c -o /Users/runner/work/xiaodi/xiaodi/build/Build/Intermediates.noindex/cmark-gfm.build/Release-iphoneos/cmark-gfm.build/Objects-normal/arm64/references.o

SwiftMergeGeneratedHeaders /Users/runner/work/xiaodi/xiaodi/build/Build/Intermediates.noindex/DeepSeekHarnessMobile.build/Release-iphoneos/AgentLiveActivityWidget.build/DerivedSources/AgentLiveActivityWidget-Swift.h /Users/runner/work/xiaodi/xiaodi/build/Build/Intermediates.noindex/DeepSeekHarnessMobile.build/Release-iphoneos/AgentLiveActivityWidget.build/Objects-normal/arm64/AgentLiveActivityWidget-Swift.h (in target 'AgentLiveActivityWidget' from project 'DeepSeekHarnessMobile')
    cd /Users/runner/work/xiaodi/xiaodi
    builtin-swiftHeaderTool -arch arm64 /Users/runner/work/xiaodi/xiaodi/build/Build/Intermediates.noindex/DeepSeekHarnessMobile.build/Release-iphoneos/AgentLiveActivityWidget.build/Objects-normal/arm64/AgentLiveActivityWidget-Swift.h -o /Users/runner/work/xiaodi/xiaodi/build/Build/Intermediates.noindex/DeepSeekHarnessMobile.build/Release-iphoneos/AgentLiveActivityWidget.build/DerivedSources/AgentLiveActivityWidget-Swift.h

Copy /Users/runner/work/xiaodi/xiaodi/build/Build/Products/Release-iphoneos/AgentLiveActivityWidget.swiftmodule/arm64-apple-ios.swiftmodule /Users/runner/work/xiaodi/xiaodi/build/Build/Intermediates.noindex/DeepSeekHarnessMobile.build/Release-iphoneos/AgentLiveActivityWidget.build/Objects-normal/arm64/AgentLiveActivityWidget.swiftmodule (in target 'AgentLiveActivityWidget' from project 'DeepSeekHarnessMobile')
    cd /Users/runner/work/xiaodi/xiaodi
    builtin-copy -exclude .DS_Store -exclude CVS -exclude .svn -exclude .git -exclude .hg -resolve-src-symlinks -rename /Users/runner/work/xiaodi/xiaodi/build/Build/Intermediates.noindex/DeepSeekHarnessMobile.build/Release-iphoneos/AgentLiveActivityWidget.build/Objects-normal/arm64/AgentLiveActivityWidget.swiftmodule /Users/runner/work/xiaodi/xiaodi/build/Build/Products/Release-iphoneos/AgentLiveActivityWidget.swiftmodule/arm64-apple-ios.swiftmodule

Copy /Users/runner/work/xiaodi/xiaodi/build/Build/Products/Release-iphoneos/AgentLiveActivityWidget.swiftmodule/arm64-apple-ios.swiftdoc /Users/runner/work/xiaodi/xiaodi/build/Build/Intermediates.noindex/DeepSeekHarnessMobile.build/Release-iphoneos/AgentLiveActivityWidget.build/Objects-normal/arm64/AgentLiveActivityWidget.swiftdoc (in target 'AgentLiveActivityWidget' from project 'DeepSeekHarnessMobile')
    cd /Users/runner/work/xiaodi/xiaodi
    builtin-copy -exclude .DS_Store -exclude CVS -exclude .svn -exclude .git -exclude .hg -resolve-src-symlinks -rename /Users/runner/work/xiaodi/xiaodi/build/Build/Intermediates.noindex/DeepSeekHarnessMobile.build/Release-iphoneos/AgentLiveActivityWidget.build/Objects-normal/arm64/AgentLiveActivityWidget.swiftdoc /Users/runner/work/xiaodi/xiaodi/build/Build/Products/Release-iphoneos/AgentLiveActivityWidget.swiftmodule/arm64-apple-ios.swiftdoc

Copy /Users/runner/work/xiaodi/xiaodi/build/Build/Products/Release-iphoneos/AgentLiveActivityWidget.swiftmodule/arm64-apple-ios.abi.json /Users/runner/work/xiaodi/xiaodi/build/Build/Intermediates.noindex/DeepSeekHarnessMobile.build/Release-iphoneos/AgentLiveActivityWidget.build/Objects-normal/arm64/AgentLiveActivityWidget.abi.json (in target 'AgentLiveActivityWidget' from project 'DeepSeekHarnessMobile')
    cd /Users/runner/work/xiaodi/xiaodi
    builtin-copy -exclude .DS_Store -exclude CVS -exclude .svn -exclude .git -exclude .hg -resolve-src-symlinks -rename /Users/runner/work/xiaodi/xiaodi/build/Build/Intermediates.noindex/DeepSeekHarnessMobile.build/Release-iphoneos/AgentLiveActivityWidget.build/Objects-normal/arm64/AgentLiveActivityWidget.abi.json /Users/runner/work/xiaodi/xiaodi/build/Build/Products/Release-iphoneos/AgentLiveActivityWidget.swiftmodule/arm64-apple-ios.abi.json

Copy /Users/runner/work/xiaodi/xiaodi/build/Build/Products/Release-iphoneos/AgentLiveActivityWidget.swiftmodule/Project/arm64-apple-ios.swiftsourceinfo /Users/runner/work/xiaodi/xiaodi/build/Build/Intermediates.noindex/DeepSeekHarnessMobile.build/Release-iphoneos/AgentLiveActivityWidget.build/Objects-normal/arm64/AgentLiveActivityWidget.swiftsourceinfo (in target 'AgentLiveActivityWidget' from project 'DeepSeekHarnessMobile')
    cd /Users/runner/work/xiaodi/xiaodi
    builtin-copy -exclude .DS_Store -exclude CVS -exclude .svn -exclude .git -exclude .hg -resolve-src-symlinks -rename /Users/runner/work/xiaodi/xiaodi/build/Build/Intermediates.noindex/DeepSeekHarnessMobile.build/Release-iphoneos/AgentLiveActivityWidget.build/Objects-normal/arm64/AgentLiveActivityWidget.swiftsourceinfo /Users/runner/work/xiaodi/xiaodi/build/Build/Products/Release-iphoneos/AgentLiveActivityWidget.swiftmodule/Project/arm64-apple-ios.swiftsourceinfo

ScanDependencies /Users/runner/work/xiaodi/xiaodi/build/Build/Intermediates.noindex/cmark-gfm.build/Release-iphoneos/cmark-gfm.build/Objects-normal/arm64/plugin.o /Users/runner/work/xiaodi/xiaodi/build/SourcePackages/checkouts/swift-cmark/src/plugin.c normal arm64 c com.apple.compilers.llvm.clang.1_0.compiler (in target 'cmark-gfm' from project 'cmark-gfm')
    cd /Users/runner/work/xiaodi/xiaodi/DeepSeekHarnessMobile.xcodeproj
    
    Using response file: /Users/runner/work/xiaodi/xiaodi/build/Build/Intermediates.noindex/cmark-gfm.build/Release-iphoneos/cmark-gfm.build/Objects-normal/arm64/7187679823f38a2a940e0043cdf9d637-common-args.resp
    
    builtin-ScanDependencies -o /Users/runner/work/xiaodi/xiaodi/build/Build/Intermediates.noindex/cmark-gfm.build/Release-iphoneos/cmark-gfm.build/Objects-normal/arm64/plugin.o.scan -- /Applications/Xcode_26.3.app/Contents/Developer/Toolchains/XcodeDefault.xctoolchain/usr/bin/clang -x c -ivfsstatcache /Users/runner/work/xiaodi/xiaodi/build/SDKStatCaches.noindex/iphoneos26.2-23C57-dc75598d0054f22ec865fa860f139d722dd23b4ebda140f7210d155ff1243552.sdkstatcache -fmessage-length\=0 -fdiagnostics-show-note-include-stack -fmacro-backtrace-limit\=0 -fno-color-diagnostics -fmodules-prune-interval\=86400 -fmodules-prune-after\=345600 -fbuild-session-file\=/Users/runner/work/xiaodi/xiaodi/build/ModuleCache.noindex/Session.modulevalidation -fmodules-validate-once-per-build-session -Wnon-modular-include-in-framework-module -Werror\=non-modular-include-in-framework-module -Wno-trigraphs -Wno-missing-field-initializers -Wno-missing-prototypes -Wno-return-type -Wno-missing-braces -Wparentheses -Wswitch -Wno-unused-function -Wno-unused-label -Wno-unused-parameter -Wno-unused-variable -Wunused-value -Wno-empty-body -Wno-uninitialized -Wno-unknown-pragmas -w -Wno-shadow -Wno-four-char-constants -Wno-conversion -Wno-constant-conversion -Wno-int-conversion -Wno-bool-conversion -Wno-enum-conversion -Wno-float-conversion -Wno-non-literal-null-conversion -Wno-objc-literal-conversion -Wshorten-64-to-32 -Wpointer-sign -Wno-newline-eof -Wno-implicit-fallthrough -fstrict-aliasing -Wdeprecated-declarations -Wno-sign-conversion -Wno-infinite-recursion -Wno-comma -Wno-block-capture-autoreleasing -Wno-strict-prototypes -Wno-semicolon-before-method-body @/Users/runner/work/xiaodi/xiaodi/build/Build/Intermediates.noindex/cmark-gfm.build/Release-iphoneos/cmark-gfm.build/Objects-normal/arm64/7187679823f38a2a940e0043cdf9d637-common-args.resp -MMD -MT dependencies -MF /Users/runner/work/xiaodi/xiaodi/build/Build/Intermediates.noindex/cmark-gfm.build/Release-iphoneos/cmark-gfm.build/Objects-normal/arm64/plugin.d --serialize-diagnostics /Users/runner/work/xiaodi/xiaodi/build/Build/Intermediates.noindex/cmark-gfm.build/Release-iphoneos/cmark-gfm.build/Objects-normal/arm64/plugin.dia -c /Users/runner/work/xiaodi/xiaodi/build/SourcePackages/checkouts/swift-cmark/src/plugin.c -o /Users/runner/work/xiaodi/xiaodi/build/Build/Intermediates.noindex/cmark-gfm.build/Release-iphoneos/cmark-gfm.build/Objects-normal/arm64/plugin.o

ScanDependencies /Users/runner/work/xiaodi/xiaodi/build/Build/Intermediates.noindex/cmark-gfm.build/Release-iphoneos/cmark-gfm.build/Objects-normal/arm64/plaintext.o /Users/runner/work/xiaodi/xiaodi/build/SourcePackages/checkouts/swift-cmark/src/plaintext.c normal arm64 c com.apple.compilers.llvm.clang.1_0.compiler (in target 'cmark-gfm' from project 'cmark-gfm')
    cd /Users/runner/work/xiaodi/xiaodi/DeepSeekHarnessMobile.xcodeproj
    
    Using response file: /Users/runner/work/xiaodi/xiaodi/build/Build/Intermediates.noindex/cmark-gfm.build/Release-iphoneos/cmark-gfm.build/Objects-normal/arm64/7187679823f38a2a940e0043cdf9d637-common-args.resp
    
    builtin-ScanDependencies -o /Users/runner/work/xiaodi/xiaodi/build/Build/Intermediates.noindex/cmark-gfm.build/Release-iphoneos/cmark-gfm.build/Objects-normal/arm64/plaintext.o.scan -- /Applications/Xcode_26.3.app/Contents/Developer/Toolchains/XcodeDefault.xctoolchain/usr/bin/clang -x c -ivfsstatcache /Users/runner/work/xiaodi/xiaodi/build/SDKStatCaches.noindex/iphoneos26.2-23C57-dc75598d0054f22ec865fa860f139d722dd23b4ebda140f7210d155ff1243552.sdkstatcache -fmessage-length\=0 -fdiagnostics-show-note-include-stack -fmacro-backtrace-limit\=0 -fno-color-diagnostics -fmodules-prune-interval\=86400 -fmodules-prune-after\=345600 -fbuild-session-file\=/Users/runner/work/xiaodi/xiaodi/build/ModuleCache.noindex/Session.modulevalidation -fmodules-validate-once-per-build-session -Wnon-modular-include-in-framework-module -Werror\=non-modular-include-in-framework-module -Wno-trigraphs -Wno-missing-field-initializers -Wno-missing-prototypes -Wno-return-type -Wno-missing-braces -Wparentheses -Wswitch -Wno-unused-function -Wno-unused-label -Wno-unused-parameter -Wno-unused-variable -Wunused-value -Wno-empty-body -Wno-uninitialized -Wno-unknown-pragmas -w -Wno-shadow -Wno-four-char-constants -Wno-conversion -Wno-constant-conversion -Wno-int-conversion -Wno-bool-conversion -Wno-enum-conversion -Wno-float-conversion -Wno-non-literal-null-conversion -Wno-objc-literal-conversion -Wshorten-64-to-32 -Wpointer-sign -Wno-newline-eof -Wno-implicit-fallthrough -fstrict-aliasing -Wdeprecated-declarations -Wno-sign-conversion -Wno-infinite-recursion -Wno-comma -Wno-block-capture-autoreleasing -Wno-strict-prototypes -Wno-semicolon-before-method-body @/Users/runner/work/xiaodi/xiaodi/build/Build/Intermediates.noindex/cmark-gfm.build/Release-iphoneos/cmark-gfm.build/Objects-normal/arm64/7187679823f38a2a940e0043cdf9d637-common-args.resp -MMD -MT dependencies -MF /Users/runner/work/xiaodi/xiaodi/build/Build/Intermediates.noindex/cmark-gfm.build/Release-iphoneos/cmark-gfm.build/Objects-normal/arm64/plaintext.d --serialize-diagnostics /Users/runner/work/xiaodi/xiaodi/build/Build/Intermediates.noindex/cmark-gfm.build/Release-iphoneos/cmark-gfm.build/Objects-normal/arm64/plaintext.dia -c /Users/runner/work/xiaodi/xiaodi/build/SourcePackages/checkouts/swift-cmark/src/plaintext.c -o /Users/runner/work/xiaodi/xiaodi/build/Build/Intermediates.noindex/cmark-gfm.build/Release-iphoneos/cmark-gfm.build/Objects-normal/arm64/plaintext.o

CompileC /Users/runner/work/xiaodi/xiaodi/build/Build/Intermediates.noindex/cmark-gfm.build/Release-iphoneos/cmark-gfm.build/Objects-normal/arm64/plugin.o /Users/runner/work/xiaodi/xiaodi/build/SourcePackages/checkouts/swift-cmark/src/plugin.c normal arm64 c com.apple.compilers.llvm.clang.1_0.compiler (in target 'cmark-gfm' from project 'cmark-gfm')
    cd /Users/runner/work/xiaodi/xiaodi/DeepSeekHarnessMobile.xcodeproj
    
    Using response file: /Users/runner/work/xiaodi/xiaodi/build/Build/Intermediates.noindex/cmark-gfm.build/Release-iphoneos/cmark-gfm.build/Objects-normal/arm64/7187679823f38a2a940e0043cdf9d637-common-args.resp
    
    /Applications/Xcode_26.3.app/Contents/Developer/Toolchains/XcodeDefault.xctoolchain/usr/bin/clang -x c -ivfsstatcache /Users/runner/work/xiaodi/xiaodi/build/SDKStatCaches.noindex/iphoneos26.2-23C57-dc75598d0054f22ec865fa860f139d722dd23b4ebda140f7210d155ff1243552.sdkstatcache -fmessage-length\=0 -fdiagnostics-show-note-include-stack -fmacro-backtrace-limit\=0 -fno-color-diagnostics -fmodules-prune-interval\=86400 -fmodules-prune-after\=345600 -fbuild-session-file\=/Users/runner/work/xiaodi/xiaodi/build/ModuleCache.noindex/Session.modulevalidation -fmodules-validate-once-per-build-session -Wnon-modular-include-in-framework-module -Werror\=non-modular-include-in-framework-module -Wno-trigraphs -Wno-missing-field-initializers -Wno-missing-prototypes -Wno-return-type -Wno-missing-braces -Wparentheses -Wswitch -Wno-unused-function -Wno-unused-label -Wno-unused-parameter -Wno-unused-variable -Wunused-value -Wno-empty-body -Wno-uninitialized -Wno-unknown-pragmas -w -Wno-shadow -Wno-four-char-constants -Wno-conversion -Wno-constant-conversion -Wno-int-conversion -Wno-bool-conversion -Wno-enum-conversion -Wno-float-conversion -Wno-non-literal-null-conversion -Wno-objc-literal-conversion -Wshorten-64-to-32 -Wpointer-sign -Wno-newline-eof -Wno-implicit-fallthrough -fstrict-aliasing -Wdeprecated-declarations -Wno-sign-conversion -Wno-infinite-recursion -Wno-comma -Wno-block-capture-autoreleasing -Wno-strict-prototypes -Wno-semicolon-before-method-body @/Users/runner/work/xiaodi/xiaodi/build/Build/Intermediates.noindex/cmark-gfm.build/Release-iphoneos/cmark-gfm.build/Objects-normal/arm64/7187679823f38a2a940e0043cdf9d637-common-args.resp -MMD -MT dependencies -MF /Users/runner/work/xiaodi/xiaodi/build/Build/Intermediates.noindex/cmark-gfm.build/Release-iphoneos/cmark-gfm.build/Objects-normal/arm64/plugin.d --serialize-diagnostics /Users/runner/work/xiaodi/xiaodi/build/Build/Intermediates.noindex/cmark-gfm.build/Release-iphoneos/cmark-gfm.build/Objects-normal/arm64/plugin.dia -c /Users/runner/work/xiaodi/xiaodi/build/SourcePackages/checkouts/swift-cmark/src/plugin.c -o /Users/runner/work/xiaodi/xiaodi/build/Build/Intermediates.noindex/cmark-gfm.build/Release-iphoneos/cmark-gfm.build/Objects-normal/arm64/plugin.o

CompileC /Users/runner/work/xiaodi/xiaodi/build/Build/Intermediates.noindex/cmark-gfm.build/Release-iphoneos/cmark-gfm.build/Objects-normal/arm64/plaintext.o /Users/runner/work/xiaodi/xiaodi/build/SourcePackages/checkouts/swift-cmark/src/plaintext.c normal arm64 c com.apple.compilers.llvm.clang.1_0.compiler (in target 'cmark-gfm' from project 'cmark-gfm')
    cd /Users/runner/work/xiaodi/xiaodi/DeepSeekHarnessMobile.xcodeproj
    
    Using response file: /Users/runner/work/xiaodi/xiaodi/build/Build/Intermediates.noindex/cmark-gfm.build/Release-iphoneos/cmark-gfm.build/Objects-normal/arm64/7187679823f38a2a940e0043cdf9d637-common-args.resp
    
    /Applications/Xcode_26.3.app/Contents/Developer/Toolchains/XcodeDefault.xctoolchain/usr/bin/clang -x c -ivfsstatcache /Users/runner/work/xiaodi/xiaodi/build/SDKStatCaches.noindex/iphoneos26.2-23C57-dc75598d0054f22ec865fa860f139d722dd23b4ebda140f7210d155ff1243552.sdkstatcache -fmessage-length\=0 -fdiagnostics-show-note-include-stack -fmacro-backtrace-limit\=0 -fno-color-diagnostics -fmodules-prune-interval\=86400 -fmodules-prune-after\=345600 -fbuild-session-file\=/Users/runner/work/xiaodi/xiaodi/build/ModuleCache.noindex/Session.modulevalidation -fmodules-validate-once-per-build-session -Wnon-modular-include-in-framework-module -Werror\=non-modular-include-in-framework-module -Wno-trigraphs -Wno-missing-field-initializers -Wno-missing-prototypes -Wno-return-type -Wno-missing-braces -Wparentheses -Wswitch -Wno-unused-function -Wno-unused-label -Wno-unused-parameter -Wno-unused-variable -Wunused-value -Wno-empty-body -Wno-uninitialized -Wno-unknown-pragmas -w -Wno-shadow -Wno-four-char-constants -Wno-conversion -Wno-constant-conversion -Wno-int-conversion -Wno-bool-conversion -Wno-enum-conversion -Wno-float-conversion -Wno-non-literal-null-conversion -Wno-objc-literal-conversion -Wshorten-64-to-32 -Wpointer-sign -Wno-newline-eof -Wno-implicit-fallthrough -fstrict-aliasing -Wdeprecated-declarations -Wno-sign-conversion -Wno-infinite-recursion -Wno-comma -Wno-block-capture-autoreleasing -Wno-strict-prototypes -Wno-semicolon-before-method-body @/Users/runner/work/xiaodi/xiaodi/build/Build/Intermediates.noindex/cmark-gfm.build/Release-iphoneos/cmark-gfm.build/Objects-normal/arm64/7187679823f38a2a940e0043cdf9d637-common-args.resp -MMD -MT dependencies -MF /Users/runner/work/xiaodi/xiaodi/build/Build/Intermediates.noindex/cmark-gfm.build/Release-iphoneos/cmark-gfm.build/Objects-normal/arm64/plaintext.d --serialize-diagnostics /Users/runner/work/xiaodi/xiaodi/build/Build/Intermediates.noindex/cmark-gfm.build/Release-iphoneos/cmark-gfm.build/Objects-normal/arm64/plaintext.dia -c /Users/runner/work/xiaodi/xiaodi/build/SourcePackages/checkouts/swift-cmark/src/plaintext.c -o /Users/runner/work/xiaodi/xiaodi/build/Build/Intermediates.noindex/cmark-gfm.build/Release-iphoneos/cmark-gfm.build/Objects-normal/arm64/plaintext.o

ScanDependencies /Users/runner/work/xiaodi/xiaodi/build/Build/Intermediates.noindex/cmark-gfm.build/Release-iphoneos/cmark-gfm.build/Objects-normal/arm64/node.o /Users/runner/work/xiaodi/xiaodi/build/SourcePackages/checkouts/swift-cmark/src/node.c normal arm64 c com.apple.compilers.llvm.clang.1_0.compiler (in target 'cmark-gfm' from project 'cmark-gfm')
    cd /Users/runner/work/xiaodi/xiaodi/DeepSeekHarnessMobile.xcodeproj
    
    Using response file: /Users/runner/work/xiaodi/xiaodi/build/Build/Intermediates.noindex/cmark-gfm.build/Release-iphoneos/cmark-gfm.build/Objects-normal/arm64/7187679823f38a2a940e0043cdf9d637-common-args.resp
    
    builtin-ScanDependencies -o /Users/runner/work/xiaodi/xiaodi/build/Build/Intermediates.noindex/cmark-gfm.build/Release-iphoneos/cmark-gfm.build/Objects-normal/arm64/node.o.scan -- /Applications/Xcode_26.3.app/Contents/Developer/Toolchains/XcodeDefault.xctoolchain/usr/bin/clang -x c -ivfsstatcache /Users/runner/work/xiaodi/xiaodi/build/SDKStatCaches.noindex/iphoneos26.2-23C57-dc75598d0054f22ec865fa860f139d722dd23b4ebda140f7210d155ff1243552.sdkstatcache -fmessage-length\=0 -fdiagnostics-show-note-include-stack -fmacro-backtrace-limit\=0 -fno-color-diagnostics -fmodules-prune-interval\=86400 -fmodules-prune-after\=345600 -fbuild-session-file\=/Users/runner/work/xiaodi/xiaodi/build/ModuleCache.noindex/Session.modulevalidation -fmodules-validate-once-per-build-session -Wnon-modular-include-in-framework-module -Werror\=non-modular-include-in-framework-module -Wno-trigraphs -Wno-missing-field-initializers -Wno-missing-prototypes -Wno-return-type -Wno-missing-braces -Wparentheses -Wswitch -Wno-unused-function -Wno-unused-label -Wno-unused-parameter -Wno-unused-variable -Wunused-value -Wno-empty-body -Wno-uninitialized -Wno-unknown-pragmas -w -Wno-shadow -Wno-four-char-constants -Wno-conversion -Wno-constant-conversion -Wno-int-conversion -Wno-bool-conversion -Wno-enum-conversion -Wno-float-conversion -Wno-non-literal-null-conversion -Wno-objc-literal-conversion -Wshorten-64-to-32 -Wpointer-sign -Wno-newline-eof -Wno-implicit-fallthrough -fstrict-aliasing -Wdeprecated-declarations -Wno-sign-conversion -Wno-infinite-recursion -Wno-comma -Wno-block-capture-autoreleasing -Wno-strict-prototypes -Wno-semicolon-before-method-body @/Users/runner/work/xiaodi/xiaodi/build/Build/Intermediates.noindex/cmark-gfm.build/Release-iphoneos/cmark-gfm.build/Objects-normal/arm64/7187679823f38a2a940e0043cdf9d637-common-args.resp -MMD -MT dependencies -MF /Users/runner/work/xiaodi/xiaodi/build/Build/Intermediates.noindex/cmark-gfm.build/Release-iphoneos/cmark-gfm.build/Objects-normal/arm64/node.d --serialize-diagnostics /Users/runner/work/xiaodi/xiaodi/build/Build/Intermediates.noindex/cmark-gfm.build/Release-iphoneos/cmark-gfm.build/Objects-normal/arm64/node.dia -c /Users/runner/work/xiaodi/xiaodi/build/SourcePackages/checkouts/swift-cmark/src/node.c -o /Users/runner/work/xiaodi/xiaodi/build/Build/Intermediates.noindex/cmark-gfm.build/Release-iphoneos/cmark-gfm.build/Objects-normal/arm64/node.o

ScanDependencies /Users/runner/work/xiaodi/xiaodi/build/Build/Intermediates.noindex/cmark-gfm.build/Release-iphoneos/cmark-gfm.build/Objects-normal/arm64/map.o /Users/runner/work/xiaodi/xiaodi/build/SourcePackages/checkouts/swift-cmark/src/map.c normal arm64 c com.apple.compilers.llvm.clang.1_0.compiler (in target 'cmark-gfm' from project 'cmark-gfm')
    cd /Users/runner/work/xiaodi/xiaodi/DeepSeekHarnessMobile.xcodeproj
    
    Using response file: /Users/runner/work/xiaodi/xiaodi/build/Build/Intermediates.noindex/cmark-gfm.build/Release-iphoneos/cmark-gfm.build/Objects-normal/arm64/7187679823f38a2a940e0043cdf9d637-common-args.resp
    
    builtin-ScanDependencies -o /Users/runner/work/xiaodi/xiaodi/build/Build/Intermediates.noindex/cmark-gfm.build/Release-iphoneos/cmark-gfm.build/Objects-normal/arm64/map.o.scan -- /Applications/Xcode_26.3.app/Contents/Developer/Toolchains/XcodeDefault.xctoolchain/usr/bin/clang -x c -ivfsstatcache /Users/runner/work/xiaodi/xiaodi/build/SDKStatCaches.noindex/iphoneos26.2-23C57-dc75598d0054f22ec865fa860f139d722dd23b4ebda140f7210d155ff1243552.sdkstatcache -fmessage-length\=0 -fdiagnostics-show-note-include-stack -fmacro-backtrace-limit\=0 -fno-color-diagnostics -fmodules-prune-interval\=86400 -fmodules-prune-after\=345600 -fbuild-session-file\=/Users/runner/work/xiaodi/xiaodi/build/ModuleCache.noindex/Session.modulevalidation -fmodules-validate-once-per-build-session -Wnon-modular-include-in-framework-module -Werror\=non-modular-include-in-framework-module -Wno-trigraphs -Wno-missing-field-initializers -Wno-missing-prototypes -Wno-return-type -Wno-missing-braces -Wparentheses -Wswitch -Wno-unused-function -Wno-unused-label -Wno-unused-parameter -Wno-unused-variable -Wunused-value -Wno-empty-body -Wno-uninitialized -Wno-unknown-pragmas -w -Wno-shadow -Wno-four-char-constants -Wno-conversion -Wno-constant-conversion -Wno-int-conversion -Wno-bool-conversion -Wno-enum-conversion -Wno-float-conversion -Wno-non-literal-null-conversion -Wno-objc-literal-conversion -Wshorten-64-to-32 -Wpointer-sign -Wno-newline-eof -Wno-implicit-fallthrough -fstrict-aliasing -Wdeprecated-declarations -Wno-sign-conversion -Wno-infinite-recursion -Wno-comma -Wno-block-capture-autoreleasing -Wno-strict-prototypes -Wno-semicolon-before-method-body @/Users/runner/work/xiaodi/xiaodi/build/Build/Intermediates.noindex/cmark-gfm.build/Release-iphoneos/cmark-gfm.build/Objects-normal/arm64/7187679823f38a2a940e0043cdf9d637-common-args.resp -MMD -MT dependencies -MF /Users/runner/work/xiaodi/xiaodi/build/Build/Intermediates.noindex/cmark-gfm.build/Release-iphoneos/cmark-gfm.build/Objects-normal/arm64/map.d --serialize-diagnostics /Users/runner/work/xiaodi/xiaodi/build/Build/Intermediates.noindex/cmark-gfm.build/Release-iphoneos/cmark-gfm.build/Objects-normal/arm64/map.dia -c /Users/runner/work/xiaodi/xiaodi/build/SourcePackages/checkouts/swift-cmark/src/map.c -o /Users/runner/work/xiaodi/xiaodi/build/Build/Intermediates.noindex/cmark-gfm.build/Release-iphoneos/cmark-gfm.build/Objects-normal/arm64/map.o

CompileC /Users/runner/work/xiaodi/xiaodi/build/Build/Intermediates.noindex/cmark-gfm.build/Release-iphoneos/cmark-gfm.build/Objects-normal/arm64/node.o /Users/runner/work/xiaodi/xiaodi/build/SourcePackages/checkouts/swift-cmark/src/node.c normal arm64 c com.apple.compilers.llvm.clang.1_0.compiler (in target 'cmark-gfm' from project 'cmark-gfm')
    cd /Users/runner/work/xiaodi/xiaodi/DeepSeekHarnessMobile.xcodeproj
    
    Using response file: /Users/runner/work/xiaodi/xiaodi/build/Build/Intermediates.noindex/cmark-gfm.build/Release-iphoneos/cmark-gfm.build/Objects-normal/arm64/7187679823f38a2a940e0043cdf9d637-common-args.resp
    
    /Applications/Xcode_26.3.app/Contents/Developer/Toolchains/XcodeDefault.xctoolchain/usr/bin/clang -x c -ivfsstatcache /Users/runner/work/xiaodi/xiaodi/build/SDKStatCaches.noindex/iphoneos26.2-23C57-dc75598d0054f22ec865fa860f139d722dd23b4ebda140f7210d155ff1243552.sdkstatcache -fmessage-length\=0 -fdiagnostics-show-note-include-stack -fmacro-backtrace-limit\=0 -fno-color-diagnostics -fmodules-prune-interval\=86400 -fmodules-prune-after\=345600 -fbuild-session-file\=/Users/runner/work/xiaodi/xiaodi/build/ModuleCache.noindex/Session.modulevalidation -fmodules-validate-once-per-build-session -Wnon-modular-include-in-framework-module -Werror\=non-modular-include-in-framework-module -Wno-trigraphs -Wno-missing-field-initializers -Wno-missing-prototypes -Wno-return-type -Wno-missing-braces -Wparentheses -Wswitch -Wno-unused-function -Wno-unused-label -Wno-unused-parameter -Wno-unused-variable -Wunused-value -Wno-empty-body -Wno-uninitialized -Wno-unknown-pragmas -w -Wno-shadow -Wno-four-char-constants -Wno-conversion -Wno-constant-conversion -Wno-int-conversion -Wno-bool-conversion -Wno-enum-conversion -Wno-float-conversion -Wno-non-literal-null-conversion -Wno-objc-literal-conversion -Wshorten-64-to-32 -Wpointer-sign -Wno-newline-eof -Wno-implicit-fallthrough -fstrict-aliasing -Wdeprecated-declarations -Wno-sign-conversion -Wno-infinite-recursion -Wno-comma -Wno-block-capture-autoreleasing -Wno-strict-prototypes -Wno-semicolon-before-method-body @/Users/runner/work/xiaodi/xiaodi/build/Build/Intermediates.noindex/cmark-gfm.build/Release-iphoneos/cmark-gfm.build/Objects-normal/arm64/7187679823f38a2a940e0043cdf9d637-common-args.resp -MMD -MT dependencies -MF /Users/runner/work/xiaodi/xiaodi/build/Build/Intermediates.noindex/cmark-gfm.build/Release-iphoneos/cmark-gfm.build/Objects-normal/arm64/node.d --serialize-diagnostics /Users/runner/work/xiaodi/xiaodi/build/Build/Intermediates.noindex/cmark-gfm.build/Release-iphoneos/cmark-gfm.build/Objects-normal/arm64/node.dia -c /Users/runner/work/xiaodi/xiaodi/build/SourcePackages/checkouts/swift-cmark/src/node.c -o /Users/runner/work/xiaodi/xiaodi/build/Build/Intermediates.noindex/cmark-gfm.build/Release-iphoneos/cmark-gfm.build/Objects-normal/arm64/node.o

ScanDependencies /Users/runner/work/xiaodi/xiaodi/build/Build/Intermediates.noindex/cmark-gfm.build/Release-iphoneos/cmark-gfm.build/Objects-normal/arm64/man.o /Users/runner/work/xiaodi/xiaodi/build/SourcePackages/checkouts/swift-cmark/src/man.c normal arm64 c com.apple.compilers.llvm.clang.1_0.compiler (in target 'cmark-gfm' from project 'cmark-gfm')
    cd /Users/runner/work/xiaodi/xiaodi/DeepSeekHarnessMobile.xcodeproj
    
    Using response file: /Users/runner/work/xiaodi/xiaodi/build/Build/Intermediates.noindex/cmark-gfm.build/Release-iphoneos/cmark-gfm.build/Objects-normal/arm64/7187679823f38a2a940e0043cdf9d637-common-args.resp
    
    builtin-ScanDependencies -o /Users/runner/work/xiaodi/xiaodi/build/Build/Intermediates.noindex/cmark-gfm.build/Release-iphoneos/cmark-gfm.build/Objects-normal/arm64/man.o.scan -- /Applications/Xcode_26.3.app/Contents/Developer/Toolchains/XcodeDefault.xctoolchain/usr/bin/clang -x c -ivfsstatcache /Users/runner/work/xiaodi/xiaodi/build/SDKStatCaches.noindex/iphoneos26.2-23C57-dc75598d0054f22ec865fa860f139d722dd23b4ebda140f7210d155ff1243552.sdkstatcache -fmessage-length\=0 -fdiagnostics-show-note-include-stack -fmacro-backtrace-limit\=0 -fno-color-diagnostics -fmodules-prune-interval\=86400 -fmodules-prune-after\=345600 -fbuild-session-file\=/Users/runner/work/xiaodi/xiaodi/build/ModuleCache.noindex/Session.modulevalidation -fmodules-validate-once-per-build-session -Wnon-modular-include-in-framework-module -Werror\=non-modular-include-in-framework-module -Wno-trigraphs -Wno-missing-field-initializers -Wno-missing-prototypes -Wno-return-type -Wno-missing-braces -Wparentheses -Wswitch -Wno-unused-function -Wno-unused-label -Wno-unused-parameter -Wno-unused-variable -Wunused-value -Wno-empty-body -Wno-uninitialized -Wno-unknown-pragmas -w -Wno-shadow -Wno-four-char-constants -Wno-conversion -Wno-constant-conversion -Wno-int-conversion -Wno-bool-conversion -Wno-enum-conversion -Wno-float-conversion -Wno-non-literal-null-conversion -Wno-objc-literal-conversion -Wshorten-64-to-32 -Wpointer-sign -Wno-newline-eof -Wno-implicit-fallthrough -fstrict-aliasing -Wdeprecated-declarations -Wno-sign-conversion -Wno-infinite-recursion -Wno-comma -Wno-block-capture-autoreleasing -Wno-strict-prototypes -Wno-semicolon-before-method-body @/Users/runner/work/xiaodi/xiaodi/build/Build/Intermediates.noindex/cmark-gfm.build/Release-iphoneos/cmark-gfm.build/Objects-normal/arm64/7187679823f38a2a940e0043cdf9d637-common-args.resp -MMD -MT dependencies -MF /Users/runner/work/xiaodi/xiaodi/build/Build/Intermediates.noindex/cmark-gfm.build/Release-iphoneos/cmark-gfm.build/Objects-normal/arm64/man.d --serialize-diagnostics /Users/runner/work/xiaodi/xiaodi/build/Build/Intermediates.noindex/cmark-gfm.build/Release-iphoneos/cmark-gfm.build/Objects-normal/arm64/man.dia -c /Users/runner/work/xiaodi/xiaodi/build/SourcePackages/checkouts/swift-cmark/src/man.c -o /Users/runner/work/xiaodi/xiaodi/build/Build/Intermediates.noindex/cmark-gfm.build/Release-iphoneos/cmark-gfm.build/Objects-normal/arm64/man.o

CompileC /Users/runner/work/xiaodi/xiaodi/build/Build/Intermediates.noindex/cmark-gfm.build/Release-iphoneos/cmark-gfm.build/Objects-normal/arm64/map.o /Users/runner/work/xiaodi/xiaodi/build/SourcePackages/checkouts/swift-cmark/src/map.c normal arm64 c com.apple.compilers.llvm.clang.1_0.compiler (in target 'cmark-gfm' from project 'cmark-gfm')
    cd /Users/runner/work/xiaodi/xiaodi/DeepSeekHarnessMobile.xcodeproj
    
    Using response file: /Users/runner/work/xiaodi/xiaodi/build/Build/Intermediates.noindex/cmark-gfm.build/Release-iphoneos/cmark-gfm.build/Objects-normal/arm64/7187679823f38a2a940e0043cdf9d637-common-args.resp
    
    /Applications/Xcode_26.3.app/Contents/Developer/Toolchains/XcodeDefault.xctoolchain/usr/bin/clang -x c -ivfsstatcache /Users/runner/work/xiaodi/xiaodi/build/SDKStatCaches.noindex/iphoneos26.2-23C57-dc75598d0054f22ec865fa860f139d722dd23b4ebda140f7210d155ff1243552.sdkstatcache -fmessage-length\=0 -fdiagnostics-show-note-include-stack -fmacro-backtrace-limit\=0 -fno-color-diagnostics -fmodules-prune-interval\=86400 -fmodules-prune-after\=345600 -fbuild-session-file\=/Users/runner/work/xiaodi/xiaodi/build/ModuleCache.noindex/Session.modulevalidation -fmodules-validate-once-per-build-session -Wnon-modular-include-in-framework-module -Werror\=non-modular-include-in-framework-module -Wno-trigraphs -Wno-missing-field-initializers -Wno-missing-prototypes -Wno-return-type -Wno-missing-braces -Wparentheses -Wswitch -Wno-unused-function -Wno-unused-label -Wno-unused-parameter -Wno-unused-variable -Wunused-value -Wno-empty-body -Wno-uninitialized -Wno-unknown-pragmas -w -Wno-shadow -Wno-four-char-constants -Wno-conversion -Wno-constant-conversion -Wno-int-conversion -Wno-bool-conversion -Wno-enum-conversion -Wno-float-conversion -Wno-non-literal-null-conversion -Wno-objc-literal-conversion -Wshorten-64-to-32 -Wpointer-sign -Wno-newline-eof -Wno-implicit-fallthrough -fstrict-aliasing -Wdeprecated-declarations -Wno-sign-conversion -Wno-infinite-recursion -Wno-comma -Wno-block-capture-autoreleasing -Wno-strict-prototypes -Wno-semicolon-before-method-body @/Users/runner/work/xiaodi/xiaodi/build/Build/Intermediates.noindex/cmark-gfm.build/Release-iphoneos/cmark-gfm.build/Objects-normal/arm64/7187679823f38a2a940e0043cdf9d637-common-args.resp -MMD -MT dependencies -MF /Users/runner/work/xiaodi/xiaodi/build/Build/Intermediates.noindex/cmark-gfm.build/Release-iphoneos/cmark-gfm.build/Objects-normal/arm64/map.d --serialize-diagnostics /Users/runner/work/xiaodi/xiaodi/build/Build/Intermediates.noindex/cmark-gfm.build/Release-iphoneos/cmark-gfm.build/Objects-normal/arm64/map.dia -c /Users/runner/work/xiaodi/xiaodi/build/SourcePackages/checkouts/swift-cmark/src/map.c -o /Users/runner/work/xiaodi/xiaodi/build/Build/Intermediates.noindex/cmark-gfm.build/Release-iphoneos/cmark-gfm.build/Objects-normal/arm64/map.o

CompileC /Users/runner/work/xiaodi/xiaodi/build/Build/Intermediates.noindex/cmark-gfm.build/Release-iphoneos/cmark-gfm.build/Objects-normal/arm64/man.o /Users/runner/work/xiaodi/xiaodi/build/SourcePackages/checkouts/swift-cmark/src/man.c normal arm64 c com.apple.compilers.llvm.clang.1_0.compiler (in target 'cmark-gfm' from project 'cmark-gfm')
    cd /Users/runner/work/xiaodi/xiaodi/DeepSeekHarnessMobile.xcodeproj
    
    Using response file: /Users/runner/work/xiaodi/xiaodi/build/Build/Intermediates.noindex/cmark-gfm.build/Release-iphoneos/cmark-gfm.build/Objects-normal/arm64/7187679823f38a2a940e0043cdf9d637-common-args.resp
    
    /Applications/Xcode_26.3.app/Contents/Developer/Toolchains/XcodeDefault.xctoolchain/usr/bin/clang -x c -ivfsstatcache /Users/runner/work/xiaodi/xiaodi/build/SDKStatCaches.noindex/iphoneos26.2-23C57-dc75598d0054f22ec865fa860f139d722dd23b4ebda140f7210d155ff1243552.sdkstatcache -fmessage-length\=0 -fdiagnostics-show-note-include-stack -fmacro-backtrace-limit\=0 -fno-color-diagnostics -fmodules-prune-interval\=86400 -fmodules-prune-after\=345600 -fbuild-session-file\=/Users/runner/work/xiaodi/xiaodi/build/ModuleCache.noindex/Session.modulevalidation -fmodules-validate-once-per-build-session -Wnon-modular-include-in-framework-module -Werror\=non-modular-include-in-framework-module -Wno-trigraphs -Wno-missing-field-initializers -Wno-missing-prototypes -Wno-return-type -Wno-missing-braces -Wparentheses -Wswitch -Wno-unused-function -Wno-unused-label -Wno-unused-parameter -Wno-unused-variable -Wunused-value -Wno-empty-body -Wno-uninitialized -Wno-unknown-pragmas -w -Wno-shadow -Wno-four-char-constants -Wno-conversion -Wno-constant-conversion -Wno-int-conversion -Wno-bool-conversion -Wno-enum-conversion -Wno-float-conversion -Wno-non-literal-null-conversion -Wno-objc-literal-conversion -Wshorten-64-to-32 -Wpointer-sign -Wno-newline-eof -Wno-implicit-fallthrough -fstrict-aliasing -Wdeprecated-declarations -Wno-sign-conversion -Wno-infinite-recursion -Wno-comma -Wno-block-capture-autoreleasing -Wno-strict-prototypes -Wno-semicolon-before-method-body @/Users/runner/work/xiaodi/xiaodi/build/Build/Intermediates.noindex/cmark-gfm.build/Release-iphoneos/cmark-gfm.build/Objects-normal/arm64/7187679823f38a2a940e0043cdf9d637-common-args.resp -MMD -MT dependencies -MF /Users/runner/work/xiaodi/xiaodi/build/Build/Intermediates.noindex/cmark-gfm.build/Release-iphoneos/cmark-gfm.build/Objects-normal/arm64/man.d --serialize-diagnostics /Users/runner/work/xiaodi/xiaodi/build/Build/Intermediates.noindex/cmark-gfm.build/Release-iphoneos/cmark-gfm.build/Objects-normal/arm64/man.dia -c /Users/runner/work/xiaodi/xiaodi/build/SourcePackages/checkouts/swift-cmark/src/man.c -o /Users/runner/work/xiaodi/xiaodi/build/Build/Intermediates.noindex/cmark-gfm.build/Release-iphoneos/cmark-gfm.build/Objects-normal/arm64/man.o

ScanDependencies /Users/runner/work/xiaodi/xiaodi/build/Build/Intermediates.noindex/cmark-gfm.build/Release-iphoneos/cmark-gfm.build/Objects-normal/arm64/linked_list.o /Users/runner/work/xiaodi/xiaodi/build/SourcePackages/checkouts/swift-cmark/src/linked_list.c normal arm64 c com.apple.compilers.llvm.clang.1_0.compiler (in target 'cmark-gfm' from project 'cmark-gfm')
    cd /Users/runner/work/xiaodi/xiaodi/DeepSeekHarnessMobile.xcodeproj
    
    Using response file: /Users/runner/work/xiaodi/xiaodi/build/Build/Intermediates.noindex/cmark-gfm.build/Release-iphoneos/cmark-gfm.build/Objects-normal/arm64/7187679823f38a2a940e0043cdf9d637-common-args.resp
    
    builtin-ScanDependencies -o /Users/runner/work/xiaodi/xiaodi/build/Build/Intermediates.noindex/cmark-gfm.build/Release-iphoneos/cmark-gfm.build/Objects-normal/arm64/linked_list.o.scan -- /Applications/Xcode_26.3.app/Contents/Developer/Toolchains/XcodeDefault.xctoolchain/usr/bin/clang -x c -ivfsstatcache /Users/runner/work/xiaodi/xiaodi/build/SDKStatCaches.noindex/iphoneos26.2-23C57-dc75598d0054f22ec865fa860f139d722dd23b4ebda140f7210d155ff1243552.sdkstatcache -fmessage-length\=0 -fdiagnostics-show-note-include-stack -fmacro-backtrace-limit\=0 -fno-color-diagnostics -fmodules-prune-interval\=86400 -fmodules-prune-after\=345600 -fbuild-session-file\=/Users/runner/work/xiaodi/xiaodi/build/ModuleCache.noindex/Session.modulevalidation -fmodules-validate-once-per-build-session -Wnon-modular-include-in-framework-module -Werror\=non-modular-include-in-framework-module -Wno-trigraphs -Wno-missing-field-initializers -Wno-missing-prototypes -Wno-return-type -Wno-missing-braces -Wparentheses -Wswitch -Wno-unused-function -Wno-unused-label -Wno-unused-parameter -Wno-unused-variable -Wunused-value -Wno-empty-body -Wno-uninitialized -Wno-unknown-pragmas -w -Wno-shadow -Wno-four-char-constants -Wno-conversion -Wno-constant-conversion -Wno-int-conversion -Wno-bool-conversion -Wno-enum-conversion -Wno-float-conversion -Wno-non-literal-null-conversion -Wno-objc-literal-conversion -Wshorten-64-to-32 -Wpointer-sign -Wno-newline-eof -Wno-implicit-fallthrough -fstrict-aliasing -Wdeprecated-declarations -Wno-sign-conversion -Wno-infinite-recursion -Wno-comma -Wno-block-capture-autoreleasing -Wno-strict-prototypes -Wno-semicolon-before-method-body @/Users/runner/work/xiaodi/xiaodi/build/Build/Intermediates.noindex/cmark-gfm.build/Release-iphoneos/cmark-gfm.build/Objects-normal/arm64/7187679823f38a2a940e0043cdf9d637-common-args.resp -MMD -MT dependencies -MF /Users/runner/work/xiaodi/xiaodi/build/Build/Intermediates.noindex/cmark-gfm.build/Release-iphoneos/cmark-gfm.build/Objects-normal/arm64/linked_list.d --serialize-diagnostics /Users/runner/work/xiaodi/xiaodi/build/Build/Intermediates.noindex/cmark-gfm.build/Release-iphoneos/cmark-gfm.build/Objects-normal/arm64/linked_list.dia -c /Users/runner/work/xiaodi/xiaodi/build/SourcePackages/checkouts/swift-cmark/src/linked_list.c -o /Users/runner/work/xiaodi/xiaodi/build/Build/Intermediates.noindex/cmark-gfm.build/Release-iphoneos/cmark-gfm.build/Objects-normal/arm64/linked_list.o

ScanDependencies /Users/runner/work/xiaodi/xiaodi/build/Build/Intermediates.noindex/cmark-gfm.build/Release-iphoneos/cmark-gfm.build/Objects-normal/arm64/latex.o /Users/runner/work/xiaodi/xiaodi/build/SourcePackages/checkouts/swift-cmark/src/latex.c normal arm64 c com.apple.compilers.llvm.clang.1_0.compiler (in target 'cmark-gfm' from project 'cmark-gfm')
    cd /Users/runner/work/xiaodi/xiaodi/DeepSeekHarnessMobile.xcodeproj
    
    Using response file: /Users/runner/work/xiaodi/xiaodi/build/Build/Intermediates.noindex/cmark-gfm.build/Release-iphoneos/cmark-gfm.build/Objects-normal/arm64/7187679823f38a2a940e0043cdf9d637-common-args.resp
    
    builtin-ScanDependencies -o /Users/runner/work/xiaodi/xiaodi/build/Build/Intermediates.noindex/cmark-gfm.build/Release-iphoneos/cmark-gfm.build/Objects-normal/arm64/latex.o.scan -- /Applications/Xcode_26.3.app/Contents/Developer/Toolchains/XcodeDefault.xctoolchain/usr/bin/clang -x c -ivfsstatcache /Users/runner/work/xiaodi/xiaodi/build/SDKStatCaches.noindex/iphoneos26.2-23C57-dc75598d0054f22ec865fa860f139d722dd23b4ebda140f7210d155ff1243552.sdkstatcache -fmessage-length\=0 -fdiagnostics-show-note-include-stack -fmacro-backtrace-limit\=0 -fno-color-diagnostics -fmodules-prune-interval\=86400 -fmodules-prune-after\=345600 -fbuild-session-file\=/Users/runner/work/xiaodi/xiaodi/build/ModuleCache.noindex/Session.modulevalidation -fmodules-validate-once-per-build-session -Wnon-modular-include-in-framework-module -Werror\=non-modular-include-in-framework-module -Wno-trigraphs -Wno-missing-field-initializers -Wno-missing-prototypes -Wno-return-type -Wno-missing-braces -Wparentheses -Wswitch -Wno-unused-function -Wno-unused-label -Wno-unused-parameter -Wno-unused-variable -Wunused-value -Wno-empty-body -Wno-uninitialized -Wno-unknown-pragmas -w -Wno-shadow -Wno-four-char-constants -Wno-conversion -Wno-constant-conversion -Wno-int-conversion -Wno-bool-conversion -Wno-enum-conversion -Wno-float-conversion -Wno-non-literal-null-conversion -Wno-objc-literal-conversion -Wshorten-64-to-32 -Wpointer-sign -Wno-newline-eof -Wno-implicit-fallthrough -fstrict-aliasing -Wdeprecated-declarations -Wno-sign-conversion -Wno-infinite-recursion -Wno-comma -Wno-block-capture-autoreleasing -Wno-strict-prototypes -Wno-semicolon-before-method-body @/Users/runner/work/xiaodi/xiaodi/build/Build/Intermediates.noindex/cmark-gfm.build/Release-iphoneos/cmark-gfm.build/Objects-normal/arm64/7187679823f38a2a940e0043cdf9d637-common-args.resp -MMD -MT dependencies -MF /Users/runner/work/xiaodi/xiaodi/build/Build/Intermediates.noindex/cmark-gfm.build/Release-iphoneos/cmark-gfm.build/Objects-normal/arm64/latex.d --serialize-diagnostics /Users/runner/work/xiaodi/xiaodi/build/Build/Intermediates.noindex/cmark-gfm.build/Release-iphoneos/cmark-gfm.build/Objects-normal/arm64/latex.dia -c /Users/runner/work/xiaodi/xiaodi/build/SourcePackages/checkouts/swift-cmark/src/latex.c -o /Users/runner/work/xiaodi/xiaodi/build/Build/Intermediates.noindex/cmark-gfm.build/Release-iphoneos/cmark-gfm.build/Objects-normal/arm64/latex.o

CompileC /Users/runner/work/xiaodi/xiaodi/build/Build/Intermediates.noindex/cmark-gfm.build/Release-iphoneos/cmark-gfm.build/Objects-normal/arm64/linked_list.o /Users/runner/work/xiaodi/xiaodi/build/SourcePackages/checkouts/swift-cmark/src/linked_list.c normal arm64 c com.apple.compilers.llvm.clang.1_0.compiler (in target 'cmark-gfm' from project 'cmark-gfm')
    cd /Users/runner/work/xiaodi/xiaodi/DeepSeekHarnessMobile.xcodeproj
    
    Using response file: /Users/runner/work/xiaodi/xiaodi/build/Build/Intermediates.noindex/cmark-gfm.build/Release-iphoneos/cmark-gfm.build/Objects-normal/arm64/7187679823f38a2a940e0043cdf9d637-common-args.resp
    
    /Applications/Xcode_26.3.app/Contents/Developer/Toolchains/XcodeDefault.xctoolchain/usr/bin/clang -x c -ivfsstatcache /Users/runner/work/xiaodi/xiaodi/build/SDKStatCaches.noindex/iphoneos26.2-23C57-dc75598d0054f22ec865fa860f139d722dd23b4ebda140f7210d155ff1243552.sdkstatcache -fmessage-length\=0 -fdiagnostics-show-note-include-stack -fmacro-backtrace-limit\=0 -fno-color-diagnostics -fmodules-prune-interval\=86400 -fmodules-prune-after\=345600 -fbuild-session-file\=/Users/runner/work/xiaodi/xiaodi/build/ModuleCache.noindex/Session.modulevalidation -fmodules-validate-once-per-build-session -Wnon-modular-include-in-framework-module -Werror\=non-modular-include-in-framework-module -Wno-trigraphs -Wno-missing-field-initializers -Wno-missing-prototypes -Wno-return-type -Wno-missing-braces -Wparentheses -Wswitch -Wno-unused-function -Wno-unused-label -Wno-unused-parameter -Wno-unused-variable -Wunused-value -Wno-empty-body -Wno-uninitialized -Wno-unknown-pragmas -w -Wno-shadow -Wno-four-char-constants -Wno-conversion -Wno-constant-conversion -Wno-int-conversion -Wno-bool-conversion -Wno-enum-conversion -Wno-float-conversion -Wno-non-literal-null-conversion -Wno-objc-literal-conversion -Wshorten-64-to-32 -Wpointer-sign -Wno-newline-eof -Wno-implicit-fallthrough -fstrict-aliasing -Wdeprecated-declarations -Wno-sign-conversion -Wno-infinite-recursion -Wno-comma -Wno-block-capture-autoreleasing -Wno-strict-prototypes -Wno-semicolon-before-method-body @/Users/runner/work/xiaodi/xiaodi/build/Build/Intermediates.noindex/cmark-gfm.build/Release-iphoneos/cmark-gfm.build/Objects-normal/arm64/7187679823f38a2a940e0043cdf9d637-common-args.resp -MMD -MT dependencies -MF /Users/runner/work/xiaodi/xiaodi/build/Build/Intermediates.noindex/cmark-gfm.build/Release-iphoneos/cmark-gfm.build/Objects-normal/arm64/linked_list.d --serialize-diagnostics /Users/runner/work/xiaodi/xiaodi/build/Build/Intermediates.noindex/cmark-gfm.build/Release-iphoneos/cmark-gfm.build/Objects-normal/arm64/linked_list.dia -c /Users/runner/work/xiaodi/xiaodi/build/SourcePackages/checkouts/swift-cmark/src/linked_list.c -o /Users/runner/work/xiaodi/xiaodi/build/Build/Intermediates.noindex/cmark-gfm.build/Release-iphoneos/cmark-gfm.build/Objects-normal/arm64/linked_list.o

CompileC /Users/runner/work/xiaodi/xiaodi/build/Build/Intermediates.noindex/cmark-gfm.build/Release-iphoneos/cmark-gfm.build/Objects-normal/arm64/latex.o /Users/runner/work/xiaodi/xiaodi/build/SourcePackages/checkouts/swift-cmark/src/latex.c normal arm64 c com.apple.compilers.llvm.clang.1_0.compiler (in target 'cmark-gfm' from project 'cmark-gfm')
    cd /Users/runner/work/xiaodi/xiaodi/DeepSeekHarnessMobile.xcodeproj
    
    Using response file: /Users/runner/work/xiaodi/xiaodi/build/Build/Intermediates.noindex/cmark-gfm.build/Release-iphoneos/cmark-gfm.build/Objects-normal/arm64/7187679823f38a2a940e0043cdf9d637-common-args.resp
    
    /Applications/Xcode_26.3.app/Contents/Developer/Toolchains/XcodeDefault.xctoolchain/usr/bin/clang -x c -ivfsstatcache /Users/runner/work/xiaodi/xiaodi/build/SDKStatCaches.noindex/iphoneos26.2-23C57-dc75598d0054f22ec865fa860f139d722dd23b4ebda140f7210d155ff1243552.sdkstatcache -fmessage-length\=0 -fdiagnostics-show-note-include-stack -fmacro-backtrace-limit\=0 -fno-color-diagnostics -fmodules-prune-interval\=86400 -fmodules-prune-after\=345600 -fbuild-session-file\=/Users/runner/work/xiaodi/xiaodi/build/ModuleCache.noindex/Session.modulevalidation -fmodules-validate-once-per-build-session -Wnon-modular-include-in-framework-module -Werror\=non-modular-include-in-framework-module -Wno-trigraphs -Wno-missing-field-initializers -Wno-missing-prototypes -Wno-return-type -Wno-missing-braces -Wparentheses -Wswitch -Wno-unused-function -Wno-unused-label -Wno-unused-parameter -Wno-unused-variable -Wunused-value -Wno-empty-body -Wno-uninitialized -Wno-unknown-pragmas -w -Wno-shadow -Wno-four-char-constants -Wno-conversion -Wno-constant-conversion -Wno-int-conversion -Wno-bool-conversion -Wno-enum-conversion -Wno-float-conversion -Wno-non-literal-null-conversion -Wno-objc-literal-conversion -Wshorten-64-to-32 -Wpointer-sign -Wno-newline-eof -Wno-implicit-fallthrough -fstrict-aliasing -Wdeprecated-declarations -Wno-sign-conversion -Wno-infinite-recursion -Wno-comma -Wno-block-capture-autoreleasing -Wno-strict-prototypes -Wno-semicolon-before-method-body @/Users/runner/work/xiaodi/xiaodi/build/Build/Intermediates.noindex/cmark-gfm.build/Release-iphoneos/cmark-gfm.build/Objects-normal/arm64/7187679823f38a2a940e0043cdf9d637-common-args.resp -MMD -MT dependencies -MF /Users/runner/work/xiaodi/xiaodi/build/Build/Intermediates.noindex/cmark-gfm.build/Release-iphoneos/cmark-gfm.build/Objects-normal/arm64/latex.d --serialize-diagnostics /Users/runner/work/xiaodi/xiaodi/build/Build/Intermediates.noindex/cmark-gfm.build/Release-iphoneos/cmark-gfm.build/Objects-normal/arm64/latex.dia -c /Users/runner/work/xiaodi/xiaodi/build/SourcePackages/checkouts/swift-cmark/src/latex.c -o /Users/runner/work/xiaodi/xiaodi/build/Build/Intermediates.noindex/cmark-gfm.build/Release-iphoneos/cmark-gfm.build/Objects-normal/arm64/latex.o

ScanDependencies /Users/runner/work/xiaodi/xiaodi/build/Build/Intermediates.noindex/cmark-gfm.build/Release-iphoneos/cmark-gfm.build/Objects-normal/arm64/iterator.o /Users/runner/work/xiaodi/xiaodi/build/SourcePackages/checkouts/swift-cmark/src/iterator.c normal arm64 c com.apple.compilers.llvm.clang.1_0.compiler (in target 'cmark-gfm' from project 'cmark-gfm')
    cd /Users/runner/work/xiaodi/xiaodi/DeepSeekHarnessMobile.xcodeproj
    
    Using response file: /Users/runner/work/xiaodi/xiaodi/build/Build/Intermediates.noindex/cmark-gfm.build/Release-iphoneos/cmark-gfm.build/Objects-normal/arm64/7187679823f38a2a940e0043cdf9d637-common-args.resp
    
    builtin-ScanDependencies -o /Users/runner/work/xiaodi/xiaodi/build/Build/Intermediates.noindex/cmark-gfm.build/Release-iphoneos/cmark-gfm.build/Objects-normal/arm64/iterator.o.scan -- /Applications/Xcode_26.3.app/Contents/Developer/Toolchains/XcodeDefault.xctoolchain/usr/bin/clang -x c -ivfsstatcache /Users/runner/work/xiaodi/xiaodi/build/SDKStatCaches.noindex/iphoneos26.2-23C57-dc75598d0054f22ec865fa860f139d722dd23b4ebda140f7210d155ff1243552.sdkstatcache -fmessage-length\=0 -fdiagnostics-show-note-include-stack -fmacro-backtrace-limit\=0 -fno-color-diagnostics -fmodules-prune-interval\=86400 -fmodules-prune-after\=345600 -fbuild-session-file\=/Users/runner/work/xiaodi/xiaodi/build/ModuleCache.noindex/Session.modulevalidation -fmodules-validate-once-per-build-session -Wnon-modular-include-in-framework-module -Werror\=non-modular-include-in-framework-module -Wno-trigraphs -Wno-missing-field-initializers -Wno-missing-prototypes -Wno-return-type -Wno-missing-braces -Wparentheses -Wswitch -Wno-unused-function -Wno-unused-label -Wno-unused-parameter -Wno-unused-variable -Wunused-value -Wno-empty-body -Wno-uninitialized -Wno-unknown-pragmas -w -Wno-shadow -Wno-four-char-constants -Wno-conversion -Wno-constant-conversion -Wno-int-conversion -Wno-bool-conversion -Wno-enum-conversion -Wno-float-conversion -Wno-non-literal-null-conversion -Wno-objc-literal-conversion -Wshorten-64-to-32 -Wpointer-sign -Wno-newline-eof -Wno-implicit-fallthrough -fstrict-aliasing -Wdeprecated-declarations -Wno-sign-conversion -Wno-infinite-recursion -Wno-comma -Wno-block-capture-autoreleasing -Wno-strict-prototypes -Wno-semicolon-before-method-body @/Users/runner/work/xiaodi/xiaodi/build/Build/Intermediates.noindex/cmark-gfm.build/Release-iphoneos/cmark-gfm.build/Objects-normal/arm64/7187679823f38a2a940e0043cdf9d637-common-args.resp -MMD -MT dependencies -MF /Users/runner/work/xiaodi/xiaodi/build/Build/Intermediates.noindex/cmark-gfm.build/Release-iphoneos/cmark-gfm.build/Objects-normal/arm64/iterator.d --serialize-diagnostics /Users/runner/work/xiaodi/xiaodi/build/Build/Intermediates.noindex/cmark-gfm.build/Release-iphoneos/cmark-gfm.build/Objects-normal/arm64/iterator.dia -c /Users/runner/work/xiaodi/xiaodi/build/SourcePackages/checkouts/swift-cmark/src/iterator.c -o /Users/runner/work/xiaodi/xiaodi/build/Build/Intermediates.noindex/cmark-gfm.build/Release-iphoneos/cmark-gfm.build/Objects-normal/arm64/iterator.o

ScanDependencies /Users/runner/work/xiaodi/xiaodi/build/Build/Intermediates.noindex/cmark-gfm.build/Release-iphoneos/cmark-gfm.build/Objects-normal/arm64/inlines.o /Users/runner/work/xiaodi/xiaodi/build/SourcePackages/checkouts/swift-cmark/src/inlines.c normal arm64 c com.apple.compilers.llvm.clang.1_0.compiler (in target 'cmark-gfm' from project 'cmark-gfm')
    cd /Users/runner/work/xiaodi/xiaodi/DeepSeekHarnessMobile.xcodeproj
    
    Using response file: /Users/runner/work/xiaodi/xiaodi/build/Build/Intermediates.noindex/cmark-gfm.build/Release-iphoneos/cmark-gfm.build/Objects-normal/arm64/7187679823f38a2a940e0043cdf9d637-common-args.resp
    
    builtin-ScanDependencies -o /Users/runner/work/xiaodi/xiaodi/build/Build/Intermediates.noindex/cmark-gfm.build/Release-iphoneos/cmark-gfm.build/Objects-normal/arm64/inlines.o.scan -- /Applications/Xcode_26.3.app/Contents/Developer/Toolchains/XcodeDefault.xctoolchain/usr/bin/clang -x c -ivfsstatcache /Users/runner/work/xiaodi/xiaodi/build/SDKStatCaches.noindex/iphoneos26.2-23C57-dc75598d0054f22ec865fa860f139d722dd23b4ebda140f7210d155ff1243552.sdkstatcache -fmessage-length\=0 -fdiagnostics-show-note-include-stack -fmacro-backtrace-limit\=0 -fno-color-diagnostics -fmodules-prune-interval\=86400 -fmodules-prune-after\=345600 -fbuild-session-file\=/Users/runner/work/xiaodi/xiaodi/build/ModuleCache.noindex/Session.modulevalidation -fmodules-validate-once-per-build-session -Wnon-modular-include-in-framework-module -Werror\=non-modular-include-in-framework-module -Wno-trigraphs -Wno-missing-field-initializers -Wno-missing-prototypes -Wno-return-type -Wno-missing-braces -Wparentheses -Wswitch -Wno-unused-function -Wno-unused-label -Wno-unused-parameter -Wno-unused-variable -Wunused-value -Wno-empty-body -Wno-uninitialized -Wno-unknown-pragmas -w -Wno-shadow -Wno-four-char-constants -Wno-conversion -Wno-constant-conversion -Wno-int-conversion -Wno-bool-conversion -Wno-enum-conversion -Wno-float-conversion -Wno-non-literal-null-conversion -Wno-objc-literal-conversion -Wshorten-64-to-32 -Wpointer-sign -Wno-newline-eof -Wno-implicit-fallthrough -fstrict-aliasing -Wdeprecated-declarations -Wno-sign-conversion -Wno-infinite-recursion -Wno-comma -Wno-block-capture-autoreleasing -Wno-strict-prototypes -Wno-semicolon-before-method-body @/Users/runner/work/xiaodi/xiaodi/build/Build/Intermediates.noindex/cmark-gfm.build/Release-iphoneos/cmark-gfm.build/Objects-normal/arm64/7187679823f38a2a940e0043cdf9d637-common-args.resp -MMD -MT dependencies -MF /Users/runner/work/xiaodi/xiaodi/build/Build/Intermediates.noindex/cmark-gfm.build/Release-iphoneos/cmark-gfm.build/Objects-normal/arm64/inlines.d --serialize-diagnostics /Users/runner/work/xiaodi/xiaodi/build/Build/Intermediates.noindex/cmark-gfm.build/Release-iphoneos/cmark-gfm.build/Objects-normal/arm64/inlines.dia -c /Users/runner/work/xiaodi/xiaodi/build/SourcePackages/checkouts/swift-cmark/src/inlines.c -o /Users/runner/work/xiaodi/xiaodi/build/Build/Intermediates.noindex/cmark-gfm.build/Release-iphoneos/cmark-gfm.build/Objects-normal/arm64/inlines.o

CompileC /Users/runner/work/xiaodi/xiaodi/build/Build/Intermediates.noindex/cmark-gfm.build/Release-iphoneos/cmark-gfm.build/Objects-normal/arm64/iterator.o /Users/runner/work/xiaodi/xiaodi/build/SourcePackages/checkouts/swift-cmark/src/iterator.c normal arm64 c com.apple.compilers.llvm.clang.1_0.compiler (in target 'cmark-gfm' from project 'cmark-gfm')
    cd /Users/runner/work/xiaodi/xiaodi/DeepSeekHarnessMobile.xcodeproj
    
    Using response file: /Users/runner/work/xiaodi/xiaodi/build/Build/Intermediates.noindex/cmark-gfm.build/Release-iphoneos/cmark-gfm.build/Objects-normal/arm64/7187679823f38a2a940e0043cdf9d637-common-args.resp
    
    /Applications/Xcode_26.3.app/Contents/Developer/Toolchains/XcodeDefault.xctoolchain/usr/bin/clang -x c -ivfsstatcache /Users/runner/work/xiaodi/xiaodi/build/SDKStatCaches.noindex/iphoneos26.2-23C57-dc75598d0054f22ec865fa860f139d722dd23b4ebda140f7210d155ff1243552.sdkstatcache -fmessage-length\=0 -fdiagnostics-show-note-include-stack -fmacro-backtrace-limit\=0 -fno-color-diagnostics -fmodules-prune-interval\=86400 -fmodules-prune-after\=345600 -fbuild-session-file\=/Users/runner/work/xiaodi/xiaodi/build/ModuleCache.noindex/Session.modulevalidation -fmodules-validate-once-per-build-session -Wnon-modular-include-in-framework-module -Werror\=non-modular-include-in-framework-module -Wno-trigraphs -Wno-missing-field-initializers -Wno-missing-prototypes -Wno-return-type -Wno-missing-braces -Wparentheses -Wswitch -Wno-unused-function -Wno-unused-label -Wno-unused-parameter -Wno-unused-variable -Wunused-value -Wno-empty-body -Wno-uninitialized -Wno-unknown-pragmas -w -Wno-shadow -Wno-four-char-constants -Wno-conversion -Wno-constant-conversion -Wno-int-conversion -Wno-bool-conversion -Wno-enum-conversion -Wno-float-conversion -Wno-non-literal-null-conversion -Wno-objc-literal-conversion -Wshorten-64-to-32 -Wpointer-sign -Wno-newline-eof -Wno-implicit-fallthrough -fstrict-aliasing -Wdeprecated-declarations -Wno-sign-conversion -Wno-infinite-recursion -Wno-comma -Wno-block-capture-autoreleasing -Wno-strict-prototypes -Wno-semicolon-before-method-body @/Users/runner/work/xiaodi/xiaodi/build/Build/Intermediates.noindex/cmark-gfm.build/Release-iphoneos/cmark-gfm.build/Objects-normal/arm64/7187679823f38a2a940e0043cdf9d637-common-args.resp -MMD -MT dependencies -MF /Users/runner/work/xiaodi/xiaodi/build/Build/Intermediates.noindex/cmark-gfm.build/Release-iphoneos/cmark-gfm.build/Objects-normal/arm64/iterator.d --serialize-diagnostics /Users/runner/work/xiaodi/xiaodi/build/Build/Intermediates.noindex/cmark-gfm.build/Release-iphoneos/cmark-gfm.build/Objects-normal/arm64/iterator.dia -c /Users/runner/work/xiaodi/xiaodi/build/SourcePackages/checkouts/swift-cmark/src/iterator.c -o /Users/runner/work/xiaodi/xiaodi/build/Build/Intermediates.noindex/cmark-gfm.build/Release-iphoneos/cmark-gfm.build/Objects-normal/arm64/iterator.o

CompileC /Users/runner/work/xiaodi/xiaodi/build/Build/Intermediates.noindex/cmark-gfm.build/Release-iphoneos/cmark-gfm.build/Objects-normal/arm64/inlines.o /Users/runner/work/xiaodi/xiaodi/build/SourcePackages/checkouts/swift-cmark/src/inlines.c normal arm64 c com.apple.compilers.llvm.clang.1_0.compiler (in target 'cmark-gfm' from project 'cmark-gfm')
    cd /Users/runner/work/xiaodi/xiaodi/DeepSeekHarnessMobile.xcodeproj
    
    Using response file: /Users/runner/work/xiaodi/xiaodi/build/Build/Intermediates.noindex/cmark-gfm.build/Release-iphoneos/cmark-gfm.build/Objects-normal/arm64/7187679823f38a2a940e0043cdf9d637-common-args.resp
    
    /Applications/Xcode_26.3.app/Contents/Developer/Toolchains/XcodeDefault.xctoolchain/usr/bin/clang -x c -ivfsstatcache /Users/runner/work/xiaodi/xiaodi/build/SDKStatCaches.noindex/iphoneos26.2-23C57-dc75598d0054f22ec865fa860f139d722dd23b4ebda140f7210d155ff1243552.sdkstatcache -fmessage-length\=0 -fdiagnostics-show-note-include-stack -fmacro-backtrace-limit\=0 -fno-color-diagnostics -fmodules-prune-interval\=86400 -fmodules-prune-after\=345600 -fbuild-session-file\=/Users/runner/work/xiaodi/xiaodi/build/ModuleCache.noindex/Session.modulevalidation -fmodules-validate-once-per-build-session -Wnon-modular-include-in-framework-module -Werror\=non-modular-include-in-framework-module -Wno-trigraphs -Wno-missing-field-initializers -Wno-missing-prototypes -Wno-return-type -Wno-missing-braces -Wparentheses -Wswitch -Wno-unused-function -Wno-unused-label -Wno-unused-parameter -Wno-unused-variable -Wunused-value -Wno-empty-body -Wno-uninitialized -Wno-unknown-pragmas -w -Wno-shadow -Wno-four-char-constants -Wno-conversion -Wno-constant-conversion -Wno-int-conversion -Wno-bool-conversion -Wno-enum-conversion -Wno-float-conversion -Wno-non-literal-null-conversion -Wno-objc-literal-conversion -Wshorten-64-to-32 -Wpointer-sign -Wno-newline-eof -Wno-implicit-fallthrough -fstrict-aliasing -Wdeprecated-declarations -Wno-sign-conversion -Wno-infinite-recursion -Wno-comma -Wno-block-capture-autoreleasing -Wno-strict-prototypes -Wno-semicolon-before-method-body @/Users/runner/work/xiaodi/xiaodi/build/Build/Intermediates.noindex/cmark-gfm.build/Release-iphoneos/cmark-gfm.build/Objects-normal/arm64/7187679823f38a2a940e0043cdf9d637-common-args.resp -MMD -MT dependencies -MF /Users/runner/work/xiaodi/xiaodi/build/Build/Intermediates.noindex/cmark-gfm.build/Release-iphoneos/cmark-gfm.build/Objects-normal/arm64/inlines.d --serialize-diagnostics /Users/runner/work/xiaodi/xiaodi/build/Build/Intermediates.noindex/cmark-gfm.build/Release-iphoneos/cmark-gfm.build/Objects-normal/arm64/inlines.dia -c /Users/runner/work/xiaodi/xiaodi/build/SourcePackages/checkouts/swift-cmark/src/inlines.c -o /Users/runner/work/xiaodi/xiaodi/build/Build/Intermediates.noindex/cmark-gfm.build/Release-iphoneos/cmark-gfm.build/Objects-normal/arm64/inlines.o

ScanDependencies /Users/runner/work/xiaodi/xiaodi/build/Build/Intermediates.noindex/cmark-gfm.build/Release-iphoneos/cmark-gfm.build/Objects-normal/arm64/html.o /Users/runner/work/xiaodi/xiaodi/build/SourcePackages/checkouts/swift-cmark/src/html.c normal arm64 c com.apple.compilers.llvm.clang.1_0.compiler (in target 'cmark-gfm' from project 'cmark-gfm')
    cd /Users/runner/work/xiaodi/xiaodi/DeepSeekHarnessMobile.xcodeproj
    
    Using response file: /Users/runner/work/xiaodi/xiaodi/build/Build/Intermediates.noindex/cmark-gfm.build/Release-iphoneos/cmark-gfm.build/Objects-normal/arm64/7187679823f38a2a940e0043cdf9d637-common-args.resp
    
    builtin-ScanDependencies -o /Users/runner/work/xiaodi/xiaodi/build/Build/Intermediates.noindex/cmark-gfm.build/Release-iphoneos/cmark-gfm.build/Objects-normal/arm64/html.o.scan -- /Applications/Xcode_26.3.app/Contents/Developer/Toolchains/XcodeDefault.xctoolchain/usr/bin/clang -x c -ivfsstatcache /Users/runner/work/xiaodi/xiaodi/build/SDKStatCaches.noindex/iphoneos26.2-23C57-dc75598d0054f22ec865fa860f139d722dd23b4ebda140f7210d155ff1243552.sdkstatcache -fmessage-length\=0 -fdiagnostics-show-note-include-stack -fmacro-backtrace-limit\=0 -fno-color-diagnostics -fmodules-prune-interval\=86400 -fmodules-prune-after\=345600 -fbuild-session-file\=/Users/runner/work/xiaodi/xiaodi/build/ModuleCache.noindex/Session.modulevalidation -fmodules-validate-once-per-build-session -Wnon-modular-include-in-framework-module -Werror\=non-modular-include-in-framework-module -Wno-trigraphs -Wno-missing-field-initializers -Wno-missing-prototypes -Wno-return-type -Wno-missing-braces -Wparentheses -Wswitch -Wno-unused-function -Wno-unused-label -Wno-unused-parameter -Wno-unused-variable -Wunused-value -Wno-empty-body -Wno-uninitialized -Wno-unknown-pragmas -w -Wno-shadow -Wno-four-char-constants -Wno-conversion -Wno-constant-conversion -Wno-int-conversion -Wno-bool-conversion -Wno-enum-conversion -Wno-float-conversion -Wno-non-literal-null-conversion -Wno-objc-literal-conversion -Wshorten-64-to-32 -Wpointer-sign -Wno-newline-eof -Wno-implicit-fallthrough -fstrict-aliasing -Wdeprecated-declarations -Wno-sign-conversion -Wno-infinite-recursion -Wno-comma -Wno-block-capture-autoreleasing -Wno-strict-prototypes -Wno-semicolon-before-method-body @/Users/runner/work/xiaodi/xiaodi/build/Build/Intermediates.noindex/cmark-gfm.build/Release-iphoneos/cmark-gfm.build/Objects-normal/arm64/7187679823f38a2a940e0043cdf9d637-common-args.resp -MMD -MT dependencies -MF /Users/runner/work/xiaodi/xiaodi/build/Build/Intermediates.noindex/cmark-gfm.build/Release-iphoneos/cmark-gfm.build/Objects-normal/arm64/html.d --serialize-diagnostics /Users/runner/work/xiaodi/xiaodi/build/Build/Intermediates.noindex/cmark-gfm.build/Release-iphoneos/cmark-gfm.build/Objects-normal/arm64/html.dia -c /Users/runner/work/xiaodi/xiaodi/build/SourcePackages/checkouts/swift-cmark/src/html.c -o /Users/runner/work/xiaodi/xiaodi/build/Build/Intermediates.noindex/cmark-gfm.build/Release-iphoneos/cmark-gfm.build/Objects-normal/arm64/html.o

ScanDependencies /Users/runner/work/xiaodi/xiaodi/build/Build/Intermediates.noindex/cmark-gfm.build/Release-iphoneos/cmark-gfm.build/Objects-normal/arm64/houdini_html_u.o /Users/runner/work/xiaodi/xiaodi/build/SourcePackages/checkouts/swift-cmark/src/houdini_html_u.c normal arm64 c com.apple.compilers.llvm.clang.1_0.compiler (in target 'cmark-gfm' from project 'cmark-gfm')
    cd /Users/runner/work/xiaodi/xiaodi/DeepSeekHarnessMobile.xcodeproj
    
    Using response file: /Users/runner/work/xiaodi/xiaodi/build/Build/Intermediates.noindex/cmark-gfm.build/Release-iphoneos/cmark-gfm.build/Objects-normal/arm64/7187679823f38a2a940e0043cdf9d637-common-args.resp
    
    builtin-ScanDependencies -o /Users/runner/work/xiaodi/xiaodi/build/Build/Intermediates.noindex/cmark-gfm.build/Release-iphoneos/cmark-gfm.build/Objects-normal/arm64/houdini_html_u.o.scan -- /Applications/Xcode_26.3.app/Contents/Developer/Toolchains/XcodeDefault.xctoolchain/usr/bin/clang -x c -ivfsstatcache /Users/runner/work/xiaodi/xiaodi/build/SDKStatCaches.noindex/iphoneos26.2-23C57-dc75598d0054f22ec865fa860f139d722dd23b4ebda140f7210d155ff1243552.sdkstatcache -fmessage-length\=0 -fdiagnostics-show-note-include-stack -fmacro-backtrace-limit\=0 -fno-color-diagnostics -fmodules-prune-interval\=86400 -fmodules-prune-after\=345600 -fbuild-session-file\=/Users/runner/work/xiaodi/xiaodi/build/ModuleCache.noindex/Session.modulevalidation -fmodules-validate-once-per-build-session -Wnon-modular-include-in-framework-module -Werror\=non-modular-include-in-framework-module -Wno-trigraphs -Wno-missing-field-initializers -Wno-missing-prototypes -Wno-return-type -Wno-missing-braces -Wparentheses -Wswitch -Wno-unused-function -Wno-unused-label -Wno-unused-parameter -Wno-unused-variable -Wunused-value -Wno-empty-body -Wno-uninitialized -Wno-unknown-pragmas -w -Wno-shadow -Wno-four-char-constants -Wno-conversion -Wno-constant-conversion -Wno-int-conversion -Wno-bool-conversion -Wno-enum-conversion -Wno-float-conversion -Wno-non-literal-null-conversion -Wno-objc-literal-conversion -Wshorten-64-to-32 -Wpointer-sign -Wno-newline-eof -Wno-implicit-fallthrough -fstrict-aliasing -Wdeprecated-declarations -Wno-sign-conversion -Wno-infinite-recursion -Wno-comma -Wno-block-capture-autoreleasing -Wno-strict-prototypes -Wno-semicolon-before-method-body @/Users/runner/work/xiaodi/xiaodi/build/Build/Intermediates.noindex/cmark-gfm.build/Release-iphoneos/cmark-gfm.build/Objects-normal/arm64/7187679823f38a2a940e0043cdf9d637-common-args.resp -MMD -MT dependencies -MF /Users/runner/work/xiaodi/xiaodi/build/Build/Intermediates.noindex/cmark-gfm.build/Release-iphoneos/cmark-gfm.build/Objects-normal/arm64/houdini_html_u.d --serialize-diagnostics /Users/runner/work/xiaodi/xiaodi/build/Build/Intermediates.noindex/cmark-gfm.build/Release-iphoneos/cmark-gfm.build/Objects-normal/arm64/houdini_html_u.dia -c /Users/runner/work/xiaodi/xiaodi/build/SourcePackages/checkouts/swift-cmark/src/houdini_html_u.c -o /Users/runner/work/xiaodi/xiaodi/build/Build/Intermediates.noindex/cmark-gfm.build/Release-iphoneos/cmark-gfm.build/Objects-normal/arm64/houdini_html_u.o

CompileC /Users/runner/work/xiaodi/xiaodi/build/Build/Intermediates.noindex/cmark-gfm.build/Release-iphoneos/cmark-gfm.build/Objects-normal/arm64/html.o /Users/runner/work/xiaodi/xiaodi/build/SourcePackages/checkouts/swift-cmark/src/html.c normal arm64 c com.apple.compilers.llvm.clang.1_0.compiler (in target 'cmark-gfm' from project 'cmark-gfm')
    cd /Users/runner/work/xiaodi/xiaodi/DeepSeekHarnessMobile.xcodeproj
    
    Using response file: /Users/runner/work/xiaodi/xiaodi/build/Build/Intermediates.noindex/cmark-gfm.build/Release-iphoneos/cmark-gfm.build/Objects-normal/arm64/7187679823f38a2a940e0043cdf9d637-common-args.resp
    
    /Applications/Xcode_26.3.app/Contents/Developer/Toolchains/XcodeDefault.xctoolchain/usr/bin/clang -x c -ivfsstatcache /Users/runner/work/xiaodi/xiaodi/build/SDKStatCaches.noindex/iphoneos26.2-23C57-dc75598d0054f22ec865fa860f139d722dd23b4ebda140f7210d155ff1243552.sdkstatcache -fmessage-length\=0 -fdiagnostics-show-note-include-stack -fmacro-backtrace-limit\=0 -fno-color-diagnostics -fmodules-prune-interval\=86400 -fmodules-prune-after\=345600 -fbuild-session-file\=/Users/runner/work/xiaodi/xiaodi/build/ModuleCache.noindex/Session.modulevalidation -fmodules-validate-once-per-build-session -Wnon-modular-include-in-framework-module -Werror\=non-modular-include-in-framework-module -Wno-trigraphs -Wno-missing-field-initializers -Wno-missing-prototypes -Wno-return-type -Wno-missing-braces -Wparentheses -Wswitch -Wno-unused-function -Wno-unused-label -Wno-unused-parameter -Wno-unused-variable -Wunused-value -Wno-empty-body -Wno-uninitialized -Wno-unknown-pragmas -w -Wno-shadow -Wno-four-char-constants -Wno-conversion -Wno-constant-conversion -Wno-int-conversion -Wno-bool-conversion -Wno-enum-conversion -Wno-float-conversion -Wno-non-literal-null-conversion -Wno-objc-literal-conversion -Wshorten-64-to-32 -Wpointer-sign -Wno-newline-eof -Wno-implicit-fallthrough -fstrict-aliasing -Wdeprecated-declarations -Wno-sign-conversion -Wno-infinite-recursion -Wno-comma -Wno-block-capture-autoreleasing -Wno-strict-prototypes -Wno-semicolon-before-method-body @/Users/runner/work/xiaodi/xiaodi/build/Build/Intermediates.noindex/cmark-gfm.build/Release-iphoneos/cmark-gfm.build/Objects-normal/arm64/7187679823f38a2a940e0043cdf9d637-common-args.resp -MMD -MT dependencies -MF /Users/runner/work/xiaodi/xiaodi/build/Build/Intermediates.noindex/cmark-gfm.build/Release-iphoneos/cmark-gfm.build/Objects-normal/arm64/html.d --serialize-diagnostics /Users/runner/work/xiaodi/xiaodi/build/Build/Intermediates.noindex/cmark-gfm.build/Release-iphoneos/cmark-gfm.build/Objects-normal/arm64/html.dia -c /Users/runner/work/xiaodi/xiaodi/build/SourcePackages/checkouts/swift-cmark/src/html.c -o /Users/runner/work/xiaodi/xiaodi/build/Build/Intermediates.noindex/cmark-gfm.build/Release-iphoneos/cmark-gfm.build/Objects-normal/arm64/html.o

CompileC /Users/runner/work/xiaodi/xiaodi/build/Build/Intermediates.noindex/cmark-gfm.build/Release-iphoneos/cmark-gfm.build/Objects-normal/arm64/houdini_html_u.o /Users/runner/work/xiaodi/xiaodi/build/SourcePackages/checkouts/swift-cmark/src/houdini_html_u.c normal arm64 c com.apple.compilers.llvm.clang.1_0.compiler (in target 'cmark-gfm' from project 'cmark-gfm')
    cd /Users/runner/work/xiaodi/xiaodi/DeepSeekHarnessMobile.xcodeproj
    
    Using response file: /Users/runner/work/xiaodi/xiaodi/build/Build/Intermediates.noindex/cmark-gfm.build/Release-iphoneos/cmark-gfm.build/Objects-normal/arm64/7187679823f38a2a940e0043cdf9d637-common-args.resp
    
    /Applications/Xcode_26.3.app/Contents/Developer/Toolchains/XcodeDefault.xctoolchain/usr/bin/clang -x c -ivfsstatcache /Users/runner/work/xiaodi/xiaodi/build/SDKStatCaches.noindex/iphoneos26.2-23C57-dc75598d0054f22ec865fa860f139d722dd23b4ebda140f7210d155ff1243552.sdkstatcache -fmessage-length\=0 -fdiagnostics-show-note-include-stack -fmacro-backtrace-limit\=0 -fno-color-diagnostics -fmodules-prune-interval\=86400 -fmodules-prune-after\=345600 -fbuild-session-file\=/Users/runner/work/xiaodi/xiaodi/build/ModuleCache.noindex/Session.modulevalidation -fmodules-validate-once-per-build-session -Wnon-modular-include-in-framework-module -Werror\=non-modular-include-in-framework-module -Wno-trigraphs -Wno-missing-field-initializers -Wno-missing-prototypes -Wno-return-type -Wno-missing-braces -Wparentheses -Wswitch -Wno-unused-function -Wno-unused-label -Wno-unused-parameter -Wno-unused-variable -Wunused-value -Wno-empty-body -Wno-uninitialized -Wno-unknown-pragmas -w -Wno-shadow -Wno-four-char-constants -Wno-conversion -Wno-constant-conversion -Wno-int-conversion -Wno-bool-conversion -Wno-enum-conversion -Wno-float-conversion -Wno-non-literal-null-conversion -Wno-objc-literal-conversion -Wshorten-64-to-32 -Wpointer-sign -Wno-newline-eof -Wno-implicit-fallthrough -fstrict-aliasing -Wdeprecated-declarations -Wno-sign-conversion -Wno-infinite-recursion -Wno-comma -Wno-block-capture-autoreleasing -Wno-strict-prototypes -Wno-semicolon-before-method-body @/Users/runner/work/xiaodi/xiaodi/build/Build/Intermediates.noindex/cmark-gfm.build/Release-iphoneos/cmark-gfm.build/Objects-normal/arm64/7187679823f38a2a940e0043cdf9d637-common-args.resp -MMD -MT dependencies -MF /Users/runner/work/xiaodi/xiaodi/build/Build/Intermediates.noindex/cmark-gfm.build/Release-iphoneos/cmark-gfm.build/Objects-normal/arm64/houdini_html_u.d --serialize-diagnostics /Users/runner/work/xiaodi/xiaodi/build/Build/Intermediates.noindex/cmark-gfm.build/Release-iphoneos/cmark-gfm.build/Objects-normal/arm64/houdini_html_u.dia -c /Users/runner/work/xiaodi/xiaodi/build/SourcePackages/checkouts/swift-cmark/src/houdini_html_u.c -o /Users/runner/work/xiaodi/xiaodi/build/Build/Intermediates.noindex/cmark-gfm.build/Release-iphoneos/cmark-gfm.build/Objects-normal/arm64/houdini_html_u.o

ScanDependencies /Users/runner/work/xiaodi/xiaodi/build/Build/Intermediates.noindex/cmark-gfm.build/Release-iphoneos/cmark-gfm.build/Objects-normal/arm64/houdini_html_e.o /Users/runner/work/xiaodi/xiaodi/build/SourcePackages/checkouts/swift-cmark/src/houdini_html_e.c normal arm64 c com.apple.compilers.llvm.clang.1_0.compiler (in target 'cmark-gfm' from project 'cmark-gfm')
    cd /Users/runner/work/xiaodi/xiaodi/DeepSeekHarnessMobile.xcodeproj
    
    Using response file: /Users/runner/work/xiaodi/xiaodi/build/Build/Intermediates.noindex/cmark-gfm.build/Release-iphoneos/cmark-gfm.build/Objects-normal/arm64/7187679823f38a2a940e0043cdf9d637-common-args.resp
    
    builtin-ScanDependencies -o /Users/runner/work/xiaodi/xiaodi/build/Build/Intermediates.noindex/cmark-gfm.build/Release-iphoneos/cmark-gfm.build/Objects-normal/arm64/houdini_html_e.o.scan -- /Applications/Xcode_26.3.app/Contents/Developer/Toolchains/XcodeDefault.xctoolchain/usr/bin/clang -x c -ivfsstatcache /Users/runner/work/xiaodi/xiaodi/build/SDKStatCaches.noindex/iphoneos26.2-23C57-dc75598d0054f22ec865fa860f139d722dd23b4ebda140f7210d155ff1243552.sdkstatcache -fmessage-length\=0 -fdiagnostics-show-note-include-stack -fmacro-backtrace-limit\=0 -fno-color-diagnostics -fmodules-prune-interval\=86400 -fmodules-prune-after\=345600 -fbuild-session-file\=/Users/runner/work/xiaodi/xiaodi/build/ModuleCache.noindex/Session.modulevalidation -fmodules-validate-once-per-build-session -Wnon-modular-include-in-framework-module -Werror\=non-modular-include-in-framework-module -Wno-trigraphs -Wno-missing-field-initializers -Wno-missing-prototypes -Wno-return-type -Wno-missing-braces -Wparentheses -Wswitch -Wno-unused-function -Wno-unused-label -Wno-unused-parameter -Wno-unused-variable -Wunused-value -Wno-empty-body -Wno-uninitialized -Wno-unknown-pragmas -w -Wno-shadow -Wno-four-char-constants -Wno-conversion -Wno-constant-conversion -Wno-int-conversion -Wno-bool-conversion -Wno-enum-conversion -Wno-float-conversion -Wno-non-literal-null-conversion -Wno-objc-literal-conversion -Wshorten-64-to-32 -Wpointer-sign -Wno-newline-eof -Wno-implicit-fallthrough -fstrict-aliasing -Wdeprecated-declarations -Wno-sign-conversion -Wno-infinite-recursion -Wno-comma -Wno-block-capture-autoreleasing -Wno-strict-prototypes -Wno-semicolon-before-method-body @/Users/runner/work/xiaodi/xiaodi/build/Build/Intermediates.noindex/cmark-gfm.build/Release-iphoneos/cmark-gfm.build/Objects-normal/arm64/7187679823f38a2a940e0043cdf9d637-common-args.resp -MMD -MT dependencies -MF /Users/runner/work/xiaodi/xiaodi/build/Build/Intermediates.noindex/cmark-gfm.build/Release-iphoneos/cmark-gfm.build/Objects-normal/arm64/houdini_html_e.d --serialize-diagnostics /Users/runner/work/xiaodi/xiaodi/build/Build/Intermediates.noindex/cmark-gfm.build/Release-iphoneos/cmark-gfm.build/Objects-normal/arm64/houdini_html_e.dia -c /Users/runner/work/xiaodi/xiaodi/build/SourcePackages/checkouts/swift-cmark/src/houdini_html_e.c -o /Users/runner/work/xiaodi/xiaodi/build/Build/Intermediates.noindex/cmark-gfm.build/Release-iphoneos/cmark-gfm.build/Objects-normal/arm64/houdini_html_e.o

ScanDependencies /Users/runner/work/xiaodi/xiaodi/build/Build/Intermediates.noindex/cmark-gfm.build/Release-iphoneos/cmark-gfm.build/Objects-normal/arm64/houdini_href_e.o /Users/runner/work/xiaodi/xiaodi/build/SourcePackages/checkouts/swift-cmark/src/houdini_href_e.c normal arm64 c com.apple.compilers.llvm.clang.1_0.compiler (in target 'cmark-gfm' from project 'cmark-gfm')
    cd /Users/runner/work/xiaodi/xiaodi/DeepSeekHarnessMobile.xcodeproj
    
    Using response file: /Users/runner/work/xiaodi/xiaodi/build/Build/Intermediates.noindex/cmark-gfm.build/Release-iphoneos/cmark-gfm.build/Objects-normal/arm64/7187679823f38a2a940e0043cdf9d637-common-args.resp
    
    builtin-ScanDependencies -o /Users/runner/work/xiaodi/xiaodi/build/Build/Intermediates.noindex/cmark-gfm.build/Release-iphoneos/cmark-gfm.build/Objects-normal/arm64/houdini_href_e.o.scan -- /Applications/Xcode_26.3.app/Contents/Developer/Toolchains/XcodeDefault.xctoolchain/usr/bin/clang -x c -ivfsstatcache /Users/runner/work/xiaodi/xiaodi/build/SDKStatCaches.noindex/iphoneos26.2-23C57-dc75598d0054f22ec865fa860f139d722dd23b4ebda140f7210d155ff1243552.sdkstatcache -fmessage-length\=0 -fdiagnostics-show-note-include-stack -fmacro-backtrace-limit\=0 -fno-color-diagnostics -fmodules-prune-interval\=86400 -fmodules-prune-after\=345600 -fbuild-session-file\=/Users/runner/work/xiaodi/xiaodi/build/ModuleCache.noindex/Session.modulevalidation -fmodules-validate-once-per-build-session -Wnon-modular-include-in-framework-module -Werror\=non-modular-include-in-framework-module -Wno-trigraphs -Wno-missing-field-initializers -Wno-missing-prototypes -Wno-return-type -Wno-missing-braces -Wparentheses -Wswitch -Wno-unused-function -Wno-unused-label -Wno-unused-parameter -Wno-unused-variable -Wunused-value -Wno-empty-body -Wno-uninitialized -Wno-unknown-pragmas -w -Wno-shadow -Wno-four-char-constants -Wno-conversion -Wno-constant-conversion -Wno-int-conversion -Wno-bool-conversion -Wno-enum-conversion -Wno-float-conversion -Wno-non-literal-null-conversion -Wno-objc-literal-conversion -Wshorten-64-to-32 -Wpointer-sign -Wno-newline-eof -Wno-implicit-fallthrough -fstrict-aliasing -Wdeprecated-declarations -Wno-sign-conversion -Wno-infinite-recursion -Wno-comma -Wno-block-capture-autoreleasing -Wno-strict-prototypes -Wno-semicolon-before-method-body @/Users/runner/work/xiaodi/xiaodi/build/Build/Intermediates.noindex/cmark-gfm.build/Release-iphoneos/cmark-gfm.build/Objects-normal/arm64/7187679823f38a2a940e0043cdf9d637-common-args.resp -MMD -MT dependencies -MF /Users/runner/work/xiaodi/xiaodi/build/Build/Intermediates.noindex/cmark-gfm.build/Release-iphoneos/cmark-gfm.build/Objects-normal/arm64/houdini_href_e.d --serialize-diagnostics /Users/runner/work/xiaodi/xiaodi/build/Build/Intermediates.noindex/cmark-gfm.build/Release-iphoneos/cmark-gfm.build/Objects-normal/arm64/houdini_href_e.dia -c /Users/runner/work/xiaodi/xiaodi/build/SourcePackages/checkouts/swift-cmark/src/houdini_href_e.c -o /Users/runner/work/xiaodi/xiaodi/build/Build/Intermediates.noindex/cmark-gfm.build/Release-iphoneos/cmark-gfm.build/Objects-normal/arm64/houdini_href_e.o

CompileC /Users/runner/work/xiaodi/xiaodi/build/Build/Intermediates.noindex/cmark-gfm.build/Release-iphoneos/cmark-gfm.build/Objects-normal/arm64/houdini_html_e.o /Users/runner/work/xiaodi/xiaodi/build/SourcePackages/checkouts/swift-cmark/src/houdini_html_e.c normal arm64 c com.apple.compilers.llvm.clang.1_0.compiler (in target 'cmark-gfm' from project 'cmark-gfm')
    cd /Users/runner/work/xiaodi/xiaodi/DeepSeekHarnessMobile.xcodeproj
    
    Using response file: /Users/runner/work/xiaodi/xiaodi/build/Build/Intermediates.noindex/cmark-gfm.build/Release-iphoneos/cmark-gfm.build/Objects-normal/arm64/7187679823f38a2a940e0043cdf9d637-common-args.resp
    
    /Applications/Xcode_26.3.app/Contents/Developer/Toolchains/XcodeDefault.xctoolchain/usr/bin/clang -x c -ivfsstatcache /Users/runner/work/xiaodi/xiaodi/build/SDKStatCaches.noindex/iphoneos26.2-23C57-dc75598d0054f22ec865fa860f139d722dd23b4ebda140f7210d155ff1243552.sdkstatcache -fmessage-length\=0 -fdiagnostics-show-note-include-stack -fmacro-backtrace-limit\=0 -fno-color-diagnostics -fmodules-prune-interval\=86400 -fmodules-prune-after\=345600 -fbuild-session-file\=/Users/runner/work/xiaodi/xiaodi/build/ModuleCache.noindex/Session.modulevalidation -fmodules-validate-once-per-build-session -Wnon-modular-include-in-framework-module -Werror\=non-modular-include-in-framework-module -Wno-trigraphs -Wno-missing-field-initializers -Wno-missing-prototypes -Wno-return-type -Wno-missing-braces -Wparentheses -Wswitch -Wno-unused-function -Wno-unused-label -Wno-unused-parameter -Wno-unused-variable -Wunused-value -Wno-empty-body -Wno-uninitialized -Wno-unknown-pragmas -w -Wno-shadow -Wno-four-char-constants -Wno-conversion -Wno-constant-conversion -Wno-int-conversion -Wno-bool-conversion -Wno-enum-conversion -Wno-float-conversion -Wno-non-literal-null-conversion -Wno-objc-literal-conversion -Wshorten-64-to-32 -Wpointer-sign -Wno-newline-eof -Wno-implicit-fallthrough -fstrict-aliasing -Wdeprecated-declarations -Wno-sign-conversion -Wno-infinite-recursion -Wno-comma -Wno-block-capture-autoreleasing -Wno-strict-prototypes -Wno-semicolon-before-method-body @/Users/runner/work/xiaodi/xiaodi/build/Build/Intermediates.noindex/cmark-gfm.build/Release-iphoneos/cmark-gfm.build/Objects-normal/arm64/7187679823f38a2a940e0043cdf9d637-common-args.resp -MMD -MT dependencies -MF /Users/runner/work/xiaodi/xiaodi/build/Build/Intermediates.noindex/cmark-gfm.build/Release-iphoneos/cmark-gfm.build/Objects-normal/arm64/houdini_html_e.d --serialize-diagnostics /Users/runner/work/xiaodi/xiaodi/build/Build/Intermediates.noindex/cmark-gfm.build/Release-iphoneos/cmark-gfm.build/Objects-normal/arm64/houdini_html_e.dia -c /Users/runner/work/xiaodi/xiaodi/build/SourcePackages/checkouts/swift-cmark/src/houdini_html_e.c -o /Users/runner/work/xiaodi/xiaodi/build/Build/Intermediates.noindex/cmark-gfm.build/Release-iphoneos/cmark-gfm.build/Objects-normal/arm64/houdini_html_e.o

CompileC /Users/runner/work/xiaodi/xiaodi/build/Build/Intermediates.noindex/cmark-gfm.build/Release-iphoneos/cmark-gfm.build/Objects-normal/arm64/houdini_href_e.o /Users/runner/work/xiaodi/xiaodi/build/SourcePackages/checkouts/swift-cmark/src/houdini_href_e.c normal arm64 c com.apple.compilers.llvm.clang.1_0.compiler (in target 'cmark-gfm' from project 'cmark-gfm')
    cd /Users/runner/work/xiaodi/xiaodi/DeepSeekHarnessMobile.xcodeproj
    
    Using response file: /Users/runner/work/xiaodi/xiaodi/build/Build/Intermediates.noindex/cmark-gfm.build/Release-iphoneos/cmark-gfm.build/Objects-normal/arm64/7187679823f38a2a940e0043cdf9d637-common-args.resp
    
    /Applications/Xcode_26.3.app/Contents/Developer/Toolchains/XcodeDefault.xctoolchain/usr/bin/clang -x c -ivfsstatcache /Users/runner/work/xiaodi/xiaodi/build/SDKStatCaches.noindex/iphoneos26.2-23C57-dc75598d0054f22ec865fa860f139d722dd23b4ebda140f7210d155ff1243552.sdkstatcache -fmessage-length\=0 -fdiagnostics-show-note-include-stack -fmacro-backtrace-limit\=0 -fno-color-diagnostics -fmodules-prune-interval\=86400 -fmodules-prune-after\=345600 -fbuild-session-file\=/Users/runner/work/xiaodi/xiaodi/build/ModuleCache.noindex/Session.modulevalidation -fmodules-validate-once-per-build-session -Wnon-modular-include-in-framework-module -Werror\=non-modular-include-in-framework-module -Wno-trigraphs -Wno-missing-field-initializers -Wno-missing-prototypes -Wno-return-type -Wno-missing-braces -Wparentheses -Wswitch -Wno-unused-function -Wno-unused-label -Wno-unused-parameter -Wno-unused-variable -Wunused-value -Wno-empty-body -Wno-uninitialized -Wno-unknown-pragmas -w -Wno-shadow -Wno-four-char-constants -Wno-conversion -Wno-constant-conversion -Wno-int-conversion -Wno-bool-conversion -Wno-enum-conversion -Wno-float-conversion -Wno-non-literal-null-conversion -Wno-objc-literal-conversion -Wshorten-64-to-32 -Wpointer-sign -Wno-newline-eof -Wno-implicit-fallthrough -fstrict-aliasing -Wdeprecated-declarations -Wno-sign-conversion -Wno-infinite-recursion -Wno-comma -Wno-block-capture-autoreleasing -Wno-strict-prototypes -Wno-semicolon-before-method-body @/Users/runner/work/xiaodi/xiaodi/build/Build/Intermediates.noindex/cmark-gfm.build/Release-iphoneos/cmark-gfm.build/Objects-normal/arm64/7187679823f38a2a940e0043cdf9d637-common-args.resp -MMD -MT dependencies -MF /Users/runner/work/xiaodi/xiaodi/build/Build/Intermediates.noindex/cmark-gfm.build/Release-iphoneos/cmark-gfm.build/Objects-normal/arm64/houdini_href_e.d --serialize-diagnostics /Users/runner/work/xiaodi/xiaodi/build/Build/Intermediates.noindex/cmark-gfm.build/Release-iphoneos/cmark-gfm.build/Objects-normal/arm64/houdini_href_e.dia -c /Users/runner/work/xiaodi/xiaodi/build/SourcePackages/checkouts/swift-cmark/src/houdini_href_e.c -o /Users/runner/work/xiaodi/xiaodi/build/Build/Intermediates.noindex/cmark-gfm.build/Release-iphoneos/cmark-gfm.build/Objects-normal/arm64/houdini_href_e.o

ScanDependencies /Users/runner/work/xiaodi/xiaodi/build/Build/Intermediates.noindex/cmark-gfm.build/Release-iphoneos/cmark-gfm.build/Objects-normal/arm64/footnotes.o /Users/runner/work/xiaodi/xiaodi/build/SourcePackages/checkouts/swift-cmark/src/footnotes.c normal arm64 c com.apple.compilers.llvm.clang.1_0.compiler (in target 'cmark-gfm' from project 'cmark-gfm')
    cd /Users/runner/work/xiaodi/xiaodi/DeepSeekHarnessMobile.xcodeproj
    
    Using response file: /Users/runner/work/xiaodi/xiaodi/build/Build/Intermediates.noindex/cmark-gfm.build/Release-iphoneos/cmark-gfm.build/Objects-normal/arm64/7187679823f38a2a940e0043cdf9d637-common-args.resp
    
    builtin-ScanDependencies -o /Users/runner/work/xiaodi/xiaodi/build/Build/Intermediates.noindex/cmark-gfm.build/Release-iphoneos/cmark-gfm.build/Objects-normal/arm64/footnotes.o.scan -- /Applications/Xcode_26.3.app/Contents/Developer/Toolchains/XcodeDefault.xctoolchain/usr/bin/clang -x c -ivfsstatcache /Users/runner/work/xiaodi/xiaodi/build/SDKStatCaches.noindex/iphoneos26.2-23C57-dc75598d0054f22ec865fa860f139d722dd23b4ebda140f7210d155ff1243552.sdkstatcache -fmessage-length\=0 -fdiagnostics-show-note-include-stack -fmacro-backtrace-limit\=0 -fno-color-diagnostics -fmodules-prune-interval\=86400 -fmodules-prune-after\=345600 -fbuild-session-file\=/Users/runner/work/xiaodi/xiaodi/build/ModuleCache.noindex/Session.modulevalidation -fmodules-validate-once-per-build-session -Wnon-modular-include-in-framework-module -Werror\=non-modular-include-in-framework-module -Wno-trigraphs -Wno-missing-field-initializers -Wno-missing-prototypes -Wno-return-type -Wno-missing-braces -Wparentheses -Wswitch -Wno-unused-function -Wno-unused-label -Wno-unused-parameter -Wno-unused-variable -Wunused-value -Wno-empty-body -Wno-uninitialized -Wno-unknown-pragmas -w -Wno-shadow -Wno-four-char-constants -Wno-conversion -Wno-constant-conversion -Wno-int-conversion -Wno-bool-conversion -Wno-enum-conversion -Wno-float-conversion -Wno-non-literal-null-conversion -Wno-objc-literal-conversion -Wshorten-64-to-32 -Wpointer-sign -Wno-newline-eof -Wno-implicit-fallthrough -fstrict-aliasing -Wdeprecated-declarations -Wno-sign-conversion -Wno-infinite-recursion -Wno-comma -Wno-block-capture-autoreleasing -Wno-strict-prototypes -Wno-semicolon-before-method-body @/Users/runner/work/xiaodi/xiaodi/build/Build/Intermediates.noindex/cmark-gfm.build/Release-iphoneos/cmark-gfm.build/Objects-normal/arm64/7187679823f38a2a940e0043cdf9d637-common-args.resp -MMD -MT dependencies -MF /Users/runner/work/xiaodi/xiaodi/build/Build/Intermediates.noindex/cmark-gfm.build/Release-iphoneos/cmark-gfm.build/Objects-normal/arm64/footnotes.d --serialize-diagnostics /Users/runner/work/xiaodi/xiaodi/build/Build/Intermediates.noindex/cmark-gfm.build/Release-iphoneos/cmark-gfm.build/Objects-normal/arm64/footnotes.dia -c /Users/runner/work/xiaodi/xiaodi/build/SourcePackages/checkouts/swift-cmark/src/footnotes.c -o /Users/runner/work/xiaodi/xiaodi/build/Build/Intermediates.noindex/cmark-gfm.build/Release-iphoneos/cmark-gfm.build/Objects-normal/arm64/footnotes.o

ScanDependencies /Users/runner/work/xiaodi/xiaodi/build/Build/Intermediates.noindex/cmark-gfm.build/Release-iphoneos/cmark-gfm.build/Objects-normal/arm64/commonmark.o /Users/runner/work/xiaodi/xiaodi/build/SourcePackages/checkouts/swift-cmark/src/commonmark.c normal arm64 c com.apple.compilers.llvm.clang.1_0.compiler (in target 'cmark-gfm' from project 'cmark-gfm')
    cd /Users/runner/work/xiaodi/xiaodi/DeepSeekHarnessMobile.xcodeproj
    
    Using response file: /Users/runner/work/xiaodi/xiaodi/build/Build/Intermediates.noindex/cmark-gfm.build/Release-iphoneos/cmark-gfm.build/Objects-normal/arm64/7187679823f38a2a940e0043cdf9d637-common-args.resp
    
    builtin-ScanDependencies -o /Users/runner/work/xiaodi/xiaodi/build/Build/Intermediates.noindex/cmark-gfm.build/Release-iphoneos/cmark-gfm.build/Objects-normal/arm64/commonmark.o.scan -- /Applications/Xcode_26.3.app/Contents/Developer/Toolchains/XcodeDefault.xctoolchain/usr/bin/clang -x c -ivfsstatcache /Users/runner/work/xiaodi/xiaodi/build/SDKStatCaches.noindex/iphoneos26.2-23C57-dc75598d0054f22ec865fa860f139d722dd23b4ebda140f7210d155ff1243552.sdkstatcache -fmessage-length\=0 -fdiagnostics-show-note-include-stack -fmacro-backtrace-limit\=0 -fno-color-diagnostics -fmodules-prune-interval\=86400 -fmodules-prune-after\=345600 -fbuild-session-file\=/Users/runner/work/xiaodi/xiaodi/build/ModuleCache.noindex/Session.modulevalidation -fmodules-validate-once-per-build-session -Wnon-modular-include-in-framework-module -Werror\=non-modular-include-in-framework-module -Wno-trigraphs -Wno-missing-field-initializers -Wno-missing-prototypes -Wno-return-type -Wno-missing-braces -Wparentheses -Wswitch -Wno-unused-function -Wno-unused-label -Wno-unused-parameter -Wno-unused-variable -Wunused-value -Wno-empty-body -Wno-uninitialized -Wno-unknown-pragmas -w -Wno-shadow -Wno-four-char-constants -Wno-conversion -Wno-constant-conversion -Wno-int-conversion -Wno-bool-conversion -Wno-enum-conversion -Wno-float-conversion -Wno-non-literal-null-conversion -Wno-objc-literal-conversion -Wshorten-64-to-32 -Wpointer-sign -Wno-newline-eof -Wno-implicit-fallthrough -fstrict-aliasing -Wdeprecated-declarations -Wno-sign-conversion -Wno-infinite-recursion -Wno-comma -Wno-block-capture-autoreleasing -Wno-strict-prototypes -Wno-semicolon-before-method-body @/Users/runner/work/xiaodi/xiaodi/build/Build/Intermediates.noindex/cmark-gfm.build/Release-iphoneos/cmark-gfm.build/Objects-normal/arm64/7187679823f38a2a940e0043cdf9d637-common-args.resp -MMD -MT dependencies -MF /Users/runner/work/xiaodi/xiaodi/build/Build/Intermediates.noindex/cmark-gfm.build/Release-iphoneos/cmark-gfm.build/Objects-normal/arm64/commonmark.d --serialize-diagnostics /Users/runner/work/xiaodi/xiaodi/build/Build/Intermediates.noindex/cmark-gfm.build/Release-iphoneos/cmark-gfm.build/Objects-normal/arm64/commonmark.dia -c /Users/runner/work/xiaodi/xiaodi/build/SourcePackages/checkouts/swift-cmark/src/commonmark.c -o /Users/runner/work/xiaodi/xiaodi/build/Build/Intermediates.noindex/cmark-gfm.build/Release-iphoneos/cmark-gfm.build/Objects-normal/arm64/commonmark.o

CompileC /Users/runner/work/xiaodi/xiaodi/build/Build/Intermediates.noindex/cmark-gfm.build/Release-iphoneos/cmark-gfm.build/Objects-normal/arm64/footnotes.o /Users/runner/work/xiaodi/xiaodi/build/SourcePackages/checkouts/swift-cmark/src/footnotes.c normal arm64 c com.apple.compilers.llvm.clang.1_0.compiler (in target 'cmark-gfm' from project 'cmark-gfm')
    cd /Users/runner/work/xiaodi/xiaodi/DeepSeekHarnessMobile.xcodeproj
    
    Using response file: /Users/runner/work/xiaodi/xiaodi/build/Build/Intermediates.noindex/cmark-gfm.build/Release-iphoneos/cmark-gfm.build/Objects-normal/arm64/7187679823f38a2a940e0043cdf9d637-common-args.resp
    
    /Applications/Xcode_26.3.app/Contents/Developer/Toolchains/XcodeDefault.xctoolchain/usr/bin/clang -x c -ivfsstatcache /Users/runner/work/xiaodi/xiaodi/build/SDKStatCaches.noindex/iphoneos26.2-23C57-dc75598d0054f22ec865fa860f139d722dd23b4ebda140f7210d155ff1243552.sdkstatcache -fmessage-length\=0 -fdiagnostics-show-note-include-stack -fmacro-backtrace-limit\=0 -fno-color-diagnostics -fmodules-prune-interval\=86400 -fmodules-prune-after\=345600 -fbuild-session-file\=/Users/runner/work/xiaodi/xiaodi/build/ModuleCache.noindex/Session.modulevalidation -fmodules-validate-once-per-build-session -Wnon-modular-include-in-framework-module -Werror\=non-modular-include-in-framework-module -Wno-trigraphs -Wno-missing-field-initializers -Wno-missing-prototypes -Wno-return-type -Wno-missing-braces -Wparentheses -Wswitch -Wno-unused-function -Wno-unused-label -Wno-unused-parameter -Wno-unused-variable -Wunused-value -Wno-empty-body -Wno-uninitialized -Wno-unknown-pragmas -w -Wno-shadow -Wno-four-char-constants -Wno-conversion -Wno-constant-conversion -Wno-int-conversion -Wno-bool-conversion -Wno-enum-conversion -Wno-float-conversion -Wno-non-literal-null-conversion -Wno-objc-literal-conversion -Wshorten-64-to-32 -Wpointer-sign -Wno-newline-eof -Wno-implicit-fallthrough -fstrict-aliasing -Wdeprecated-declarations -Wno-sign-conversion -Wno-infinite-recursion -Wno-comma -Wno-block-capture-autoreleasing -Wno-strict-prototypes -Wno-semicolon-before-method-body @/Users/runner/work/xiaodi/xiaodi/build/Build/Intermediates.noindex/cmark-gfm.build/Release-iphoneos/cmark-gfm.build/Objects-normal/arm64/7187679823f38a2a940e0043cdf9d637-common-args.resp -MMD -MT dependencies -MF /Users/runner/work/xiaodi/xiaodi/build/Build/Intermediates.noindex/cmark-gfm.build/Release-iphoneos/cmark-gfm.build/Objects-normal/arm64/footnotes.d --serialize-diagnostics /Users/runner/work/xiaodi/xiaodi/build/Build/Intermediates.noindex/cmark-gfm.build/Release-iphoneos/cmark-gfm.build/Objects-normal/arm64/footnotes.dia -c /Users/runner/work/xiaodi/xiaodi/build/SourcePackages/checkouts/swift-cmark/src/footnotes.c -o /Users/runner/work/xiaodi/xiaodi/build/Build/Intermediates.noindex/cmark-gfm.build/Release-iphoneos/cmark-gfm.build/Objects-normal/arm64/footnotes.o

CompileC /Users/runner/work/xiaodi/xiaodi/build/Build/Intermediates.noindex/cmark-gfm.build/Release-iphoneos/cmark-gfm.build/Objects-normal/arm64/commonmark.o /Users/runner/work/xiaodi/xiaodi/build/SourcePackages/checkouts/swift-cmark/src/commonmark.c normal arm64 c com.apple.compilers.llvm.clang.1_0.compiler (in target 'cmark-gfm' from project 'cmark-gfm')
    cd /Users/runner/work/xiaodi/xiaodi/DeepSeekHarnessMobile.xcodeproj
    
    Using response file: /Users/runner/work/xiaodi/xiaodi/build/Build/Intermediates.noindex/cmark-gfm.build/Release-iphoneos/cmark-gfm.build/Objects-normal/arm64/7187679823f38a2a940e0043cdf9d637-common-args.resp
    
    /Applications/Xcode_26.3.app/Contents/Developer/Toolchains/XcodeDefault.xctoolchain/usr/bin/clang -x c -ivfsstatcache /Users/runner/work/xiaodi/xiaodi/build/SDKStatCaches.noindex/iphoneos26.2-23C57-dc75598d0054f22ec865fa860f139d722dd23b4ebda140f7210d155ff1243552.sdkstatcache -fmessage-length\=0 -fdiagnostics-show-note-include-stack -fmacro-backtrace-limit\=0 -fno-color-diagnostics -fmodules-prune-interval\=86400 -fmodules-prune-after\=345600 -fbuild-session-file\=/Users/runner/work/xiaodi/xiaodi/build/ModuleCache.noindex/Session.modulevalidation -fmodules-validate-once-per-build-session -Wnon-modular-include-in-framework-module -Werror\=non-modular-include-in-framework-module -Wno-trigraphs -Wno-missing-field-initializers -Wno-missing-prototypes -Wno-return-type -Wno-missing-braces -Wparentheses -Wswitch -Wno-unused-function -Wno-unused-label -Wno-unused-parameter -Wno-unused-variable -Wunused-value -Wno-empty-body -Wno-uninitialized -Wno-unknown-pragmas -w -Wno-shadow -Wno-four-char-constants -Wno-conversion -Wno-constant-conversion -Wno-int-conversion -Wno-bool-conversion -Wno-enum-conversion -Wno-float-conversion -Wno-non-literal-null-conversion -Wno-objc-literal-conversion -Wshorten-64-to-32 -Wpointer-sign -Wno-newline-eof -Wno-implicit-fallthrough -fstrict-aliasing -Wdeprecated-declarations -Wno-sign-conversion -Wno-infinite-recursion -Wno-comma -Wno-block-capture-autoreleasing -Wno-strict-prototypes -Wno-semicolon-before-method-body @/Users/runner/work/xiaodi/xiaodi/build/Build/Intermediates.noindex/cmark-gfm.build/Release-iphoneos/cmark-gfm.build/Objects-normal/arm64/7187679823f38a2a940e0043cdf9d637-common-args.resp -MMD -MT dependencies -MF /Users/runner/work/xiaodi/xiaodi/build/Build/Intermediates.noindex/cmark-gfm.build/Release-iphoneos/cmark-gfm.build/Objects-normal/arm64/commonmark.d --serialize-diagnostics /Users/runner/work/xiaodi/xiaodi/build/Build/Intermediates.noindex/cmark-gfm.build/Release-iphoneos/cmark-gfm.build/Objects-normal/arm64/commonmark.dia -c /Users/runner/work/xiaodi/xiaodi/build/SourcePackages/checkouts/swift-cmark/src/commonmark.c -o /Users/runner/work/xiaodi/xiaodi/build/Build/Intermediates.noindex/cmark-gfm.build/Release-iphoneos/cmark-gfm.build/Objects-normal/arm64/commonmark.o

ScanDependencies /Users/runner/work/xiaodi/xiaodi/build/Build/Intermediates.noindex/cmark-gfm.build/Release-iphoneos/cmark-gfm.build/Objects-normal/arm64/cmark_ctype.o /Users/runner/work/xiaodi/xiaodi/build/SourcePackages/checkouts/swift-cmark/src/cmark_ctype.c normal arm64 c com.apple.compilers.llvm.clang.1_0.compiler (in target 'cmark-gfm' from project 'cmark-gfm')
    cd /Users/runner/work/xiaodi/xiaodi/DeepSeekHarnessMobile.xcodeproj
    
    Using response file: /Users/runner/work/xiaodi/xiaodi/build/Build/Intermediates.noindex/cmark-gfm.build/Release-iphoneos/cmark-gfm.build/Objects-normal/arm64/7187679823f38a2a940e0043cdf9d637-common-args.resp
    
    builtin-ScanDependencies -o /Users/runner/work/xiaodi/xiaodi/build/Build/Intermediates.noindex/cmark-gfm.build/Release-iphoneos/cmark-gfm.build/Objects-normal/arm64/cmark_ctype.o.scan -- /Applications/Xcode_26.3.app/Contents/Developer/Toolchains/XcodeDefault.xctoolchain/usr/bin/clang -x c -ivfsstatcache /Users/runner/work/xiaodi/xiaodi/build/SDKStatCaches.noindex/iphoneos26.2-23C57-dc75598d0054f22ec865fa860f139d722dd23b4ebda140f7210d155ff1243552.sdkstatcache -fmessage-length\=0 -fdiagnostics-show-note-include-stack -fmacro-backtrace-limit\=0 -fno-color-diagnostics -fmodules-prune-interval\=86400 -fmodules-prune-after\=345600 -fbuild-session-file\=/Users/runner/work/xiaodi/xiaodi/build/ModuleCache.noindex/Session.modulevalidation -fmodules-validate-once-per-build-session -Wnon-modular-include-in-framework-module -Werror\=non-modular-include-in-framework-module -Wno-trigraphs -Wno-missing-field-initializers -Wno-missing-prototypes -Wno-return-type -Wno-missing-braces -Wparentheses -Wswitch -Wno-unused-function -Wno-unused-label -Wno-unused-parameter -Wno-unused-variable -Wunused-value -Wno-empty-body -Wno-uninitialized -Wno-unknown-pragmas -w -Wno-shadow -Wno-four-char-constants -Wno-conversion -Wno-constant-conversion -Wno-int-conversion -Wno-bool-conversion -Wno-enum-conversion -Wno-float-conversion -Wno-non-literal-null-conversion -Wno-objc-literal-conversion -Wshorten-64-to-32 -Wpointer-sign -Wno-newline-eof -Wno-implicit-fallthrough -fstrict-aliasing -Wdeprecated-declarations -Wno-sign-conversion -Wno-infinite-recursion -Wno-comma -Wno-block-capture-autoreleasing -Wno-strict-prototypes -Wno-semicolon-before-method-body @/Users/runner/work/xiaodi/xiaodi/build/Build/Intermediates.noindex/cmark-gfm.build/Release-iphoneos/cmark-gfm.build/Objects-normal/arm64/7187679823f38a2a940e0043cdf9d637-common-args.resp -MMD -MT dependencies -MF /Users/runner/work/xiaodi/xiaodi/build/Build/Intermediates.noindex/cmark-gfm.build/Release-iphoneos/cmark-gfm.build/Objects-normal/arm64/cmark_ctype.d --serialize-diagnostics /Users/runner/work/xiaodi/xiaodi/build/Build/Intermediates.noindex/cmark-gfm.build/Release-iphoneos/cmark-gfm.build/Objects-normal/arm64/cmark_ctype.dia -c /Users/runner/work/xiaodi/xiaodi/build/SourcePackages/checkouts/swift-cmark/src/cmark_ctype.c -o /Users/runner/work/xiaodi/xiaodi/build/Build/Intermediates.noindex/cmark-gfm.build/Release-iphoneos/cmark-gfm.build/Objects-normal/arm64/cmark_ctype.o

ScanDependencies /Users/runner/work/xiaodi/xiaodi/build/Build/Intermediates.noindex/cmark-gfm.build/Release-iphoneos/cmark-gfm.build/Objects-normal/arm64/cmark.o /Users/runner/work/xiaodi/xiaodi/build/SourcePackages/checkouts/swift-cmark/src/cmark.c normal arm64 c com.apple.compilers.llvm.clang.1_0.compiler (in target 'cmark-gfm' from project 'cmark-gfm')
    cd /Users/runner/work/xiaodi/xiaodi/DeepSeekHarnessMobile.xcodeproj
    
    Using response file: /Users/runner/work/xiaodi/xiaodi/build/Build/Intermediates.noindex/cmark-gfm.build/Release-iphoneos/cmark-gfm.build/Objects-normal/arm64/7187679823f38a2a940e0043cdf9d637-common-args.resp
    
    builtin-ScanDependencies -o /Users/runner/work/xiaodi/xiaodi/build/Build/Intermediates.noindex/cmark-gfm.build/Release-iphoneos/cmark-gfm.build/Objects-normal/arm64/cmark.o.scan -- /Applications/Xcode_26.3.app/Contents/Developer/Toolchains/XcodeDefault.xctoolchain/usr/bin/clang -x c -ivfsstatcache /Users/runner/work/xiaodi/xiaodi/build/SDKStatCaches.noindex/iphoneos26.2-23C57-dc75598d0054f22ec865fa860f139d722dd23b4ebda140f7210d155ff1243552.sdkstatcache -fmessage-length\=0 -fdiagnostics-show-note-include-stack -fmacro-backtrace-limit\=0 -fno-color-diagnostics -fmodules-prune-interval\=86400 -fmodules-prune-after\=345600 -fbuild-session-file\=/Users/runner/work/xiaodi/xiaodi/build/ModuleCache.noindex/Session.modulevalidation -fmodules-validate-once-per-build-session -Wnon-modular-include-in-framework-module -Werror\=non-modular-include-in-framework-module -Wno-trigraphs -Wno-missing-field-initializers -Wno-missing-prototypes -Wno-return-type -Wno-missing-braces -Wparentheses -Wswitch -Wno-unused-function -Wno-unused-label -Wno-unused-parameter -Wno-unused-variable -Wunused-value -Wno-empty-body -Wno-uninitialized -Wno-unknown-pragmas -w -Wno-shadow -Wno-four-char-constants -Wno-conversion -Wno-constant-conversion -Wno-int-conversion -Wno-bool-conversion -Wno-enum-conversion -Wno-float-conversion -Wno-non-literal-null-conversion -Wno-objc-literal-conversion -Wshorten-64-to-32 -Wpointer-sign -Wno-newline-eof -Wno-implicit-fallthrough -fstrict-aliasing -Wdeprecated-declarations -Wno-sign-conversion -Wno-infinite-recursion -Wno-comma -Wno-block-capture-autoreleasing -Wno-strict-prototypes -Wno-semicolon-before-method-body @/Users/runner/work/xiaodi/xiaodi/build/Build/Intermediates.noindex/cmark-gfm.build/Release-iphoneos/cmark-gfm.build/Objects-normal/arm64/7187679823f38a2a940e0043cdf9d637-common-args.resp -MMD -MT dependencies -MF /Users/runner/work/xiaodi/xiaodi/build/Build/Intermediates.noindex/cmark-gfm.build/Release-iphoneos/cmark-gfm.build/Objects-normal/arm64/cmark.d --serialize-diagnostics /Users/runner/work/xiaodi/xiaodi/build/Build/Intermediates.noindex/cmark-gfm.build/Release-iphoneos/cmark-gfm.build/Objects-normal/arm64/cmark.dia -c /Users/runner/work/xiaodi/xiaodi/build/SourcePackages/checkouts/swift-cmark/src/cmark.c -o /Users/runner/work/xiaodi/xiaodi/build/Build/Intermediates.noindex/cmark-gfm.build/Release-iphoneos/cmark-gfm.build/Objects-normal/arm64/cmark.o

CompileC /Users/runner/work/xiaodi/xiaodi/build/Build/Intermediates.noindex/cmark-gfm.build/Release-iphoneos/cmark-gfm.build/Objects-normal/arm64/cmark_ctype.o /Users/runner/work/xiaodi/xiaodi/build/SourcePackages/checkouts/swift-cmark/src/cmark_ctype.c normal arm64 c com.apple.compilers.llvm.clang.1_0.compiler (in target 'cmark-gfm' from project 'cmark-gfm')
    cd /Users/runner/work/xiaodi/xiaodi/DeepSeekHarnessMobile.xcodeproj
    
    Using response file: /Users/runner/work/xiaodi/xiaodi/build/Build/Intermediates.noindex/cmark-gfm.build/Release-iphoneos/cmark-gfm.build/Objects-normal/arm64/7187679823f38a2a940e0043cdf9d637-common-args.resp
    
    /Applications/Xcode_26.3.app/Contents/Developer/Toolchains/XcodeDefault.xctoolchain/usr/bin/clang -x c -ivfsstatcache /Users/runner/work/xiaodi/xiaodi/build/SDKStatCaches.noindex/iphoneos26.2-23C57-dc75598d0054f22ec865fa860f139d722dd23b4ebda140f7210d155ff1243552.sdkstatcache -fmessage-length\=0 -fdiagnostics-show-note-include-stack -fmacro-backtrace-limit\=0 -fno-color-diagnostics -fmodules-prune-interval\=86400 -fmodules-prune-after\=345600 -fbuild-session-file\=/Users/runner/work/xiaodi/xiaodi/build/ModuleCache.noindex/Session.modulevalidation -fmodules-validate-once-per-build-session -Wnon-modular-include-in-framework-module -Werror\=non-modular-include-in-framework-module -Wno-trigraphs -Wno-missing-field-initializers -Wno-missing-prototypes -Wno-return-type -Wno-missing-braces -Wparentheses -Wswitch -Wno-unused-function -Wno-unused-label -Wno-unused-parameter -Wno-unused-variable -Wunused-value -Wno-empty-body -Wno-uninitialized -Wno-unknown-pragmas -w -Wno-shadow -Wno-four-char-constants -Wno-conversion -Wno-constant-conversion -Wno-int-conversion -Wno-bool-conversion -Wno-enum-conversion -Wno-float-conversion -Wno-non-literal-null-conversion -Wno-objc-literal-conversion -Wshorten-64-to-32 -Wpointer-sign -Wno-newline-eof -Wno-implicit-fallthrough -fstrict-aliasing -Wdeprecated-declarations -Wno-sign-conversion -Wno-infinite-recursion -Wno-comma -Wno-block-capture-autoreleasing -Wno-strict-prototypes -Wno-semicolon-before-method-body @/Users/runner/work/xiaodi/xiaodi/build/Build/Intermediates.noindex/cmark-gfm.build/Release-iphoneos/cmark-gfm.build/Objects-normal/arm64/7187679823f38a2a940e0043cdf9d637-common-args.resp -MMD -MT dependencies -MF /Users/runner/work/xiaodi/xiaodi/build/Build/Intermediates.noindex/cmark-gfm.build/Release-iphoneos/cmark-gfm.build/Objects-normal/arm64/cmark_ctype.d --serialize-diagnostics /Users/runner/work/xiaodi/xiaodi/build/Build/Intermediates.noindex/cmark-gfm.build/Release-iphoneos/cmark-gfm.build/Objects-normal/arm64/cmark_ctype.dia -c /Users/runner/work/xiaodi/xiaodi/build/SourcePackages/checkouts/swift-cmark/src/cmark_ctype.c -o /Users/runner/work/xiaodi/xiaodi/build/Build/Intermediates.noindex/cmark-gfm.build/Release-iphoneos/cmark-gfm.build/Objects-normal/arm64/cmark_ctype.o

ScanDependencies /Users/runner/work/xiaodi/xiaodi/build/Build/Intermediates.noindex/cmark-gfm.build/Release-iphoneos/cmark-gfm.build/Objects-normal/arm64/buffer.o /Users/runner/work/xiaodi/xiaodi/build/SourcePackages/checkouts/swift-cmark/src/buffer.c normal arm64 c com.apple.compilers.llvm.clang.1_0.compiler (in target 'cmark-gfm' from project 'cmark-gfm')
    cd /Users/runner/work/xiaodi/xiaodi/DeepSeekHarnessMobile.xcodeproj
    
    Using response file: /Users/runner/work/xiaodi/xiaodi/build/Build/Intermediates.noindex/cmark-gfm.build/Release-iphoneos/cmark-gfm.build/Objects-normal/arm64/7187679823f38a2a940e0043cdf9d637-common-args.resp
    
    builtin-ScanDependencies -o /Users/runner/work/xiaodi/xiaodi/build/Build/Intermediates.noindex/cmark-gfm.build/Release-iphoneos/cmark-gfm.build/Objects-normal/arm64/buffer.o.scan -- /Applications/Xcode_26.3.app/Contents/Developer/Toolchains/XcodeDefault.xctoolchain/usr/bin/clang -x c -ivfsstatcache /Users/runner/work/xiaodi/xiaodi/build/SDKStatCaches.noindex/iphoneos26.2-23C57-dc75598d0054f22ec865fa860f139d722dd23b4ebda140f7210d155ff1243552.sdkstatcache -fmessage-length\=0 -fdiagnostics-show-note-include-stack -fmacro-backtrace-limit\=0 -fno-color-diagnostics -fmodules-prune-interval\=86400 -fmodules-prune-after\=345600 -fbuild-session-file\=/Users/runner/work/xiaodi/xiaodi/build/ModuleCache.noindex/Session.modulevalidation -fmodules-validate-once-per-build-session -Wnon-modular-include-in-framework-module -Werror\=non-modular-include-in-framework-module -Wno-trigraphs -Wno-missing-field-initializers -Wno-missing-prototypes -Wno-return-type -Wno-missing-braces -Wparentheses -Wswitch -Wno-unused-function -Wno-unused-label -Wno-unused-parameter -Wno-unused-variable -Wunused-value -Wno-empty-body -Wno-uninitialized -Wno-unknown-pragmas -w -Wno-shadow -Wno-four-char-constants -Wno-conversion -Wno-constant-conversion -Wno-int-conversion -Wno-bool-conversion -Wno-enum-conversion -Wno-float-conversion -Wno-non-literal-null-conversion -Wno-objc-literal-conversion -Wshorten-64-to-32 -Wpointer-sign -Wno-newline-eof -Wno-implicit-fallthrough -fstrict-aliasing -Wdeprecated-declarations -Wno-sign-conversion -Wno-infinite-recursion -Wno-comma -Wno-block-capture-autoreleasing -Wno-strict-prototypes -Wno-semicolon-before-method-body @/Users/runner/work/xiaodi/xiaodi/build/Build/Intermediates.noindex/cmark-gfm.build/Release-iphoneos/cmark-gfm.build/Objects-normal/arm64/7187679823f38a2a940e0043cdf9d637-common-args.resp -MMD -MT dependencies -MF /Users/runner/work/xiaodi/xiaodi/build/Build/Intermediates.noindex/cmark-gfm.build/Release-iphoneos/cmark-gfm.build/Objects-normal/arm64/buffer.d --serialize-diagnostics /Users/runner/work/xiaodi/xiaodi/build/Build/Intermediates.noindex/cmark-gfm.build/Release-iphoneos/cmark-gfm.build/Objects-normal/arm64/buffer.dia -c /Users/runner/work/xiaodi/xiaodi/build/SourcePackages/checkouts/swift-cmark/src/buffer.c -o /Users/runner/work/xiaodi/xiaodi/build/Build/Intermediates.noindex/cmark-gfm.build/Release-iphoneos/cmark-gfm.build/Objects-normal/arm64/buffer.o

CompileC /Users/runner/work/xiaodi/xiaodi/build/Build/Intermediates.noindex/cmark-gfm.build/Release-iphoneos/cmark-gfm.build/Objects-normal/arm64/cmark.o /Users/runner/work/xiaodi/xiaodi/build/SourcePackages/checkouts/swift-cmark/src/cmark.c normal arm64 c com.apple.compilers.llvm.clang.1_0.compiler (in target 'cmark-gfm' from project 'cmark-gfm')
    cd /Users/runner/work/xiaodi/xiaodi/DeepSeekHarnessMobile.xcodeproj
    
    Using response file: /Users/runner/work/xiaodi/xiaodi/build/Build/Intermediates.noindex/cmark-gfm.build/Release-iphoneos/cmark-gfm.build/Objects-normal/arm64/7187679823f38a2a940e0043cdf9d637-common-args.resp
    
    /Applications/Xcode_26.3.app/Contents/Developer/Toolchains/XcodeDefault.xctoolchain/usr/bin/clang -x c -ivfsstatcache /Users/runner/work/xiaodi/xiaodi/build/SDKStatCaches.noindex/iphoneos26.2-23C57-dc75598d0054f22ec865fa860f139d722dd23b4ebda140f7210d155ff1243552.sdkstatcache -fmessage-length\=0 -fdiagnostics-show-note-include-stack -fmacro-backtrace-limit\=0 -fno-color-diagnostics -fmodules-prune-interval\=86400 -fmodules-prune-after\=345600 -fbuild-session-file\=/Users/runner/work/xiaodi/xiaodi/build/ModuleCache.noindex/Session.modulevalidation -fmodules-validate-once-per-build-session -Wnon-modular-include-in-framework-module -Werror\=non-modular-include-in-framework-module -Wno-trigraphs -Wno-missing-field-initializers -Wno-missing-prototypes -Wno-return-type -Wno-missing-braces -Wparentheses -Wswitch -Wno-unused-function -Wno-unused-label -Wno-unused-parameter -Wno-unused-variable -Wunused-value -Wno-empty-body -Wno-uninitialized -Wno-unknown-pragmas -w -Wno-shadow -Wno-four-char-constants -Wno-conversion -Wno-constant-conversion -Wno-int-conversion -Wno-bool-conversion -Wno-enum-conversion -Wno-float-conversion -Wno-non-literal-null-conversion -Wno-objc-literal-conversion -Wshorten-64-to-32 -Wpointer-sign -Wno-newline-eof -Wno-implicit-fallthrough -fstrict-aliasing -Wdeprecated-declarations -Wno-sign-conversion -Wno-infinite-recursion -Wno-comma -Wno-block-capture-autoreleasing -Wno-strict-prototypes -Wno-semicolon-before-method-body @/Users/runner/work/xiaodi/xiaodi/build/Build/Intermediates.noindex/cmark-gfm.build/Release-iphoneos/cmark-gfm.build/Objects-normal/arm64/7187679823f38a2a940e0043cdf9d637-common-args.resp -MMD -MT dependencies -MF /Users/runner/work/xiaodi/xiaodi/build/Build/Intermediates.noindex/cmark-gfm.build/Release-iphoneos/cmark-gfm.build/Objects-normal/arm64/cmark.d --serialize-diagnostics /Users/runner/work/xiaodi/xiaodi/build/Build/Intermediates.noindex/cmark-gfm.build/Release-iphoneos/cmark-gfm.build/Objects-normal/arm64/cmark.dia -c /Users/runner/work/xiaodi/xiaodi/build/SourcePackages/checkouts/swift-cmark/src/cmark.c -o /Users/runner/work/xiaodi/xiaodi/build/Build/Intermediates.noindex/cmark-gfm.build/Release-iphoneos/cmark-gfm.build/Objects-normal/arm64/cmark.o

CompileC /Users/runner/work/xiaodi/xiaodi/build/Build/Intermediates.noindex/cmark-gfm.build/Release-iphoneos/cmark-gfm.build/Objects-normal/arm64/buffer.o /Users/runner/work/xiaodi/xiaodi/build/SourcePackages/checkouts/swift-cmark/src/buffer.c normal arm64 c com.apple.compilers.llvm.clang.1_0.compiler (in target 'cmark-gfm' from project 'cmark-gfm')
    cd /Users/runner/work/xiaodi/xiaodi/DeepSeekHarnessMobile.xcodeproj
    
    Using response file: /Users/runner/work/xiaodi/xiaodi/build/Build/Intermediates.noindex/cmark-gfm.build/Release-iphoneos/cmark-gfm.build/Objects-normal/arm64/7187679823f38a2a940e0043cdf9d637-common-args.resp
    
    /Applications/Xcode_26.3.app/Contents/Developer/Toolchains/XcodeDefault.xctoolchain/usr/bin/clang -x c -ivfsstatcache /Users/runner/work/xiaodi/xiaodi/build/SDKStatCaches.noindex/iphoneos26.2-23C57-dc75598d0054f22ec865fa860f139d722dd23b4ebda140f7210d155ff1243552.sdkstatcache -fmessage-length\=0 -fdiagnostics-show-note-include-stack -fmacro-backtrace-limit\=0 -fno-color-diagnostics -fmodules-prune-interval\=86400 -fmodules-prune-after\=345600 -fbuild-session-file\=/Users/runner/work/xiaodi/xiaodi/build/ModuleCache.noindex/Session.modulevalidation -fmodules-validate-once-per-build-session -Wnon-modular-include-in-framework-module -Werror\=non-modular-include-in-framework-module -Wno-trigraphs -Wno-missing-field-initializers -Wno-missing-prototypes -Wno-return-type -Wno-missing-braces -Wparentheses -Wswitch -Wno-unused-function -Wno-unused-label -Wno-unused-parameter -Wno-unused-variable -Wunused-value -Wno-empty-body -Wno-uninitialized -Wno-unknown-pragmas -w -Wno-shadow -Wno-four-char-constants -Wno-conversion -Wno-constant-conversion -Wno-int-conversion -Wno-bool-conversion -Wno-enum-conversion -Wno-float-conversion -Wno-non-literal-null-conversion -Wno-objc-literal-conversion -Wshorten-64-to-32 -Wpointer-sign -Wno-newline-eof -Wno-implicit-fallthrough -fstrict-aliasing -Wdeprecated-declarations -Wno-sign-conversion -Wno-infinite-recursion -Wno-comma -Wno-block-capture-autoreleasing -Wno-strict-prototypes -Wno-semicolon-before-method-body @/Users/runner/work/xiaodi/xiaodi/build/Build/Intermediates.noindex/cmark-gfm.build/Release-iphoneos/cmark-gfm.build/Objects-normal/arm64/7187679823f38a2a940e0043cdf9d637-common-args.resp -MMD -MT dependencies -MF /Users/runner/work/xiaodi/xiaodi/build/Build/Intermediates.noindex/cmark-gfm.build/Release-iphoneos/cmark-gfm.build/Objects-normal/arm64/buffer.d --serialize-diagnostics /Users/runner/work/xiaodi/xiaodi/build/Build/Intermediates.noindex/cmark-gfm.build/Release-iphoneos/cmark-gfm.build/Objects-normal/arm64/buffer.dia -c /Users/runner/work/xiaodi/xiaodi/build/SourcePackages/checkouts/swift-cmark/src/buffer.c -o /Users/runner/work/xiaodi/xiaodi/build/Build/Intermediates.noindex/cmark-gfm.build/Release-iphoneos/cmark-gfm.build/Objects-normal/arm64/buffer.o

ScanDependencies /Users/runner/work/xiaodi/xiaodi/build/Build/Intermediates.noindex/cmark-gfm.build/Release-iphoneos/cmark-gfm.build/Objects-normal/arm64/blocks.o /Users/runner/work/xiaodi/xiaodi/build/SourcePackages/checkouts/swift-cmark/src/blocks.c normal arm64 c com.apple.compilers.llvm.clang.1_0.compiler (in target 'cmark-gfm' from project 'cmark-gfm')
    cd /Users/runner/work/xiaodi/xiaodi/DeepSeekHarnessMobile.xcodeproj
    
    Using response file: /Users/runner/work/xiaodi/xiaodi/build/Build/Intermediates.noindex/cmark-gfm.build/Release-iphoneos/cmark-gfm.build/Objects-normal/arm64/7187679823f38a2a940e0043cdf9d637-common-args.resp
    
    builtin-ScanDependencies -o /Users/runner/work/xiaodi/xiaodi/build/Build/Intermediates.noindex/cmark-gfm.build/Release-iphoneos/cmark-gfm.build/Objects-normal/arm64/blocks.o.scan -- /Applications/Xcode_26.3.app/Contents/Developer/Toolchains/XcodeDefault.xctoolchain/usr/bin/clang -x c -ivfsstatcache /Users/runner/work/xiaodi/xiaodi/build/SDKStatCaches.noindex/iphoneos26.2-23C57-dc75598d0054f22ec865fa860f139d722dd23b4ebda140f7210d155ff1243552.sdkstatcache -fmessage-length\=0 -fdiagnostics-show-note-include-stack -fmacro-backtrace-limit\=0 -fno-color-diagnostics -fmodules-prune-interval\=86400 -fmodules-prune-after\=345600 -fbuild-session-file\=/Users/runner/work/xiaodi/xiaodi/build/ModuleCache.noindex/Session.modulevalidation -fmodules-validate-once-per-build-session -Wnon-modular-include-in-framework-module -Werror\=non-modular-include-in-framework-module -Wno-trigraphs -Wno-missing-field-initializers -Wno-missing-prototypes -Wno-return-type -Wno-missing-braces -Wparentheses -Wswitch -Wno-unused-function -Wno-unused-label -Wno-unused-parameter -Wno-unused-variable -Wunused-value -Wno-empty-body -Wno-uninitialized -Wno-unknown-pragmas -w -Wno-shadow -Wno-four-char-constants -Wno-conversion -Wno-constant-conversion -Wno-int-conversion -Wno-bool-conversion -Wno-enum-conversion -Wno-float-conversion -Wno-non-literal-null-conversion -Wno-objc-literal-conversion -Wshorten-64-to-32 -Wpointer-sign -Wno-newline-eof -Wno-implicit-fallthrough -fstrict-aliasing -Wdeprecated-declarations -Wno-sign-conversion -Wno-infinite-recursion -Wno-comma -Wno-block-capture-autoreleasing -Wno-strict-prototypes -Wno-semicolon-before-method-body @/Users/runner/work/xiaodi/xiaodi/build/Build/Intermediates.noindex/cmark-gfm.build/Release-iphoneos/cmark-gfm.build/Objects-normal/arm64/7187679823f38a2a940e0043cdf9d637-common-args.resp -MMD -MT dependencies -MF /Users/runner/work/xiaodi/xiaodi/build/Build/Intermediates.noindex/cmark-gfm.build/Release-iphoneos/cmark-gfm.build/Objects-normal/arm64/blocks.d --serialize-diagnostics /Users/runner/work/xiaodi/xiaodi/build/Build/Intermediates.noindex/cmark-gfm.build/Release-iphoneos/cmark-gfm.build/Objects-normal/arm64/blocks.dia -c /Users/runner/work/xiaodi/xiaodi/build/SourcePackages/checkouts/swift-cmark/src/blocks.c -o /Users/runner/work/xiaodi/xiaodi/build/Build/Intermediates.noindex/cmark-gfm.build/Release-iphoneos/cmark-gfm.build/Objects-normal/arm64/blocks.o

ScanDependencies /Users/runner/work/xiaodi/xiaodi/build/Build/Intermediates.noindex/cmark-gfm.build/Release-iphoneos/cmark-gfm.build/Objects-normal/arm64/arena.o /Users/runner/work/xiaodi/xiaodi/build/SourcePackages/checkouts/swift-cmark/src/arena.c normal arm64 c com.apple.compilers.llvm.clang.1_0.compiler (in target 'cmark-gfm' from project 'cmark-gfm')
    cd /Users/runner/work/xiaodi/xiaodi/DeepSeekHarnessMobile.xcodeproj
    
    Using response file: /Users/runner/work/xiaodi/xiaodi/build/Build/Intermediates.noindex/cmark-gfm.build/Release-iphoneos/cmark-gfm.build/Objects-normal/arm64/7187679823f38a2a940e0043cdf9d637-common-args.resp
    
    builtin-ScanDependencies -o /Users/runner/work/xiaodi/xiaodi/build/Build/Intermediates.noindex/cmark-gfm.build/Release-iphoneos/cmark-gfm.build/Objects-normal/arm64/arena.o.scan -- /Applications/Xcode_26.3.app/Contents/Developer/Toolchains/XcodeDefault.xctoolchain/usr/bin/clang -x c -ivfsstatcache /Users/runner/work/xiaodi/xiaodi/build/SDKStatCaches.noindex/iphoneos26.2-23C57-dc75598d0054f22ec865fa860f139d722dd23b4ebda140f7210d155ff1243552.sdkstatcache -fmessage-length\=0 -fdiagnostics-show-note-include-stack -fmacro-backtrace-limit\=0 -fno-color-diagnostics -fmodules-prune-interval\=86400 -fmodules-prune-after\=345600 -fbuild-session-file\=/Users/runner/work/xiaodi/xiaodi/build/ModuleCache.noindex/Session.modulevalidation -fmodules-validate-once-per-build-session -Wnon-modular-include-in-framework-module -Werror\=non-modular-include-in-framework-module -Wno-trigraphs -Wno-missing-field-initializers -Wno-missing-prototypes -Wno-return-type -Wno-missing-braces -Wparentheses -Wswitch -Wno-unused-function -Wno-unused-label -Wno-unused-parameter -Wno-unused-variable -Wunused-value -Wno-empty-body -Wno-uninitialized -Wno-unknown-pragmas -w -Wno-shadow -Wno-four-char-constants -Wno-conversion -Wno-constant-conversion -Wno-int-conversion -Wno-bool-conversion -Wno-enum-conversion -Wno-float-conversion -Wno-non-literal-null-conversion -Wno-objc-literal-conversion -Wshorten-64-to-32 -Wpointer-sign -Wno-newline-eof -Wno-implicit-fallthrough -fstrict-aliasing -Wdeprecated-declarations -Wno-sign-conversion -Wno-infinite-recursion -Wno-comma -Wno-block-capture-autoreleasing -Wno-strict-prototypes -Wno-semicolon-before-method-body @/Users/runner/work/xiaodi/xiaodi/build/Build/Intermediates.noindex/cmark-gfm.build/Release-iphoneos/cmark-gfm.build/Objects-normal/arm64/7187679823f38a2a940e0043cdf9d637-common-args.resp -MMD -MT dependencies -MF /Users/runner/work/xiaodi/xiaodi/build/Build/Intermediates.noindex/cmark-gfm.build/Release-iphoneos/cmark-gfm.build/Objects-normal/arm64/arena.d --serialize-diagnostics /Users/runner/work/xiaodi/xiaodi/build/Build/Intermediates.noindex/cmark-gfm.build/Release-iphoneos/cmark-gfm.build/Objects-normal/arm64/arena.dia -c /Users/runner/work/xiaodi/xiaodi/build/SourcePackages/checkouts/swift-cmark/src/arena.c -o /Users/runner/work/xiaodi/xiaodi/build/Build/Intermediates.noindex/cmark-gfm.build/Release-iphoneos/cmark-gfm.build/Objects-normal/arm64/arena.o

CompileC /Users/runner/work/xiaodi/xiaodi/build/Build/Intermediates.noindex/cmark-gfm.build/Release-iphoneos/cmark-gfm.build/Objects-normal/arm64/blocks.o /Users/runner/work/xiaodi/xiaodi/build/SourcePackages/checkouts/swift-cmark/src/blocks.c normal arm64 c com.apple.compilers.llvm.clang.1_0.compiler (in target 'cmark-gfm' from project 'cmark-gfm')
    cd /Users/runner/work/xiaodi/xiaodi/DeepSeekHarnessMobile.xcodeproj
    
    Using response file: /Users/runner/work/xiaodi/xiaodi/build/Build/Intermediates.noindex/cmark-gfm.build/Release-iphoneos/cmark-gfm.build/Objects-normal/arm64/7187679823f38a2a940e0043cdf9d637-common-args.resp
    
    /Applications/Xcode_26.3.app/Contents/Developer/Toolchains/XcodeDefault.xctoolchain/usr/bin/clang -x c -ivfsstatcache /Users/runner/work/xiaodi/xiaodi/build/SDKStatCaches.noindex/iphoneos26.2-23C57-dc75598d0054f22ec865fa860f139d722dd23b4ebda140f7210d155ff1243552.sdkstatcache -fmessage-length\=0 -fdiagnostics-show-note-include-stack -fmacro-backtrace-limit\=0 -fno-color-diagnostics -fmodules-prune-interval\=86400 -fmodules-prune-after\=345600 -fbuild-session-file\=/Users/runner/work/xiaodi/xiaodi/build/ModuleCache.noindex/Session.modulevalidation -fmodules-validate-once-per-build-session -Wnon-modular-include-in-framework-module -Werror\=non-modular-include-in-framework-module -Wno-trigraphs -Wno-missing-field-initializers -Wno-missing-prototypes -Wno-return-type -Wno-missing-braces -Wparentheses -Wswitch -Wno-unused-function -Wno-unused-label -Wno-unused-parameter -Wno-unused-variable -Wunused-value -Wno-empty-body -Wno-uninitialized -Wno-unknown-pragmas -w -Wno-shadow -Wno-four-char-constants -Wno-conversion -Wno-constant-conversion -Wno-int-conversion -Wno-bool-conversion -Wno-enum-conversion -Wno-float-conversion -Wno-non-literal-null-conversion -Wno-objc-literal-conversion -Wshorten-64-to-32 -Wpointer-sign -Wno-newline-eof -Wno-implicit-fallthrough -fstrict-aliasing -Wdeprecated-declarations -Wno-sign-conversion -Wno-infinite-recursion -Wno-comma -Wno-block-capture-autoreleasing -Wno-strict-prototypes -Wno-semicolon-before-method-body @/Users/runner/work/xiaodi/xiaodi/build/Build/Intermediates.noindex/cmark-gfm.build/Release-iphoneos/cmark-gfm.build/Objects-normal/arm64/7187679823f38a2a940e0043cdf9d637-common-args.resp -MMD -MT dependencies -MF /Users/runner/work/xiaodi/xiaodi/build/Build/Intermediates.noindex/cmark-gfm.build/Release-iphoneos/cmark-gfm.build/Objects-normal/arm64/blocks.d --serialize-diagnostics /Users/runner/work/xiaodi/xiaodi/build/Build/Intermediates.noindex/cmark-gfm.build/Release-iphoneos/cmark-gfm.build/Objects-normal/arm64/blocks.dia -c /Users/runner/work/xiaodi/xiaodi/build/SourcePackages/checkouts/swift-cmark/src/blocks.c -o /Users/runner/work/xiaodi/xiaodi/build/Build/Intermediates.noindex/cmark-gfm.build/Release-iphoneos/cmark-gfm.build/Objects-normal/arm64/blocks.o

CompileC /Users/runner/work/xiaodi/xiaodi/build/Build/Intermediates.noindex/cmark-gfm.build/Release-iphoneos/cmark-gfm.build/Objects-normal/arm64/arena.o /Users/runner/work/xiaodi/xiaodi/build/SourcePackages/checkouts/swift-cmark/src/arena.c normal arm64 c com.apple.compilers.llvm.clang.1_0.compiler (in target 'cmark-gfm' from project 'cmark-gfm')
    cd /Users/runner/work/xiaodi/xiaodi/DeepSeekHarnessMobile.xcodeproj
    
    Using response file: /Users/runner/work/xiaodi/xiaodi/build/Build/Intermediates.noindex/cmark-gfm.build/Release-iphoneos/cmark-gfm.build/Objects-normal/arm64/7187679823f38a2a940e0043cdf9d637-common-args.resp
    
    /Applications/Xcode_26.3.app/Contents/Developer/Toolchains/XcodeDefault.xctoolchain/usr/bin/clang -x c -ivfsstatcache /Users/runner/work/xiaodi/xiaodi/build/SDKStatCaches.noindex/iphoneos26.2-23C57-dc75598d0054f22ec865fa860f139d722dd23b4ebda140f7210d155ff1243552.sdkstatcache -fmessage-length\=0 -fdiagnostics-show-note-include-stack -fmacro-backtrace-limit\=0 -fno-color-diagnostics -fmodules-prune-interval\=86400 -fmodules-prune-after\=345600 -fbuild-session-file\=/Users/runner/work/xiaodi/xiaodi/build/ModuleCache.noindex/Session.modulevalidation -fmodules-validate-once-per-build-session -Wnon-modular-include-in-framework-module -Werror\=non-modular-include-in-framework-module -Wno-trigraphs -Wno-missing-field-initializers -Wno-missing-prototypes -Wno-return-type -Wno-missing-braces -Wparentheses -Wswitch -Wno-unused-function -Wno-unused-label -Wno-unused-parameter -Wno-unused-variable -Wunused-value -Wno-empty-body -Wno-uninitialized -Wno-unknown-pragmas -w -Wno-shadow -Wno-four-char-constants -Wno-conversion -Wno-constant-conversion -Wno-int-conversion -Wno-bool-conversion -Wno-enum-conversion -Wno-float-conversion -Wno-non-literal-null-conversion -Wno-objc-literal-conversion -Wshorten-64-to-32 -Wpointer-sign -Wno-newline-eof -Wno-implicit-fallthrough -fstrict-aliasing -Wdeprecated-declarations -Wno-sign-conversion -Wno-infinite-recursion -Wno-comma -Wno-block-capture-autoreleasing -Wno-strict-prototypes -Wno-semicolon-before-method-body @/Users/runner/work/xiaodi/xiaodi/build/Build/Intermediates.noindex/cmark-gfm.build/Release-iphoneos/cmark-gfm.build/Objects-normal/arm64/7187679823f38a2a940e0043cdf9d637-common-args.resp -MMD -MT dependencies -MF /Users/runner/work/xiaodi/xiaodi/build/Build/Intermediates.noindex/cmark-gfm.build/Release-iphoneos/cmark-gfm.build/Objects-normal/arm64/arena.d --serialize-diagnostics /Users/runner/work/xiaodi/xiaodi/build/Build/Intermediates.noindex/cmark-gfm.build/Release-iphoneos/cmark-gfm.build/Objects-normal/arm64/arena.dia -c /Users/runner/work/xiaodi/xiaodi/build/SourcePackages/checkouts/swift-cmark/src/arena.c -o /Users/runner/work/xiaodi/xiaodi/build/Build/Intermediates.noindex/cmark-gfm.build/Release-iphoneos/cmark-gfm.build/Objects-normal/arm64/arena.o

SwiftDriver\ Compilation NetworkImage normal arm64 com.apple.xcode.tools.swift.compiler (in target 'NetworkImage' from project 'NetworkImage')
    cd /Users/runner/work/xiaodi/xiaodi/DeepSeekHarnessMobile.xcodeproj
    builtin-Swift-Compilation -- /Applications/Xcode_26.3.app/Contents/Developer/Toolchains/XcodeDefault.xctoolchain/usr/bin/swiftc -module-name NetworkImage -O -whole-module-optimization -enforce-exclusivity\=checked @/Users/runner/work/xiaodi/xiaodi/build/Build/Intermediates.noindex/NetworkImage.build/Release-iphoneos/NetworkImage.build/Objects-normal/arm64/NetworkImage.SwiftFileList -DSWIFT_PACKAGE -DSWIFT_MODULE_RESOURCE_BUNDLE_UNAVAILABLE -DXcode -plugin-path /Applications/Xcode_26.3.app/Contents/Developer/Toolchains/XcodeDefault.xctoolchain/usr/lib/swift/host/plugins/testing -enable-experimental-feature DebugDescriptionMacro -sdk /Applications/Xcode_26.3.app/Contents/Developer/Platforms/iPhoneOS.platform/Developer/SDKs/iPhoneOS26.2.sdk -target arm64-apple-ios14.0 -g -module-cache-path /Users/runner/work/xiaodi/xiaodi/build/ModuleCache.noindex -Xfrontend -serialize-debugging-options -suppress-warnings -swift-version 6 -I /Users/runner/work/xiaodi/xiaodi/build/Build/Products/Release-iphoneos -Isystem /Applications/Xcode_26.3.app/Contents/Developer/Platforms/iPhoneOS.platform/Developer/usr/lib -F /Users/runner/work/xiaodi/xiaodi/build/Build/Products/Release-iphoneos -F /Applications/Xcode_26.3.app/Contents/Developer/Platforms/iPhoneOS.platform/Developer/Library/Frameworks -F /Applications/Xcode_26.3.app/Contents/Developer/Platforms/iPhoneOS.platform/Developer/SDKs/iPhoneOS26.2.sdk/Developer/Library/Frameworks -c -num-threads 3 -Xcc -ivfsstatcache -Xcc /Users/runner/work/xiaodi/xiaodi/build/SDKStatCaches.noindex/iphoneos26.2-23C57-dc75598d0054f22ec865fa860f139d722dd23b4ebda140f7210d155ff1243552.sdkstatcache -output-file-map /Users/runner/work/xiaodi/xiaodi/build/Build/Intermediates.noindex/NetworkImage.build/Release-iphoneos/NetworkImage.build/Objects-normal/arm64/NetworkImage-OutputFileMap.json -use-frontend-parseable-output -save-temps -no-color-diagnostics -explicit-module-build -module-cache-path /Users/runner/work/xiaodi/xiaodi/build/Build/Intermediates.noindex/SwiftExplicitPrecompiledModules -clang-scanner-module-cache-path /Users/runner/work/xiaodi/xiaodi/build/ModuleCache.noindex -sdk-module-cache-path /Users/runner/work/xiaodi/xiaodi/build/ModuleCache.noindex -serialize-diagnostics -emit-dependencies -emit-module -emit-module-path /Users/runner/work/xiaodi/xiaodi/build/Build/Intermediates.noindex/NetworkImage.build/Release-iphoneos/NetworkImage.build/Objects-normal/arm64/NetworkImage.swiftmodule -user-module-version 6.0.1 -validate-clang-modules-once -clang-build-session-file /Users/runner/work/xiaodi/xiaodi/build/ModuleCache.noindex/Session.modulevalidation -package-name networkimage -Xcc -I/Users/runner/work/xiaodi/xiaodi/build/Build/Intermediates.noindex/NetworkImage.build/Release-iphoneos/NetworkImage.build/swift-overrides.hmap -emit-const-values -Xfrontend -const-gather-protocols-file -Xfrontend /Users/runner/work/xiaodi/xiaodi/build/Build/Intermediates.noindex/NetworkImage.build/Release-iphoneos/NetworkImage.build/Objects-normal/arm64/NetworkImage_const_extract_protocols.json -Xcc -I/Users/runner/work/xiaodi/xiaodi/build/Build/Products/Release-iphoneos/include -Xcc -I/Users/runner/work/xiaodi/xiaodi/build/Build/Intermediates.noindex/NetworkImage.build/Release-iphoneos/NetworkImage.build/DerivedSources-normal/arm64 -Xcc -I/Users/runner/work/xiaodi/xiaodi/build/Build/Intermediates.noindex/NetworkImage.build/Release-iphoneos/NetworkImage.build/DerivedSources/arm64 -Xcc -I/Users/runner/work/xiaodi/xiaodi/build/Build/Intermediates.noindex/NetworkImage.build/Release-iphoneos/NetworkImage.build/DerivedSources -Xcc -DSWIFT_PACKAGE -emit-objc-header -emit-objc-header-path /Users/runner/work/xiaodi/xiaodi/build/Build/Intermediates.noindex/NetworkImage.build/Release-iphoneos/NetworkImage.build/Objects-normal/arm64/NetworkImage-Swift.h -working-directory /Users/runner/work/xiaodi/xiaodi/DeepSeekHarnessMobile.xcodeproj -no-emit-module-separately-wmo

SwiftDriver\ Compilation ChatLayout normal arm64 com.apple.xcode.tools.swift.compiler (in target 'ChatLayout' from project 'ChatLayout')
    cd /Users/runner/work/xiaodi/xiaodi/DeepSeekHarnessMobile.xcodeproj
    builtin-Swift-Compilation -- /Applications/Xcode_26.3.app/Contents/Developer/Toolchains/XcodeDefault.xctoolchain/usr/bin/swiftc -module-name ChatLayout -O -whole-module-optimization -enforce-exclusivity\=checked @/Users/runner/work/xiaodi/xiaodi/build/Build/Intermediates.noindex/ChatLayout.build/Release-iphoneos/ChatLayout.build/Objects-normal/arm64/ChatLayout.SwiftFileList -DSWIFT_PACKAGE -DSWIFT_MODULE_RESOURCE_BUNDLE_UNAVAILABLE -DXcode -enable-upcoming-feature StrictConcurrency -plugin-path /Applications/Xcode_26.3.app/Contents/Developer/Toolchains/XcodeDefault.xctoolchain/usr/lib/swift/host/plugins/testing -enable-experimental-feature DebugDescriptionMacro -sdk /Applications/Xcode_26.3.app/Contents/Developer/Platforms/iPhoneOS.platform/Developer/SDKs/iPhoneOS26.2.sdk -target arm64-apple-ios15.0 -g -module-cache-path /Users/runner/work/xiaodi/xiaodi/build/ModuleCache.noindex -Xfrontend -serialize-debugging-options -suppress-warnings -swift-version 6 -I /Users/runner/work/xiaodi/xiaodi/build/Build/Products/Release-iphoneos -Isystem /Applications/Xcode_26.3.app/Contents/Developer/Platforms/iPhoneOS.platform/Developer/usr/lib -F /Users/runner/work/xiaodi/xiaodi/build/Build/Products/Release-iphoneos -F /Applications/Xcode_26.3.app/Contents/Developer/Platforms/iPhoneOS.platform/Developer/Library/Frameworks -F /Applications/Xcode_26.3.app/Contents/Developer/Platforms/iPhoneOS.platform/Developer/SDKs/iPhoneOS26.2.sdk/Developer/Library/Frameworks -c -num-threads 3 -Xcc -ivfsstatcache -Xcc /Users/runner/work/xiaodi/xiaodi/build/SDKStatCaches.noindex/iphoneos26.2-23C57-dc75598d0054f22ec865fa860f139d722dd23b4ebda140f7210d155ff1243552.sdkstatcache -output-file-map /Users/runner/work/xiaodi/xiaodi/build/Build/Intermediates.noindex/ChatLayout.build/Release-iphoneos/ChatLayout.build/Objects-normal/arm64/ChatLayout-OutputFileMap.json -use-frontend-parseable-output -save-temps -no-color-diagnostics -explicit-module-build -module-cache-path /Users/runner/work/xiaodi/xiaodi/build/Build/Intermediates.noindex/SwiftExplicitPrecompiledModules -clang-scanner-module-cache-path /Users/runner/work/xiaodi/xiaodi/build/ModuleCache.noindex -sdk-module-cache-path /Users/runner/work/xiaodi/xiaodi/build/ModuleCache.noindex -serialize-diagnostics -emit-dependencies -emit-module -emit-module-path /Users/runner/work/xiaodi/xiaodi/build/Build/Intermediates.noindex/ChatLayout.build/Release-iphoneos/ChatLayout.build/Objects-normal/arm64/ChatLayout.swiftmodule -user-module-version 2.4.3 -validate-clang-modules-once -clang-build-session-file /Users/runner/work/xiaodi/xiaodi/build/ModuleCache.noindex/Session.modulevalidation -package-name chatlayout -Xcc -I/Users/runner/work/xiaodi/xiaodi/build/Build/Intermediates.noindex/ChatLayout.build/Release-iphoneos/ChatLayout.build/swift-overrides.hmap -emit-const-values -Xfrontend -const-gather-protocols-file -Xfrontend /Users/runner/work/xiaodi/xiaodi/build/Build/Intermediates.noindex/ChatLayout.build/Release-iphoneos/ChatLayout.build/Objects-normal/arm64/ChatLayout_const_extract_protocols.json -Xcc -I/Users/runner/work/xiaodi/xiaodi/build/Build/Products/Release-iphoneos/include -Xcc -I/Users/runner/work/xiaodi/xiaodi/build/Build/Intermediates.noindex/ChatLayout.build/Release-iphoneos/ChatLayout.build/DerivedSources-normal/arm64 -Xcc -I/Users/runner/work/xiaodi/xiaodi/build/Build/Intermediates.noindex/ChatLayout.build/Release-iphoneos/ChatLayout.build/DerivedSources/arm64 -Xcc -I/Users/runner/work/xiaodi/xiaodi/build/Build/Intermediates.noindex/ChatLayout.build/Release-iphoneos/ChatLayout.build/DerivedSources -Xcc -DSWIFT_PACKAGE -emit-objc-header -emit-objc-header-path /Users/runner/work/xiaodi/xiaodi/build/Build/Intermediates.noindex/ChatLayout.build/Release-iphoneos/ChatLayout.build/Objects-normal/arm64/ChatLayout-Swift.h -working-directory /Users/runner/work/xiaodi/xiaodi/DeepSeekHarnessMobile.xcodeproj -no-emit-module-separately-wmo

SwiftDriver\ Compilation AgentLiveActivityWidget normal arm64 com.apple.xcode.tools.swift.compiler (in target 'AgentLiveActivityWidget' from project 'DeepSeekHarnessMobile')
    cd /Users/runner/work/xiaodi/xiaodi
    builtin-Swift-Compilation -- /Applications/Xcode_26.3.app/Contents/Developer/Toolchains/XcodeDefault.xctoolchain/usr/bin/swiftc -module-name AgentLiveActivityWidget -O -whole-module-optimization -enforce-exclusivity\=checked @/Users/runner/work/xiaodi/xiaodi/build/Build/Intermediates.noindex/DeepSeekHarnessMobile.build/Release-iphoneos/AgentLiveActivityWidget.build/Objects-normal/arm64/AgentLiveActivityWidget.SwiftFileList -enable-bare-slash-regex -enable-experimental-feature DebugDescriptionMacro -sdk /Applications/Xcode_26.3.app/Contents/Developer/Platforms/iPhoneOS.platform/Developer/SDKs/iPhoneOS26.2.sdk -target arm64-apple-ios17.0 -g -module-cache-path /Users/runner/work/xiaodi/xiaodi/build/ModuleCache.noindex -Xfrontend -serialize-debugging-options -application-extension -swift-version 5 -I /Users/runner/work/xiaodi/xiaodi/build/Build/Products/Release-iphoneos -F /Users/runner/work/xiaodi/xiaodi/build/Build/Products/Release-iphoneos -emit-localized-strings -emit-localized-strings-path /Users/runner/work/xiaodi/xiaodi/build/Build/Intermediates.noindex/DeepSeekHarnessMobile.build/Release-iphoneos/AgentLiveActivityWidget.build/Objects-normal/arm64 -c -num-threads 3 -Xcc -ivfsstatcache -Xcc /Users/runner/work/xiaodi/xiaodi/build/SDKStatCaches.noindex/iphoneos26.2-23C57-dc75598d0054f22ec865fa860f139d722dd23b4ebda140f7210d155ff1243552.sdkstatcache -output-file-map /Users/runner/work/xiaodi/xiaodi/build/Build/Intermediates.noindex/DeepSeekHarnessMobile.build/Release-iphoneos/AgentLiveActivityWidget.build/Objects-normal/arm64/AgentLiveActivityWidget-OutputFileMap.json -use-frontend-parseable-output -save-temps -no-color-diagnostics -explicit-module-build -module-cache-path /Users/runner/work/xiaodi/xiaodi/build/Build/Intermediates.noindex/SwiftExplicitPrecompiledModules -clang-scanner-module-cache-path /Users/runner/work/xiaodi/xiaodi/build/ModuleCache.noindex -sdk-module-cache-path /Users/runner/work/xiaodi/xiaodi/build/ModuleCache.noindex -serialize-diagnostics -emit-dependencies -emit-module -emit-module-path /Users/runner/work/xiaodi/xiaodi/build/Build/Intermediates.noindex/DeepSeekHarnessMobile.build/Release-iphoneos/AgentLiveActivityWidget.build/Objects-normal/arm64/AgentLiveActivityWidget.swiftmodule -validate-clang-modules-once -clang-build-session-file /Users/runner/work/xiaodi/xiaodi/build/ModuleCache.noindex/Session.modulevalidation -Xcc -I/Users/runner/work/xiaodi/xiaodi/build/Build/Intermediates.noindex/DeepSeekHarnessMobile.build/Release-iphoneos/AgentLiveActivityWidget.build/swift-overrides.hmap -emit-const-values -Xfrontend -const-gather-protocols-file -Xfrontend /Users/runner/work/xiaodi/xiaodi/build/Build/Intermediates.noindex/DeepSeekHarnessMobile.build/Release-iphoneos/AgentLiveActivityWidget.build/Objects-normal/arm64/AgentLiveActivityWidget_const_extract_protocols.json -Xcc -iquote -Xcc /Users/runner/work/xiaodi/xiaodi/build/Build/Intermediates.noindex/DeepSeekHarnessMobile.build/Release-iphoneos/AgentLiveActivityWidget.build/AgentLiveActivityWidget-generated-files.hmap -Xcc -I/Users/runner/work/xiaodi/xiaodi/build/Build/Intermediates.noindex/DeepSeekHarnessMobile.build/Release-iphoneos/AgentLiveActivityWidget.build/AgentLiveActivityWidget-own-target-headers.hmap -Xcc -I/Users/runner/work/xiaodi/xiaodi/build/Build/Intermediates.noindex/DeepSeekHarnessMobile.build/Release-iphoneos/AgentLiveActivityWidget.build/AgentLiveActivityWidget-all-non-framework-target-headers.hmap -Xcc -ivfsoverlay -Xcc /Users/runner/work/xiaodi/xiaodi/build/Build/Intermediates.noindex/DeepSeekHarnessMobile.build/Release-iphoneos/DeepSeekHarnessMobile-067605110eec52b4b1237b5dcc4ee7ce-VFS-iphoneos/all-product-headers.yaml -Xcc -iquote -Xcc /Users/runner/work/xiaodi/xiaodi/build/Build/Intermediates.noindex/DeepSeekHarnessMobile.build/Release-iphoneos/AgentLiveActivityWidget.build/AgentLiveActivityWidget-project-headers.hmap -Xcc -I/Users/runner/work/xiaodi/xiaodi/build/Build/Products/Release-iphoneos/include -Xcc -I/Users/runner/work/xiaodi/xiaodi/build/Build/Intermediates.noindex/DeepSeekHarnessMobile.build/Release-iphoneos/AgentLiveActivityWidget.build/DerivedSources-normal/arm64 -Xcc -I/Users/runner/work/xiaodi/xiaodi/build/Build/Intermediates.noindex/DeepSeekHarnessMobile.build/Release-iphoneos/AgentLiveActivityWidget.build/DerivedSources/arm64 -Xcc -I/Users/runner/work/xiaodi/xiaodi/build/Build/Intermediates.noindex/DeepSeekHarnessMobile.build/Release-iphoneos/AgentLiveActivityWidget.build/DerivedSources -emit-objc-header -emit-objc-header-path /Users/runner/work/xiaodi/xiaodi/build/Build/Intermediates.noindex/DeepSeekHarnessMobile.build/Release-iphoneos/AgentLiveActivityWidget.build/Objects-normal/arm64/AgentLiveActivityWidget-Swift.h -working-directory /Users/runner/work/xiaodi/xiaodi -no-emit-module-separately-wmo

LinkAssetCatalog /Users/runner/work/xiaodi/xiaodi/AgentLiveActivityWidget/Assets.xcassets (in target 'AgentLiveActivityWidget' from project 'DeepSeekHarnessMobile')
    cd /Users/runner/work/xiaodi/xiaodi
    builtin-linkAssetCatalog --thinned /Users/runner/work/xiaodi/xiaodi/build/Build/Intermediates.noindex/DeepSeekHarnessMobile.build/Release-iphoneos/AgentLiveActivityWidget.build/assetcatalog_output/thinned --thinned-dependencies /Users/runner/work/xiaodi/xiaodi/build/Build/Intermediates.noindex/DeepSeekHarnessMobile.build/Release-iphoneos/AgentLiveActivityWidget.build/assetcatalog_dependencies_thinned --thinned-info-plist-content /Users/runner/work/xiaodi/xiaodi/build/Build/Intermediates.noindex/DeepSeekHarnessMobile.build/Release-iphoneos/AgentLiveActivityWidget.build/assetcatalog_generated_info.plist_thinned --unthinned /Users/runner/work/xiaodi/xiaodi/build/Build/Intermediates.noindex/DeepSeekHarnessMobile.build/Release-iphoneos/AgentLiveActivityWidget.build/assetcatalog_output/unthinned --unthinned-dependencies /Users/runner/work/xiaodi/xiaodi/build/Build/Intermediates.noindex/DeepSeekHarnessMobile.build/Release-iphoneos/AgentLiveActivityWidget.build/assetcatalog_dependencies_unthinned --unthinned-info-plist-content /Users/runner/work/xiaodi/xiaodi/build/Build/Intermediates.noindex/DeepSeekHarnessMobile.build/Release-iphoneos/AgentLiveActivityWidget.build/assetcatalog_generated_info.plist_unthinned --output /Users/runner/work/xiaodi/xiaodi/build/Build/Products/Release-iphoneos/AgentLiveActivityWidget.appex --plist-output /Users/runner/work/xiaodi/xiaodi/build/Build/Intermediates.noindex/DeepSeekHarnessMobile.build/Release-iphoneos/AgentLiveActivityWidget.build/assetcatalog_generated_info.plist
note: Emplaced /Users/runner/work/xiaodi/xiaodi/build/Build/Products/Release-iphoneos/AgentLiveActivityWidget.appex/Assets.car (in target 'AgentLiveActivityWidget' from project 'DeepSeekHarnessMobile')

ProcessInfoPlistFile /Users/runner/work/xiaodi/xiaodi/build/Build/Products/Release-iphoneos/AgentLiveActivityWidget.appex/Info.plist /Users/runner/work/xiaodi/xiaodi/AgentLiveActivityWidget/Info.plist (in target 'AgentLiveActivityWidget' from project 'DeepSeekHarnessMobile')
    cd /Users/runner/work/xiaodi/xiaodi
    builtin-infoPlistUtility /Users/runner/work/xiaodi/xiaodi/AgentLiveActivityWidget/Info.plist -producttype com.apple.product-type.app-extension -expandbuildsettings -format binary -platform iphoneos -additionalcontentfile /Users/runner/work/xiaodi/xiaodi/build/Build/Intermediates.noindex/DeepSeekHarnessMobile.build/Release-iphoneos/AgentLiveActivityWidget.build/assetcatalog_generated_info.plist -requiredArchitecture arm64 -o /Users/runner/work/xiaodi/xiaodi/build/Build/Products/Release-iphoneos/AgentLiveActivityWidget.appex/Info.plist

Ld /Users/runner/work/xiaodi/xiaodi/build/Build/Products/Release-iphoneos/NetworkImage.o normal (in target 'NetworkImage' from project 'NetworkImage')
    cd /Users/runner/work/xiaodi/xiaodi/build/SourcePackages/checkouts/NetworkImage
    /Applications/Xcode_26.3.app/Contents/Developer/Toolchains/XcodeDefault.xctoolchain/usr/bin/clang -Xlinker -reproducible -target arm64-apple-ios14.0 -r -isysroot /Applications/Xcode_26.3.app/Contents/Developer/Platforms/iPhoneOS.platform/Developer/SDKs/iPhoneOS26.2.sdk -Os -w -L/Users/runner/work/xiaodi/xiaodi/build/Build/Intermediates.noindex/EagerLinkingTBDs/Release-iphoneos -L/Users/runner/work/xiaodi/xiaodi/build/Build/Products/Release-iphoneos -L/Applications/Xcode_26.3.app/Contents/Developer/Platforms/iPhoneOS.platform/Developer/usr/lib -F/Users/runner/work/xiaodi/xiaodi/build/Build/Intermediates.noindex/EagerLinkingTBDs/Release-iphoneos -F/Users/runner/work/xiaodi/xiaodi/build/Build/Products/Release-iphoneos -iframework /Applications/Xcode_26.3.app/Contents/Developer/Platforms/iPhoneOS.platform/Developer/Library/Frameworks -iframework /Applications/Xcode_26.3.app/Contents/Developer/Platforms/iPhoneOS.platform/Developer/SDKs/iPhoneOS26.2.sdk/Developer/Library/Frameworks -filelist /Users/runner/work/xiaodi/xiaodi/build/Build/Intermediates.noindex/NetworkImage.build/Release-iphoneos/NetworkImage.build/Objects-normal/arm64/NetworkImage.LinkFileList -nostdlib -Xlinker -object_path_lto -Xlinker /Users/runner/work/xiaodi/xiaodi/build/Build/Intermediates.noindex/NetworkImage.build/Release-iphoneos/NetworkImage.build/Objects-normal/arm64/NetworkImage_lto.o -Xlinker -dependency_info -Xlinker /Users/runner/work/xiaodi/xiaodi/build/Build/Intermediates.noindex/NetworkImage.build/Release-iphoneos/NetworkImage.build/Objects-normal/arm64/NetworkImage_dependency_info.dat -fobjc-link-runtime -L/Applications/Xcode_26.3.app/Contents/Developer/Toolchains/XcodeDefault.xctoolchain/usr/lib/swift/iphoneos -L/usr/lib/swift -Xlinker -add_ast_path -Xlinker /Users/runner/work/xiaodi/xiaodi/build/Build/Intermediates.noindex/NetworkImage.build/Release-iphoneos/NetworkImage.build/Objects-normal/arm64/NetworkImage.swiftmodule @/Users/runner/work/xiaodi/xiaodi/build/Build/Intermediates.noindex/NetworkImage.build/Release-iphoneos/NetworkImage.build/Objects-normal/arm64/NetworkImage-linker-args.resp -o /Users/runner/work/xiaodi/xiaodi/build/Build/Products/Release-iphoneos/NetworkImage.o

ExtractAppIntentsMetadata (in target 'NetworkImage' from project 'NetworkImage')
    cd /Users/runner/work/xiaodi/xiaodi/build/SourcePackages/checkouts/NetworkImage
    /Applications/Xcode_26.3.app/Contents/Developer/Toolchains/XcodeDefault.xctoolchain/usr/bin/appintentsmetadataprocessor --toolchain-dir /var/run/com.apple.security.cryptexd/mnt/com.apple.MobileAsset.MetalToolchain-v17.3.7003.10.uBWVVm/Metal.xctoolchain --module-name NetworkImage --sdk-root /Applications/Xcode_26.3.app/Contents/Developer/Platforms/iPhoneOS.platform/Developer/SDKs/iPhoneOS26.2.sdk --xcode-version 17C529 --platform-family iOS --deployment-target 14.0 --bundle-identifier networkimage.NetworkImage --output /Users/runner/work/xiaodi/xiaodi/build/Build/Products/Release-iphoneos/NetworkImage.appintents --target-triple arm64-apple-ios14.0 --binary-file /Users/runner/work/xiaodi/xiaodi/build/Build/Products/Release-iphoneos/NetworkImage.o --dependency-file /Users/runner/work/xiaodi/xiaodi/build/Build/Intermediates.noindex/NetworkImage.build/Release-iphoneos/NetworkImage.build/Objects-normal/arm64/NetworkImage_dependency_info.dat --stringsdata-file /Users/runner/work/xiaodi/xiaodi/build/Build/Intermediates.noindex/NetworkImage.build/Release-iphoneos/NetworkImage.build/Objects-normal/arm64/ExtractedAppShortcutsMetadata.stringsdata --source-file-list /Users/runner/work/xiaodi/xiaodi/build/Build/Intermediates.noindex/NetworkImage.build/Release-iphoneos/NetworkImage.build/Objects-normal/arm64/NetworkImage.SwiftFileList --metadata-file-list /Users/runner/work/xiaodi/xiaodi/build/Build/Intermediates.noindex/NetworkImage.build/Release-iphoneos/NetworkImage.build/NetworkImage.DependencyMetadataFileList --static-metadata-file-list /Users/runner/work/xiaodi/xiaodi/build/Build/Intermediates.noindex/NetworkImage.build/Release-iphoneos/NetworkImage.build/NetworkImage.DependencyStaticMetadataFileList --swift-const-vals-list /Users/runner/work/xiaodi/xiaodi/build/Build/Intermediates.noindex/NetworkImage.build/Release-iphoneos/NetworkImage.build/Objects-normal/arm64/NetworkImage.SwiftConstValuesFileList --force --compile-time-extraction --deployment-aware-processing --validate-assistant-intents --no-app-shortcuts-localization
2026-10-09 07:56:16.676 appintentsmetadataprocessor[7005:23940] Starting appintentsmetadataprocessor export
2026-10-09 07:56:16.950 appintentsmetadataprocessor[7005:23940] Extracted no relevant App Intents symbols, skipping writing output

Ld /Users/runner/work/xiaodi/xiaodi/build/Build/Products/Release-iphoneos/cmark-gfm.o normal (in target 'cmark-gfm' from project 'cmark-gfm')
    cd /Users/runner/work/xiaodi/xiaodi/build/SourcePackages/checkouts/swift-cmark
    /Applications/Xcode_26.3.app/Contents/Developer/Toolchains/XcodeDefault.xctoolchain/usr/bin/clang -Xlinker -reproducible -target arm64-apple-ios12.0 -r -isysroot /Applications/Xcode_26.3.app/Contents/Developer/Platforms/iPhoneOS.platform/Developer/SDKs/iPhoneOS26.2.sdk -Os -w -L/Users/runner/work/xiaodi/xiaodi/build/Build/Intermediates.noindex/EagerLinkingTBDs/Release-iphoneos -L/Users/runner/work/xiaodi/xiaodi/build/Build/Products/Release-iphoneos -L/Applications/Xcode_26.3.app/Contents/Developer/Platforms/iPhoneOS.platform/Developer/usr/lib -F/Users/runner/work/xiaodi/xiaodi/build/Build/Intermediates.noindex/EagerLinkingTBDs/Release-iphoneos -F/Users/runner/work/xiaodi/xiaodi/build/Build/Products/Release-iphoneos -iframework /Applications/Xcode_26.3.app/Contents/Developer/Platforms/iPhoneOS.platform/Developer/Library/Frameworks -iframework /Applications/Xcode_26.3.app/Contents/Developer/Platforms/iPhoneOS.platform/Developer/SDKs/iPhoneOS26.2.sdk/Developer/Library/Frameworks -filelist /Users/runner/work/xiaodi/xiaodi/build/Build/Intermediates.noindex/cmark-gfm.build/Release-iphoneos/cmark-gfm.build/Objects-normal/arm64/cmark-gfm.LinkFileList -nostdlib -Xlinker -object_path_lto -Xlinker /Users/runner/work/xiaodi/xiaodi/build/Build/Intermediates.noindex/cmark-gfm.build/Release-iphoneos/cmark-gfm.build/Objects-normal/arm64/cmark-gfm_lto.o -Xlinker -dependency_info -Xlinker /Users/runner/work/xiaodi/xiaodi/build/Build/Intermediates.noindex/cmark-gfm.build/Release-iphoneos/cmark-gfm.build/Objects-normal/arm64/cmark-gfm_dependency_info.dat -o /Users/runner/work/xiaodi/xiaodi/build/Build/Products/Release-iphoneos/cmark-gfm.o

SwiftDriver MarkdownUI normal arm64 com.apple.xcode.tools.swift.compiler (in target 'MarkdownUI' from project 'swift-markdown-ui')
    cd /Users/runner/work/xiaodi/xiaodi/DeepSeekHarnessMobile.xcodeproj
    builtin-SwiftDriver -- /Applications/Xcode_26.3.app/Contents/Developer/Toolchains/XcodeDefault.xctoolchain/usr/bin/swiftc -module-name MarkdownUI -O -whole-module-optimization -enforce-exclusivity\=checked @/Users/runner/work/xiaodi/xiaodi/build/Build/Intermediates.noindex/swift-markdown-ui.build/Release-iphoneos/MarkdownUI.build/Objects-normal/arm64/MarkdownUI.SwiftFileList -DSWIFT_PACKAGE -DSWIFT_MODULE_RESOURCE_BUNDLE_UNAVAILABLE -DXcode -plugin-path /Applications/Xcode_26.3.app/Contents/Developer/Toolchains/XcodeDefault.xctoolchain/usr/lib/swift/host/plugins/testing -enable-experimental-feature DebugDescriptionMacro -sdk /Applications/Xcode_26.3.app/Contents/Developer/Platforms/iPhoneOS.platform/Developer/SDKs/iPhoneOS26.2.sdk -target arm64-apple-ios15.0 -g -module-cache-path /Users/runner/work/xiaodi/xiaodi/build/ModuleCache.noindex -Xfrontend -serialize-debugging-options -suppress-warnings -swift-version 5 -I /Users/runner/work/xiaodi/xiaodi/build/Build/Products/Release-iphoneos -Isystem /Applications/Xcode_26.3.app/Contents/Developer/Platforms/iPhoneOS.platform/Developer/usr/lib -F /Users/runner/work/xiaodi/xiaodi/build/Build/Products/Release-iphoneos/PackageFrameworks -F /Users/runner/work/xiaodi/xiaodi/build/Build/Products/Release-iphoneos/PackageFrameworks -F /Users/runner/work/xiaodi/xiaodi/build/Build/Products/Release-iphoneos/PackageFrameworks -F /Users/runner/work/xiaodi/xiaodi/build/Build/Products/Release-iphoneos -F /Applications/Xcode_26.3.app/Contents/Developer/Platforms/iPhoneOS.platform/Developer/Library/Frameworks -F /Applications/Xcode_26.3.app/Contents/Developer/Platforms/iPhoneOS.platform/Developer/SDKs/iPhoneOS26.2.sdk/Developer/Library/Frameworks -c -num-threads 3 -Xcc -ivfsstatcache -Xcc /Users/runner/work/xiaodi/xiaodi/build/SDKStatCaches.noindex/iphoneos26.2-23C57-dc75598d0054f22ec865fa860f139d722dd23b4ebda140f7210d155ff1243552.sdkstatcache -output-file-map /Users/runner/work/xiaodi/xiaodi/build/Build/Intermediates.noindex/swift-markdown-ui.build/Release-iphoneos/MarkdownUI.build/Objects-normal/arm64/MarkdownUI-OutputFileMap.json -use-frontend-parseable-output -save-temps -no-color-diagnostics -explicit-module-build -module-cache-path /Users/runner/work/xiaodi/xiaodi/build/Build/Intermediates.noindex/SwiftExplicitPrecompiledModules -clang-scanner-module-cache-path /Users/runner/work/xiaodi/xiaodi/build/ModuleCache.noindex -sdk-module-cache-path /Users/runner/work/xiaodi/xiaodi/build/ModuleCache.noindex -serialize-diagnostics -emit-dependencies -emit-module -emit-module-path /Users/runner/work/xiaodi/xiaodi/build/Build/Intermediates.noindex/swift-markdown-ui.build/Release-iphoneos/MarkdownUI.build/Objects-normal/arm64/MarkdownUI.swiftmodule -validate-clang-modules-once -clang-build-session-file /Users/runner/work/xiaodi/xiaodi/build/ModuleCache.noindex/Session.modulevalidation -Xcc -I/Users/runner/work/xiaodi/xiaodi/build/Build/Intermediates.noindex/swift-markdown-ui.build/Release-iphoneos/MarkdownUI.build/swift-overrides.hmap -emit-const-values -Xfrontend -const-gather-protocols-file -Xfrontend /Users/runner/work/xiaodi/xiaodi/build/Build/Intermediates.noindex/swift-markdown-ui.build/Release-iphoneos/MarkdownUI.build/Objects-normal/arm64/MarkdownUI_const_extract_protocols.json -Xcc -I/Users/runner/work/xiaodi/xiaodi/build/SourcePackages/checkouts/swift-cmark/src/include -Xcc -I/Users/runner/work/xiaodi/xiaodi/build/SourcePackages/checkouts/swift-cmark/extensions/include -Xcc -I/Users/runner/work/xiaodi/xiaodi/build/Build/Products/Release-iphoneos/include -Xcc -I/Users/runner/work/xiaodi/xiaodi/build/Build/Intermediates.noindex/swift-markdown-ui.build/Release-iphoneos/MarkdownUI.build/DerivedSources-normal/arm64 -Xcc -I/Users/runner/work/xiaodi/xiaodi/build/Build/Intermediates.noindex/swift-markdown-ui.build/Release-iphoneos/MarkdownUI.build/DerivedSources/arm64 -Xcc -I/Users/runner/work/xiaodi/xiaodi/build/Build/Intermediates.noindex/swift-markdown-ui.build/Release-iphoneos/MarkdownUI.build/DerivedSources -Xcc -DSWIFT_PACKAGE -emit-objc-header -emit-objc-header-path /Users/runner/work/xiaodi/xiaodi/build/Build/Intermediates.noindex/swift-markdown-ui.build/Release-iphoneos/MarkdownUI.build/Objects-normal/arm64/MarkdownUI-Swift.h -working-directory /Users/runner/work/xiaodi/xiaodi/DeepSeekHarnessMobile.xcodeproj -no-emit-module-separately-wmo

Ld /Users/runner/work/xiaodi/xiaodi/build/Build/Products/Release-iphoneos/AgentLiveActivityWidget.appex/AgentLiveActivityWidget normal (in target 'AgentLiveActivityWidget' from project 'DeepSeekHarnessMobile')
    cd /Users/runner/work/xiaodi/xiaodi
    /Applications/Xcode_26.3.app/Contents/Developer/Toolchains/XcodeDefault.xctoolchain/usr/bin/clang -Xlinker -reproducible -target arm64-apple-ios17.0 -isysroot /Applications/Xcode_26.3.app/Contents/Developer/Platforms/iPhoneOS.platform/Developer/SDKs/iPhoneOS26.2.sdk -Os -L/Users/runner/work/xiaodi/xiaodi/build/Build/Intermediates.noindex/EagerLinkingTBDs/Release-iphoneos -L/Users/runner/work/xiaodi/xiaodi/build/Build/Products/Release-iphoneos -F/Users/runner/work/xiaodi/xiaodi/build/Build/Intermediates.noindex/EagerLinkingTBDs/Release-iphoneos -F/Users/runner/work/xiaodi/xiaodi/build/Build/Products/Release-iphoneos -filelist /Users/runner/work/xiaodi/xiaodi/build/Build/Intermediates.noindex/DeepSeekHarnessMobile.build/Release-iphoneos/AgentLiveActivityWidget.build/Objects-normal/arm64/AgentLiveActivityWidget.LinkFileList -Xlinker -rpath -Xlinker /usr/lib/swift -Xlinker -rpath -Xlinker @executable_path/Frameworks -Xlinker -rpath -Xlinker @executable_path/../../Frameworks -dead_strip -Xlinker -object_path_lto -Xlinker /Users/runner/work/xiaodi/xiaodi/build/Build/Intermediates.noindex/DeepSeekHarnessMobile.build/Release-iphoneos/AgentLiveActivityWidget.build/Objects-normal/arm64/AgentLiveActivityWidget_lto.o -Xlinker -dependency_info -Xlinker /Users/runner/work/xiaodi/xiaodi/build/Build/Intermediates.noindex/DeepSeekHarnessMobile.build/Release-iphoneos/AgentLiveActivityWidget.build/Objects-normal/arm64/AgentLiveActivityWidget_dependency_info.dat -e _NSExtensionMain -fapplication-extension -fobjc-link-runtime -L/Applications/Xcode_26.3.app/Contents/Developer/Toolchains/XcodeDefault.xctoolchain/usr/lib/swift/iphoneos -L/usr/lib/swift -Xlinker -add_ast_path -Xlinker /Users/runner/work/xiaodi/xiaodi/build/Build/Intermediates.noindex/DeepSeekHarnessMobile.build/Release-iphoneos/AgentLiveActivityWidget.build/Objects-normal/arm64/AgentLiveActivityWidget.swiftmodule @/Users/runner/work/xiaodi/xiaodi/build/Build/Intermediates.noindex/DeepSeekHarnessMobile.build/Release-iphoneos/AgentLiveActivityWidget.build/Objects-normal/arm64/AgentLiveActivityWidget-linker-args.resp -o /Users/runner/work/xiaodi/xiaodi/build/Build/Products/Release-iphoneos/AgentLiveActivityWidget.appex/AgentLiveActivityWidget

SwiftDriver\ Compilation MarkdownUI normal arm64 com.apple.xcode.tools.swift.compiler (in target 'MarkdownUI' from project 'swift-markdown-ui')
    cd /Users/runner/work/xiaodi/xiaodi/DeepSeekHarnessMobile.xcodeproj
    builtin-Swift-Compilation -- /Applications/Xcode_26.3.app/Contents/Developer/Toolchains/XcodeDefault.xctoolchain/usr/bin/swiftc -module-name MarkdownUI -O -whole-module-optimization -enforce-exclusivity\=checked @/Users/runner/work/xiaodi/xiaodi/build/Build/Intermediates.noindex/swift-markdown-ui.build/Release-iphoneos/MarkdownUI.build/Objects-normal/arm64/MarkdownUI.SwiftFileList -DSWIFT_PACKAGE -DSWIFT_MODULE_RESOURCE_BUNDLE_UNAVAILABLE -DXcode -plugin-path /Applications/Xcode_26.3.app/Contents/Developer/Toolchains/XcodeDefault.xctoolchain/usr/lib/swift/host/plugins/testing -enable-experimental-feature DebugDescriptionMacro -sdk /Applications/Xcode_26.3.app/Contents/Developer/Platforms/iPhoneOS.platform/Developer/SDKs/iPhoneOS26.2.sdk -target arm64-apple-ios15.0 -g -module-cache-path /Users/runner/work/xiaodi/xiaodi/build/ModuleCache.noindex -Xfrontend -serialize-debugging-options -suppress-warnings -swift-version 5 -I /Users/runner/work/xiaodi/xiaodi/build/Build/Products/Release-iphoneos -Isystem /Applications/Xcode_26.3.app/Contents/Developer/Platforms/iPhoneOS.platform/Developer/usr/lib -F /Users/runner/work/xiaodi/xiaodi/build/Build/Products/Release-iphoneos/PackageFrameworks -F /Users/runner/work/xiaodi/xiaodi/build/Build/Products/Release-iphoneos/PackageFrameworks -F /Users/runner/work/xiaodi/xiaodi/build/Build/Products/Release-iphoneos/PackageFrameworks -F /Users/runner/work/xiaodi/xiaodi/build/Build/Products/Release-iphoneos -F /Applications/Xcode_26.3.app/Contents/Developer/Platforms/iPhoneOS.platform/Developer/Library/Frameworks -F /Applications/Xcode_26.3.app/Contents/Developer/Platforms/iPhoneOS.platform/Developer/SDKs/iPhoneOS26.2.sdk/Developer/Library/Frameworks -c -num-threads 3 -Xcc -ivfsstatcache -Xcc /Users/runner/work/xiaodi/xiaodi/build/SDKStatCaches.noindex/iphoneos26.2-23C57-dc75598d0054f22ec865fa860f139d722dd23b4ebda140f7210d155ff1243552.sdkstatcache -output-file-map /Users/runner/work/xiaodi/xiaodi/build/Build/Intermediates.noindex/swift-markdown-ui.build/Release-iphoneos/MarkdownUI.build/Objects-normal/arm64/MarkdownUI-OutputFileMap.json -use-frontend-parseable-output -save-temps -no-color-diagnostics -explicit-module-build -module-cache-path /Users/runner/work/xiaodi/xiaodi/build/Build/Intermediates.noindex/SwiftExplicitPrecompiledModules -clang-scanner-module-cache-path /Users/runner/work/xiaodi/xiaodi/build/ModuleCache.noindex -sdk-module-cache-path /Users/runner/work/xiaodi/xiaodi/build/ModuleCache.noindex -serialize-diagnostics -emit-dependencies -emit-module -emit-module-path /Users/runner/work/xiaodi/xiaodi/build/Build/Intermediates.noindex/swift-markdown-ui.build/Release-iphoneos/MarkdownUI.build/Objects-normal/arm64/MarkdownUI.swiftmodule -validate-clang-modules-once -clang-build-session-file /Users/runner/work/xiaodi/xiaodi/build/ModuleCache.noindex/Session.modulevalidation -Xcc -I/Users/runner/work/xiaodi/xiaodi/build/Build/Intermediates.noindex/swift-markdown-ui.build/Release-iphoneos/MarkdownUI.build/swift-overrides.hmap -emit-const-values -Xfrontend -const-gather-protocols-file -Xfrontend /Users/runner/work/xiaodi/xiaodi/build/Build/Intermediates.noindex/swift-markdown-ui.build/Release-iphoneos/MarkdownUI.build/Objects-normal/arm64/MarkdownUI_const_extract_protocols.json -Xcc -I/Users/runner/work/xiaodi/xiaodi/build/SourcePackages/checkouts/swift-cmark/src/include -Xcc -I/Users/runner/work/xiaodi/xiaodi/build/SourcePackages/checkouts/swift-cmark/extensions/include -Xcc -I/Users/runner/work/xiaodi/xiaodi/build/Build/Products/Release-iphoneos/include -Xcc -I/Users/runner/work/xiaodi/xiaodi/build/Build/Intermediates.noindex/swift-markdown-ui.build/Release-iphoneos/MarkdownUI.build/DerivedSources-normal/arm64 -Xcc -I/Users/runner/work/xiaodi/xiaodi/build/Build/Intermediates.noindex/swift-markdown-ui.build/Release-iphoneos/MarkdownUI.build/DerivedSources/arm64 -Xcc -I/Users/runner/work/xiaodi/xiaodi/build/Build/Intermediates.noindex/swift-markdown-ui.build/Release-iphoneos/MarkdownUI.build/DerivedSources -Xcc -DSWIFT_PACKAGE -emit-objc-header -emit-objc-header-path /Users/runner/work/xiaodi/xiaodi/build/Build/Intermediates.noindex/swift-markdown-ui.build/Release-iphoneos/MarkdownUI.build/Objects-normal/arm64/MarkdownUI-Swift.h -working-directory /Users/runner/work/xiaodi/xiaodi/DeepSeekHarnessMobile.xcodeproj -no-emit-module-separately-wmo

SwiftExplicitDependencyGeneratePcm arm64 /Users/runner/work/xiaodi/xiaodi/build/ModuleCache.noindex/_SwiftConcurrencyShims-2OLLW2YUO8LCX7U57H29X36V9.pcm

SwiftExplicitDependencyGeneratePcm arm64 /Users/runner/work/xiaodi/xiaodi/build/ModuleCache.noindex/SwiftShims-LGTTLDZQGDWQLZ3GOAL6ISYW.pcm

SwiftExplicitDependencyGeneratePcm arm64 /Users/runner/work/xiaodi/xiaodi/build/ModuleCache.noindex/DeveloperToolsSupport-B5KGMSKCPL6VBY9BTBZ9BHW5V.pcm

SwiftExplicitDependencyGeneratePcm arm64 /Users/runner/work/xiaodi/xiaodi/build/ModuleCache.noindex/_Builtin_stdarg-EK3NFCUCE5568E5YLARQVD9BB.pcm

SwiftExplicitDependencyGeneratePcm arm64 /Users/runner/work/xiaodi/xiaodi/build/ModuleCache.noindex/_Builtin_float-F53AJ9MK0BE6HX99WZH1RGJI0.pcm

SwiftExplicitDependencyGeneratePcm arm64 /Users/runner/work/xiaodi/xiaodi/build/ModuleCache.noindex/ptrcheck-367VHH6UF9CAUX88FJB7DLQZE.pcm

SwiftExplicitDependencyGeneratePcm arm64 /Users/runner/work/xiaodi/xiaodi/build/ModuleCache.noindex/_AvailabilityInternal-9WFR5YB5UN8GQM8RDCQXP4DL5.pcm

SwiftExplicitDependencyGeneratePcm arm64 /Users/runner/work/xiaodi/xiaodi/build/ModuleCache.noindex/_Builtin_stdbool-QBRU6U8QZ9V8PL3OD5IRM6W8.pcm

SwiftExplicitDependencyGeneratePcm arm64 /Users/runner/work/xiaodi/xiaodi/build/ModuleCache.noindex/_Builtin_stddef-7H5AZZHV055FRAQAM9GPEZHVY.pcm

SwiftExplicitDependencyGeneratePcm arm64 /Users/runner/work/xiaodi/xiaodi/build/ModuleCache.noindex/_DarwinFoundation1-4PNKEOP1R112N5B8JFO5GPRF5.pcm

SwiftExplicitDependencyGeneratePcm arm64 /Users/runner/work/xiaodi/xiaodi/build/ModuleCache.noindex/ptrauth-8AEV5KNFI65AGW9KOQ79FKGK8.pcm

GenerateDSYMFile /Users/runner/work/xiaodi/xiaodi/build/Build/Products/Release-iphoneos/AgentLiveActivityWidget.appex.dSYM /Users/runner/work/xiaodi/xiaodi/build/Build/Products/Release-iphoneos/AgentLiveActivityWidget.appex/AgentLiveActivityWidget (in target 'AgentLiveActivityWidget' from project 'DeepSeekHarnessMobile')
    cd /Users/runner/work/xiaodi/xiaodi
    /Applications/Xcode_26.3.app/Contents/Developer/Toolchains/XcodeDefault.xctoolchain/usr/bin/dsymutil /Users/runner/work/xiaodi/xiaodi/build/Build/Products/Release-iphoneos/AgentLiveActivityWidget.appex/AgentLiveActivityWidget -o /Users/runner/work/xiaodi/xiaodi/build/Build/Products/Release-iphoneos/AgentLiveActivityWidget.appex.dSYM

SwiftExplicitDependencyGeneratePcm arm64 /Users/runner/work/xiaodi/xiaodi/build/ModuleCache.noindex/_Builtin_limits-33GJH103LCIOTER7ISSG35ZIB.pcm

SwiftExplicitDependencyGeneratePcm arm64 /Users/runner/work/xiaodi/xiaodi/build/ModuleCache.noindex/_DarwinFoundation2-685ZUER5OCOA52OCBICX3DEVH.pcm

SwiftExplicitDependencyGeneratePcm arm64 /Users/runner/work/xiaodi/xiaodi/build/ModuleCache.noindex/_Builtin_stdint-7N5XKZBO9AH0SA3UGO6XK0IJY.pcm

SwiftExplicitDependencyGeneratePcm arm64 /Users/runner/work/xiaodi/xiaodi/build/ModuleCache.noindex/sys_types-94G11C32RM1ZXTPZ85E03HOWJ.pcm

SwiftExplicitDependencyGeneratePcm arm64 /Users/runner/work/xiaodi/xiaodi/build/ModuleCache.noindex/_Builtin_intrinsics-8QE0OMAYN9ZPBF80UTRI3A0LM.pcm

SwiftExplicitDependencyGeneratePcm arm64 /Users/runner/work/xiaodi/xiaodi/build/ModuleCache.noindex/_Builtin_stdatomic-774ITJVM80C81CW6CNYDCJH0T.pcm

SwiftExplicitDependencyGeneratePcm arm64 /Users/runner/work/xiaodi/xiaodi/build/ModuleCache.noindex/_Builtin_tgmath-9YFAGAM96OK8VZCEAMCHURO9A.pcm

SwiftExplicitDependencyGeneratePcm arm64 /Users/runner/work/xiaodi/xiaodi/build/ModuleCache.noindex/_DarwinFoundation3-87UC7BG9KTJVO99FSQR5WUMBR.pcm

SwiftExplicitDependencyGeneratePcm arm64 /Users/runner/work/xiaodi/xiaodi/build/Build/Intermediates.noindex/SwiftExplicitPrecompiledModules/cmark_gfm-3ANQVQRUAAPWNGYUA5LBD3LLI.pcm

SwiftExplicitDependencyGeneratePcm arm64 /Users/runner/work/xiaodi/xiaodi/build/ModuleCache.noindex/_Builtin_inttypes-AOBLZGV56QYILPIH6Q4W5TR4S.pcm

SwiftExplicitDependencyGeneratePcm arm64 /Users/runner/work/xiaodi/xiaodi/build/ModuleCache.noindex/simd-3VTOHVVGY0UGD4CA0KBEMDVF7.pcm

SwiftExplicitDependencyGeneratePcm arm64 /Users/runner/work/xiaodi/xiaodi/build/ModuleCache.noindex/Darwin-A3K1ZLFQ4P7896SUXD1KNYRKE.pcm

SwiftExplicitDependencyGeneratePcm arm64 /Users/runner/work/xiaodi/xiaodi/build/Build/Intermediates.noindex/SwiftExplicitPrecompiledModules/cmark_gfm_extensions-RYAHPFGFT4WTGZ1BNFVZA7GX.pcm

SwiftExplicitDependencyGeneratePcm arm64 /Users/runner/work/xiaodi/xiaodi/build/ModuleCache.noindex/ObjectiveC-6SU9S9VJT0CH6BWBRZAN23BD0.pcm

SwiftExplicitDependencyGeneratePcm arm64 /Users/runner/work/xiaodi/xiaodi/build/ModuleCache.noindex/MachO-BVFCSZPEW5JWY8PMLBNHGOZJ.pcm

SwiftExplicitDependencyGeneratePcm arm64 /Users/runner/work/xiaodi/xiaodi/build/ModuleCache.noindex/Spatial-EJ04MMBYHJ7IBF6ZUQSYSUMN0.pcm

SwiftExplicitDependencyGeneratePcm arm64 /Users/runner/work/xiaodi/xiaodi/build/ModuleCache.noindex/os_object-E6KFE86ZJ935RHSNLGMQH1T5D.pcm

SwiftExplicitDependencyGeneratePcm arm64 /Users/runner/work/xiaodi/xiaodi/build/ModuleCache.noindex/os_workgroup-53D25AFDN42UR7JEEVNWI8165.pcm

SwiftExplicitDependencyGeneratePcm arm64 /Users/runner/work/xiaodi/xiaodi/build/ModuleCache.noindex/Dispatch-DUFW77Y4UX6A4U2WKESJ1DTZB.pcm

RegisterExecutionPolicyException /Users/runner/work/xiaodi/xiaodi/build/Build/Products/Release-iphoneos/cmark-gfm.o (in target 'cmark-gfm' from project 'cmark-gfm')
    cd /Users/runner/work/xiaodi/xiaodi/build/SourcePackages/checkouts/swift-cmark
    builtin-RegisterExecutionPolicyException /Users/runner/work/xiaodi/xiaodi/build/Build/Products/Release-iphoneos/cmark-gfm.o

Ld /Users/runner/work/xiaodi/xiaodi/build/Build/Products/Release-iphoneos/cmark-gfm-extensions.o normal (in target 'cmark-gfm-extensions' from project 'cmark-gfm')
    cd /Users/runner/work/xiaodi/xiaodi/build/SourcePackages/checkouts/swift-cmark
    /Applications/Xcode_26.3.app/Contents/Developer/Toolchains/XcodeDefault.xctoolchain/usr/bin/clang -Xlinker -reproducible -target arm64-apple-ios12.0 -r -isysroot /Applications/Xcode_26.3.app/Contents/Developer/Platforms/iPhoneOS.platform/Developer/SDKs/iPhoneOS26.2.sdk -Os -w -L/Users/runner/work/xiaodi/xiaodi/build/Build/Intermediates.noindex/EagerLinkingTBDs/Release-iphoneos -L/Users/runner/work/xiaodi/xiaodi/build/Build/Products/Release-iphoneos -L/Applications/Xcode_26.3.app/Contents/Developer/Platforms/iPhoneOS.platform/Developer/usr/lib -F/Users/runner/work/xiaodi/xiaodi/build/Build/Intermediates.noindex/EagerLinkingTBDs/Release-iphoneos -F/Users/runner/work/xiaodi/xiaodi/build/Build/Products/Release-iphoneos/PackageFrameworks -F/Users/runner/work/xiaodi/xiaodi/build/Build/Products/Release-iphoneos -iframework /Applications/Xcode_26.3.app/Contents/Developer/Platforms/iPhoneOS.platform/Developer/Library/Frameworks -iframework /Applications/Xcode_26.3.app/Contents/Developer/Platforms/iPhoneOS.platform/Developer/SDKs/iPhoneOS26.2.sdk/Developer/Library/Frameworks -filelist /Users/runner/work/xiaodi/xiaodi/build/Build/Intermediates.noindex/cmark-gfm.build/Release-iphoneos/cmark-gfm-extensions.build/Objects-normal/arm64/cmark-gfm-extensions.LinkFileList -nostdlib -Xlinker -object_path_lto -Xlinker /Users/runner/work/xiaodi/xiaodi/build/Build/Intermediates.noindex/cmark-gfm.build/Release-iphoneos/cmark-gfm-extensions.build/Objects-normal/arm64/cmark-gfm-extensions_lto.o -Xlinker -dependency_info -Xlinker /Users/runner/work/xiaodi/xiaodi/build/Build/Intermediates.noindex/cmark-gfm.build/Release-iphoneos/cmark-gfm-extensions.build/Objects-normal/arm64/cmark-gfm-extensions_dependency_info.dat -o /Users/runner/work/xiaodi/xiaodi/build/Build/Products/Release-iphoneos/cmark-gfm-extensions.o

SwiftExplicitDependencyGeneratePcm arm64 /Users/runner/work/xiaodi/xiaodi/build/ModuleCache.noindex/CoreFoundation-DKCTN7LPAMU5WNWANDDGT6HEH.pcm

SwiftExplicitDependencyGeneratePcm arm64 /Users/runner/work/xiaodi/xiaodi/build/ModuleCache.noindex/XPC-76BJX950QYM7R7URUMI8IQN6P.pcm

SwiftExplicitDependencyGeneratePcm arm64 /Users/runner/work/xiaodi/xiaodi/build/ModuleCache.noindex/os-CNUC9DVEGY88Q20W1FR37T2Q7.pcm

SwiftExplicitDependencyGeneratePcm arm64 /Users/runner/work/xiaodi/xiaodi/build/ModuleCache.noindex/CoreGraphics-YZHVQD2YGAJXQW3L132EN6D3.pcm

SwiftExplicitDependencyGeneratePcm arm64 /Users/runner/work/xiaodi/xiaodi/build/ModuleCache.noindex/CFNetwork-6DQ4E8MXHBMPXYB1DFTFFCZ84.pcm

SwiftExplicitDependencyGeneratePcm arm64 /Users/runner/work/xiaodi/xiaodi/build/ModuleCache.noindex/Security-209AWMQIPD7CNCTQANZPPU1HQ.pcm

SwiftExplicitDependencyGeneratePcm arm64 /Users/runner/work/xiaodi/xiaodi/build/ModuleCache.noindex/ImageIO-APDDG7NL0N4R8HKX7KJCF7VOI.pcm

SwiftExplicitDependencyGeneratePcm arm64 /Users/runner/work/xiaodi/xiaodi/build/ModuleCache.noindex/CoreText-CJF6GM3RP5FDL8HFCUZ6RG7Y9.pcm

SwiftExplicitDependencyGeneratePcm arm64 /Users/runner/work/xiaodi/xiaodi/build/ModuleCache.noindex/Foundation-7RM4KAZ7OOA01YZMTYB0EHOWL.pcm

ExtractAppIntentsMetadata (in target 'AgentLiveActivityWidget' from project 'DeepSeekHarnessMobile')
    cd /Users/runner/work/xiaodi/xiaodi
    /Applications/Xcode_26.3.app/Contents/Developer/Toolchains/XcodeDefault.xctoolchain/usr/bin/appintentsmetadataprocessor --toolchain-dir /var/run/com.apple.security.cryptexd/mnt/com.apple.MobileAsset.MetalToolchain-v17.3.7003.10.uBWVVm/Metal.xctoolchain --module-name AgentLiveActivityWidget --sdk-root /Applications/Xcode_26.3.app/Contents/Developer/Platforms/iPhoneOS.platform/Developer/SDKs/iPhoneOS26.2.sdk --xcode-version 17C529 --platform-family iOS --deployment-target 17.0 --bundle-identifier com.clark.dshmobile.AgentLiveActivityWidget --output /Users/runner/work/xiaodi/xiaodi/build/Build/Products/Release-iphoneos/AgentLiveActivityWidget.appex --target-triple arm64-apple-ios17.0 --binary-file /Users/runner/work/xiaodi/xiaodi/build/Build/Products/Release-iphoneos/AgentLiveActivityWidget.appex/AgentLiveActivityWidget --dependency-file /Users/runner/work/xiaodi/xiaodi/build/Build/Intermediates.noindex/DeepSeekHarnessMobile.build/Release-iphoneos/AgentLiveActivityWidget.build/Objects-normal/arm64/AgentLiveActivityWidget_dependency_info.dat --stringsdata-file /Users/runner/work/xiaodi/xiaodi/build/Build/Intermediates.noindex/DeepSeekHarnessMobile.build/Release-iphoneos/AgentLiveActivityWidget.build/Objects-normal/arm64/ExtractedAppShortcutsMetadata.stringsdata --source-file-list /Users/runner/work/xiaodi/xiaodi/build/Build/Intermediates.noindex/DeepSeekHarnessMobile.build/Release-iphoneos/AgentLiveActivityWidget.build/Objects-normal/arm64/AgentLiveActivityWidget.SwiftFileList --metadata-file-list /Users/runner/work/xiaodi/xiaodi/build/Build/Intermediates.noindex/DeepSeekHarnessMobile.build/Release-iphoneos/AgentLiveActivityWidget.build/AgentLiveActivityWidget.DependencyMetadataFileList --static-metadata-file-list /Users/runner/work/xiaodi/xiaodi/build/Build/Intermediates.noindex/DeepSeekHarnessMobile.build/Release-iphoneos/AgentLiveActivityWidget.build/AgentLiveActivityWidget.DependencyStaticMetadataFileList --swift-const-vals-list /Users/runner/work/xiaodi/xiaodi/build/Build/Intermediates.noindex/DeepSeekHarnessMobile.build/Release-iphoneos/AgentLiveActivityWidget.build/Objects-normal/arm64/AgentLiveActivityWidget.SwiftConstValuesFileList --compile-time-extraction --deployment-aware-processing --validate-assistant-intents --no-app-shortcuts-localization
2026-10-09 07:56:20.094 appintentsmetadataprocessor[7098:24213] Starting appintentsmetadataprocessor export
2026-10-09 07:56:20.496 appintentsmetadataprocessor[7098:24213] Writing Metadata.appintents
2026-10-09 07:56:20.497 appintentsmetadataprocessor[7098:24213] Metadata root: /Users/runner/work/xiaodi/xiaodi/build/Build/Products/Release-iphoneos/AgentLiveActivityWidget.appex/Metadata.appintents

AppIntentsSSUTraining (in target 'AgentLiveActivityWidget' from project 'DeepSeekHarnessMobile')
    cd /Users/runner/work/xiaodi/xiaodi
    /Applications/Xcode_26.3.app/Contents/Developer/Toolchains/XcodeDefault.xctoolchain/usr/bin/appintentsnltrainingprocessor --infoplist-path /Users/runner/work/xiaodi/xiaodi/build/Build/Products/Release-iphoneos/AgentLiveActivityWidget.appex/Info.plist --temp-dir-path /Users/runner/work/xiaodi/xiaodi/build/Build/Intermediates.noindex/DeepSeekHarnessMobile.build/Release-iphoneos/AgentLiveActivityWidget.build/ssu --bundle-id com.clark.dshmobile.AgentLiveActivityWidget --product-path /Users/runner/work/xiaodi/xiaodi/build/Build/Products/Release-iphoneos/AgentLiveActivityWidget.appex --extracted-metadata-path /Users/runner/work/xiaodi/xiaodi/build/Build/Products/Release-iphoneos/AgentLiveActivityWidget.appex/Metadata.appintents --metadata-file-list /Users/runner/work/xiaodi/xiaodi/build/Build/Intermediates.noindex/DeepSeekHarnessMobile.build/Release-iphoneos/AgentLiveActivityWidget.build/AgentLiveActivityWidget.DependencyMetadataFileList --archive-ssu-assets
2026-10-09 07:56:20.542 appintentsnltrainingprocessor[7151:24326] Parsing options for appintentsnltrainingprocessor
2026-10-09 07:56:20.545 appintentsnltrainingprocessor[7151:24326] Starting AppIntents SSU YAML Generation
2026-10-09 07:56:20.559 appintentsnltrainingprocessor[7151:24326] No AppShortcuts found - Skipping.

RegisterExecutionPolicyException /Users/runner/work/xiaodi/xiaodi/build/Build/Products/Release-iphoneos/NetworkImage.o (in target 'NetworkImage' from project 'NetworkImage')
    cd /Users/runner/work/xiaodi/xiaodi/build/SourcePackages/checkouts/NetworkImage
    builtin-RegisterExecutionPolicyException /Users/runner/work/xiaodi/xiaodi/build/Build/Products/Release-iphoneos/NetworkImage.o

RegisterExecutionPolicyException /Users/runner/work/xiaodi/xiaodi/build/Build/Products/Release-iphoneos/cmark-gfm-extensions.o (in target 'cmark-gfm-extensions' from project 'cmark-gfm')
    cd /Users/runner/work/xiaodi/xiaodi/build/SourcePackages/checkouts/swift-cmark
    builtin-RegisterExecutionPolicyException /Users/runner/work/xiaodi/xiaodi/build/Build/Products/Release-iphoneos/cmark-gfm-extensions.o

RegisterExecutionPolicyException /Users/runner/work/xiaodi/xiaodi/build/Build/Products/Release-iphoneos/AgentLiveActivityWidget.appex (in target 'AgentLiveActivityWidget' from project 'DeepSeekHarnessMobile')
    cd /Users/runner/work/xiaodi/xiaodi
    builtin-RegisterExecutionPolicyException /Users/runner/work/xiaodi/xiaodi/build/Build/Products/Release-iphoneos/AgentLiveActivityWidget.appex

Touch /Users/runner/work/xiaodi/xiaodi/build/Build/Products/Release-iphoneos/AgentLiveActivityWidget.appex (in target 'AgentLiveActivityWidget' from project 'DeepSeekHarnessMobile')
    cd /Users/runner/work/xiaodi/xiaodi
    /usr/bin/touch -c /Users/runner/work/xiaodi/xiaodi/build/Build/Products/Release-iphoneos/AgentLiveActivityWidget.appex

SwiftExplicitDependencyGeneratePcm arm64 /Users/runner/work/xiaodi/xiaodi/build/ModuleCache.noindex/FileProvider-BLT8MX9356WKB1IJNMIUZVM7T.pcm

SwiftExplicitDependencyGeneratePcm arm64 /Users/runner/work/xiaodi/xiaodi/build/ModuleCache.noindex/OSLog-1PXB4JHKC4CPLE4FROGJWMWCX.pcm

SwiftExplicitDependencyGeneratePcm arm64 /Users/runner/work/xiaodi/xiaodi/build/ModuleCache.noindex/Accessibility-138SV7HQUOSJTPPOM8SVIR7VI.pcm

SwiftExplicitDependencyGeneratePcm arm64 /Users/runner/work/xiaodi/xiaodi/build/ModuleCache.noindex/UserNotifications-2I56UY57FMO0SL74CBMB37348.pcm

SwiftExplicitDependencyGeneratePcm arm64 /Users/runner/work/xiaodi/xiaodi/build/ModuleCache.noindex/CoreTransferable-CJLM9UD92LWVZ2EW5UVGOF7UL.pcm

SwiftExplicitDependencyGeneratePcm arm64 /Users/runner/work/xiaodi/xiaodi/build/ModuleCache.noindex/DataDetection-A18DIZM26CXJ270PTUIR6YFMC.pcm

SwiftExplicitDependencyGeneratePcm arm64 /Users/runner/work/xiaodi/xiaodi/build/ModuleCache.noindex/CoreData-674GXLI3S10O47YKUITBA7FGK.pcm

SwiftExplicitDependencyGeneratePcm arm64 /Users/runner/work/xiaodi/xiaodi/build/ModuleCache.noindex/UniformTypeIdentifiers-618DFKC29EE40I1QTXFJTZIKG.pcm

SwiftExplicitDependencyGeneratePcm arm64 /Users/runner/work/xiaodi/xiaodi/build/ModuleCache.noindex/UIUtilities-B7MDD69V3XH7I63Q6G65361NF.pcm

SwiftExplicitDependencyGeneratePcm arm64 /Users/runner/work/xiaodi/xiaodi/build/ModuleCache.noindex/Symbols-BCZSSSMIM9UO6J1GXADJCGI4F.pcm

SwiftExplicitDependencyGeneratePcm arm64 /Users/runner/work/xiaodi/xiaodi/build/ModuleCache.noindex/IOSurface-8OP0YU02L1LKL56A0CULNFF6V.pcm

SwiftExplicitDependencyGeneratePcm arm64 /Users/runner/work/xiaodi/xiaodi/build/ModuleCache.noindex/OpenGLES-3DCJY97Z811NMMXNHBR59Z3K3.pcm

SwiftExplicitDependencyGeneratePcm arm64 /Users/runner/work/xiaodi/xiaodi/build/ModuleCache.noindex/Metal-4LD052J31ITUFVRLQVX3RHBHM.pcm

SwiftExplicitDependencyGeneratePcm arm64 /Users/runner/work/xiaodi/xiaodi/build/ModuleCache.noindex/CoreVideo-6NOA8LN4MEGNR89OIZA15IZW.pcm

SwiftExplicitDependencyGeneratePcm arm64 /Users/runner/work/xiaodi/xiaodi/build/ModuleCache.noindex/CoreImage-46XBZM6OC4LPM13BWPG7Z26UQ.pcm

SwiftExplicitDependencyGeneratePcm arm64 /Users/runner/work/xiaodi/xiaodi/build/ModuleCache.noindex/QuartzCore-E5WL3C9WG4BTJ8UOWA99J6SMA.pcm

SwiftExplicitDependencyGeneratePcm arm64 /Users/runner/work/xiaodi/xiaodi/build/ModuleCache.noindex/SwiftUICore-2VBIATGEMMWED6SY7CCQAUF6X.pcm

SwiftExplicitDependencyGeneratePcm arm64 /Users/runner/work/xiaodi/xiaodi/build/ModuleCache.noindex/UIKit-4PIY59GYB2Y6VIH7DMVRCGCF8.pcm

SwiftExplicitDependencyGeneratePcm arm64 /Users/runner/work/xiaodi/xiaodi/build/ModuleCache.noindex/SwiftUI-26J7WDWTJNPALWIODSHLEZ6UT.pcm

SwiftCompile normal arm64 Compiling\ Blockquote.swift,\ BulletedList.swift,\ CodeBlock.swift,\ Heading.swift,\ ListContentBuilder.swift,\ ListItem.swift,\ MarkdownContent.swift,\ MarkdownContentBuilder.swift,\ NumberedList.swift,\ Paragraph.swift,\ TaskList.swift,\ TaskListContentBuilder.swift,\ TaskListItem.swift,\ TextTable.swift,\ TextTableColumn.swift,\ TextTableColumnAlignment.swift,\ TextTableColumnBuilder.swift,\ TextTableRow.swift,\ TextTableRowBuilder.swift,\ ThematicBreak.swift,\ Code.swift,\ Emphasis.swift,\ InlineContent.swift,\ InlineContentBuilder.swift,\ InlineImage.swift,\ InlineLink.swift,\ LineBreak.swift,\ SoftBreak.swift,\ Strikethrough.swift,\ Strong.swift,\ AssetImageProvider.swift,\ AssetInlineImageProvider.swift,\ CodeSyntaxHighlighter.swift,\ DefaultImageProvider.swift,\ DefaultInlineImageProvider.swift,\ ImageProvider.swift,\ InlineImageProvider.swift,\ BlockNode+Rewrite.swift,\ BlockNode.swift,\ HTMLTag.swift,\ InlineNode+Collect.swift,\ InlineNode+Rewrite.swift,\ InlineNode.swift,\ MarkdownParser.swift,\ AttributedStringInlineRenderer.swift,\ InlineTextStyles.swift,\ TextInlineRenderer.swift,\ BlockConfiguration.swift,\ BlockStyle.swift,\ CodeBlockConfiguration.swift,\ ListBullet.swift,\ ListMarkerConfiguration.swift,\ TableBackgroundStyle.swift,\ TableBorderStyle.swift,\ TableCellConfiguration.swift,\ TaskListMarkerConfiguration.swift,\ BackgroundColor.swift,\ EmptyTextStyle.swift,\ Font+FontProperties.swift,\ FontCapsVariant.swift,\ FontDigitVariant.swift,\ FontFamily.swift,\ FontFamilyVariant.swift,\ FontProperties.swift,\ FontPropertiesAttribute.swift,\ FontSize.swift,\ FontStyle.swift,\ FontWeight.swift,\ FontWidth.swift,\ ForegroundColor.swift,\ StrikethroughStyle.swift,\ TextKerning.swift,\ TextTracking.swift,\ UnderlineStyle.swift,\ TextStyle.swift,\ TextStyleBuilder.swift,\ Theme+Basic.swift,\ Theme+DocC.swift,\ Theme+GitHub.swift,\ Theme.swift,\ BlockNode+ColorSchemeImage.swift,\ Color+RGBA.swift,\ Deprecations.swift,\ FlowLayout.swift,\ Indexed.swift,\ InlineNode+PlainText.swift,\ InlineNode+RawImageData.swift,\ Int+Roman.swift,\ RelativeSize.swift,\ ResizeToFit.swift,\ String+KebabCase.swift,\ BlockMargin.swift,\ BlockNode+View.swift,\ BlockSequence.swift,\ BlockquoteView.swift,\ BulletedListView.swift,\ CodeBlockView.swift,\ ColumnWidthPreference.swift,\ HeadingView.swift,\ ImageFlow.swift,\ ListItemSequence.swift,\ ListItemView.swift,\ NumberedListView.swift,\ ParagraphView.swift,\ TableBackgroundView.swift,\ TableBorderSelector.swift,\ TableBorderView.swift,\ TableBounds.swift,\ TableCell.swift,\ TableView.swift,\ TaskListItemView.swift,\ TaskListView.swift,\ TextStyleAttributesReader.swift,\ ThematicBreakView.swift,\ Environment+BaseURL.swift,\ Environment+CodeSyntaxHighlighter.swift,\ Environment+ImageProvider.swift,\ Environment+InlineImageProvider.swift,\ Environment+List.swift,\ Environment+SoftBreakMode.swift,\ Environment+Table.swift,\ Environment+TextStyle.swift,\ Environment+Theme.swift,\ ImageView.swift,\ InlineText.swift,\ Markdown.swift /Users/runner/work/xiaodi/xiaodi/Vendor/swift-markdown-ui/Sources/MarkdownUI/DSL/Blocks/Blockquote.swift /Users/runner/work/xiaodi/xiaodi/Vendor/swift-markdown-ui/Sources/MarkdownUI/DSL/Blocks/BulletedList.swift /Users/runner/work/xiaodi/xiaodi/Vendor/swift-markdown-ui/Sources/MarkdownUI/DSL/Blocks/CodeBlock.swift /Users/runner/work/xiaodi/xiaodi/Vendor/swift-markdown-ui/Sources/MarkdownUI/DSL/Blocks/Heading.swift /Users/runner/work/xiaodi/xiaodi/Vendor/swift-markdown-ui/Sources/MarkdownUI/DSL/Blocks/ListContentBuilder.swift /Users/runner/work/xiaodi/xiaodi/Vendor/swift-markdown-ui/Sources/MarkdownUI/DSL/Blocks/ListItem.swift /Users/runner/work/xiaodi/xiaodi/Vendor/swift-markdown-ui/Sources/MarkdownUI/DSL/Blocks/MarkdownContent.swift /Users/runner/work/xiaodi/xiaodi/Vendor/swift-markdown-ui/Sources/MarkdownUI/DSL/Blocks/MarkdownContentBuilder.swift /Users/runner/work/xiaodi/xiaodi/Vendor/swift-markdown-ui/Sources/MarkdownUI/DSL/Blocks/NumberedList.swift /Users/runner/work/xiaodi/xiaodi/Vendor/swift-markdown-ui/Sources/MarkdownUI/DSL/Blocks/Paragraph.swift /Users/runner/work/xiaodi/xiaodi/Vendor/swift-markdown-ui/Sources/MarkdownUI/DSL/Blocks/TaskList.swift /Users/runner/work/xiaodi/xiaodi/Vendor/swift-markdown-ui/Sources/MarkdownUI/DSL/Blocks/TaskListContentBuilder.swift /Users/runner/work/xiaodi/xiaodi/Vendor/swift-markdown-ui/Sources/MarkdownUI/DSL/Blocks/TaskListItem.swift /Users/runner/work/xiaodi/xiaodi/Vendor/swift-markdown-ui/Sources/MarkdownUI/DSL/Blocks/TextTable.swift /Users/runner/work/xiaodi/xiaodi/Vendor/swift-markdown-ui/Sources/MarkdownUI/DSL/Blocks/TextTableColumn.swift /Users/runner/work/xiaodi/xiaodi/Vendor/swift-markdown-ui/Sources/MarkdownUI/DSL/Blocks/TextTableColumnAlignment.swift /Users/runner/work/xiaodi/xiaodi/Vendor/swift-markdown-ui/Sources/MarkdownUI/DSL/Blocks/TextTableColumnBuilder.swift /Users/runner/work/xiaodi/xiaodi/Vendor/swift-markdown-ui/Sources/MarkdownUI/DSL/Blocks/TextTableRow.swift /Users/runner/work/xiaodi/xiaodi/Vendor/swift-markdown-ui/Sources/MarkdownUI/DSL/Blocks/TextTableRowBuilder.swift /Users/runner/work/xiaodi/xiaodi/Vendor/swift-markdown-ui/Sources/MarkdownUI/DSL/Blocks/ThematicBreak.swift /Users/runner/work/xiaodi/xiaodi/Vendor/swift-markdown-ui/Sources/MarkdownUI/DSL/Inlines/Code.swift /Users/runner/work/xiaodi/xiaodi/Vendor/swift-markdown-ui/Sources/MarkdownUI/DSL/Inlines/Emphasis.swift /Users/runner/work/xiaodi/xiaodi/Vendor/swift-markdown-ui/Sources/MarkdownUI/DSL/Inlines/InlineContent.swift /Users/runner/work/xiaodi/xiaodi/Vendor/swift-markdown-ui/Sources/MarkdownUI/DSL/Inlines/InlineContentBuilder.swift /Users/runner/work/xiaodi/xiaodi/Vendor/swift-markdown-ui/Sources/MarkdownUI/DSL/Inlines/InlineImage.swift /Users/runner/work/xiaodi/xiaodi/Vendor/swift-markdown-ui/Sources/MarkdownUI/DSL/Inlines/InlineLink.swift /Users/runner/work/xiaodi/xiaodi/Vendor/swift-markdown-ui/Sources/MarkdownUI/DSL/Inlines/LineBreak.swift /Users/runner/work/xiaodi/xiaodi/Vendor/swift-markdown-ui/Sources/MarkdownUI/DSL/Inlines/SoftBreak.swift /Users/runner/work/xiaodi/xiaodi/Vendor/swift-markdown-ui/Sources/MarkdownUI/DSL/Inlines/Strikethrough.swift /Users/runner/work/xiaodi/xiaodi/Vendor/swift-markdown-ui/Sources/MarkdownUI/DSL/Inlines/Strong.swift /Users/runner/work/xiaodi/xiaodi/Vendor/swift-markdown-ui/Sources/MarkdownUI/Extensibility/AssetImageProvider.swift /Users/runner/work/xiaodi/xiaodi/Vendor/swift-markdown-ui/Sources/MarkdownUI/Extensibility/AssetInlineImageProvider.swift /Users/runner/work/xiaodi/xiaodi/Vendor/swift-markdown-ui/Sources/MarkdownUI/Extensibility/CodeSyntaxHighlighter.swift /Users/runner/work/xiaodi/xiaodi/Vendor/swift-markdown-ui/Sources/MarkdownUI/Extensibility/DefaultImageProvider.swift /Users/runner/work/xiaodi/xiaodi/Vendor/swift-markdown-ui/Sources/MarkdownUI/Extensibility/DefaultInlineImageProvider.swift /Users/runner/work/xiaodi/xiaodi/Vendor/swift-markdown-ui/Sources/MarkdownUI/Extensibility/ImageProvider.swift /Users/runner/work/xiaodi/xiaodi/Vendor/swift-markdown-ui/Sources/MarkdownUI/Extensibility/InlineImageProvider.swift /Users/runner/work/xiaodi/xiaodi/Vendor/swift-markdown-ui/Sources/MarkdownUI/Parser/BlockNode+Rewrite.swift /Users/runner/work/xiaodi/xiaodi/Vendor/swift-markdown-ui/Sources/MarkdownUI/Parser/BlockNode.swift /Users/runner/work/xiaodi/xiaodi/Vendor/swift-markdown-ui/Sources/MarkdownUI/Parser/HTMLTag.swift /Users/runner/work/xiaodi/xiaodi/Vendor/swift-markdown-ui/Sources/MarkdownUI/Parser/InlineNode+Collect.swift /Users/runner/work/xiaodi/xiaodi/Vendor/swift-markdown-ui/Sources/MarkdownUI/Parser/InlineNode+Rewrite.swift /Users/runner/work/xiaodi/xiaodi/Vendor/swift-markdown-ui/Sources/MarkdownUI/Parser/InlineNode.swift /Users/runner/work/xiaodi/xiaodi/Vendor/swift-markdown-ui/Sources/MarkdownUI/Parser/MarkdownParser.swift /Users/runner/work/xiaodi/xiaodi/Vendor/swift-markdown-ui/Sources/MarkdownUI/Renderer/AttributedStringInlineRenderer.swift /Users/runner/work/xiaodi/xiaodi/Vendor/swift-markdown-ui/Sources/MarkdownUI/Renderer/InlineTextStyles.swift /Users/runner/work/xiaodi/xiaodi/Vendor/swift-markdown-ui/Sources/MarkdownUI/Renderer/TextInlineRenderer.swift /Users/runner/work/xiaodi/xiaodi/Vendor/swift-markdown-ui/Sources/MarkdownUI/Theme/BlockStyle/BlockConfiguration.swift /Users/runner/work/xiaodi/xiaodi/Vendor/swift-markdown-ui/Sources/MarkdownUI/Theme/BlockStyle/BlockStyle.swift /Users/runner/work/xiaodi/xiaodi/Vendor/swift-markdown-ui/Sources/MarkdownUI/Theme/BlockStyle/CodeBlockConfiguration.swift /Users/runner/work/xiaodi/xiaodi/Vendor/swift-markdown-ui/Sources/MarkdownUI/Theme/BlockStyle/ListBullet.swift /Users/runner/work/xiaodi/xiaodi/Vendor/swift-markdown-ui/Sources/MarkdownUI/Theme/BlockStyle/ListMarkerConfiguration.swift /Users/runner/work/xiaodi/xiaodi/Vendor/swift-markdown-ui/Sources/MarkdownUI/Theme/BlockStyle/TableBackgroundStyle.swift /Users/runner/work/xiaodi/xiaodi/Vendor/swift-markdown-ui/Sources/MarkdownUI/Theme/BlockStyle/TableBorderStyle.swift /Users/runner/work/xiaodi/xiaodi/Vendor/swift-markdown-ui/Sources/MarkdownUI/Theme/BlockStyle/TableCellConfiguration.swift /Users/runner/work/xiaodi/xiaodi/Vendor/swift-markdown-ui/Sources/MarkdownUI/Theme/BlockStyle/TaskListMarkerConfiguration.swift /Users/runner/work/xiaodi/xiaodi/Vendor/swift-markdown-ui/Sources/MarkdownUI/Theme/TextStyle/Styles/BackgroundColor.swift /Users/runner/work/xiaodi/xiaodi/Vendor/swift-markdown-ui/Sources/MarkdownUI/Theme/TextStyle/Styles/EmptyTextStyle.swift /Users/runner/work/xiaodi/xiaodi/Vendor/swift-markdown-ui/Sources/MarkdownUI/Theme/TextStyle/Styles/Font+FontProperties.swift /Users/runner/work/xiaodi/xiaodi/Vendor/swift-markdown-ui/Sources/MarkdownUI/Theme/TextStyle/Styles/FontCapsVariant.swift /Users/runner/work/xiaodi/xiaodi/Vendor/swift-markdown-ui/Sources/MarkdownUI/Theme/TextStyle/Styles/FontDigitVariant.swift /Users/runner/work/xiaodi/xiaodi/Vendor/swift-markdown-ui/Sources/MarkdownUI/Theme/TextStyle/Styles/FontFamily.swift /Users/runner/work/xiaodi/xiaodi/Vendor/swift-markdown-ui/Sources/MarkdownUI/Theme/TextStyle/Styles/FontFamilyVariant.swift /Users/runner/work/xiaodi/xiaodi/Vendor/swift-markdown-ui/Sources/MarkdownUI/Theme/TextStyle/Styles/FontProperties.swift /Users/runner/work/xiaodi/xiaodi/Vendor/swift-markdown-ui/Sources/MarkdownUI/Theme/TextStyle/Styles/FontPropertiesAttribute.swift /Users/runner/work/xiaodi/xiaodi/Vendor/swift-markdown-ui/Sources/MarkdownUI/Theme/TextStyle/Styles/FontSize.swift /Users/runner/work/xiaodi/xiaodi/Vendor/swift-markdown-ui/Sources/MarkdownUI/Theme/TextStyle/Styles/FontStyle.swift /Users/runner/work/xiaodi/xiaodi/Vendor/swift-markdown-ui/Sources/MarkdownUI/Theme/TextStyle/Styles/FontWeight.swift /Users/runner/work/xiaodi/xiaodi/Vendor/swift-markdown-ui/Sources/MarkdownUI/Theme/TextStyle/Styles/FontWidth.swift /Users/runner/work/xiaodi/xiaodi/Vendor/swift-markdown-ui/Sources/MarkdownUI/Theme/TextStyle/Styles/ForegroundColor.swift /Users/runner/work/xiaodi/xiaodi/Vendor/swift-markdown-ui/Sources/MarkdownUI/Theme/TextStyle/Styles/StrikethroughStyle.swift /Users/runner/work/xiaodi/xiaodi/Vendor/swift-markdown-ui/Sources/MarkdownUI/Theme/TextStyle/Styles/TextKerning.swift /Users/runner/work/xiaodi/xiaodi/Vendor/swift-markdown-ui/Sources/MarkdownUI/Theme/TextStyle/Styles/TextTracking.swift /Users/runner/work/xiaodi/xiaodi/Vendor/swift-markdown-ui/Sources/MarkdownUI/Theme/TextStyle/Styles/UnderlineStyle.swift /Users/runner/work/xiaodi/xiaodi/Vendor/swift-markdown-ui/Sources/MarkdownUI/Theme/TextStyle/TextStyle.swift /Users/runner/work/xiaodi/xiaodi/Vendor/swift-markdown-ui/Sources/MarkdownUI/Theme/TextStyle/TextStyleBuilder.swift /Users/runner/work/xiaodi/xiaodi/Vendor/swift-markdown-ui/Sources/MarkdownUI/Theme/Theme+Basic.swift /Users/runner/work/xiaodi/xiaodi/Vendor/swift-markdown-ui/Sources/MarkdownUI/Theme/Theme+DocC.swift /Users/runner/work/xiaodi/xiaodi/Vendor/swift-markdown-ui/Sources/MarkdownUI/Theme/Theme+GitHub.swift /Users/runner/work/xiaodi/xiaodi/Vendor/swift-markdown-ui/Sources/MarkdownUI/Theme/Theme.swift /Users/runner/work/xiaodi/xiaodi/Vendor/swift-markdown-ui/Sources/MarkdownUI/Utility/BlockNode+ColorSchemeImage.swift /Users/runner/work/xiaodi/xiaodi/Vendor/swift-markdown-ui/Sources/MarkdownUI/Utility/Color+RGBA.swift /Users/runner/work/xiaodi/xiaodi/Vendor/swift-markdown-ui/Sources/MarkdownUI/Utility/Deprecations.swift /Users/runner/work/xiaodi/xiaodi/Vendor/swift-markdown-ui/Sources/MarkdownUI/Utility/FlowLayout.swift /Users/runner/work/xiaodi/xiaodi/Vendor/swift-markdown-ui/Sources/MarkdownUI/Utility/Indexed.swift /Users/runner/work/xiaodi/xiaodi/Vendor/swift-markdown-ui/Sources/MarkdownUI/Utility/InlineNode+PlainText.swift /Users/runner/work/xiaodi/xiaodi/Vendor/swift-markdown-ui/Sources/MarkdownUI/Utility/InlineNode+RawImageData.swift /Users/runner/work/xiaodi/xiaodi/Vendor/swift-markdown-ui/Sources/MarkdownUI/Utility/Int+Roman.swift /Users/runner/work/xiaodi/xiaodi/Vendor/swift-markdown-ui/Sources/MarkdownUI/Utility/RelativeSize.swift /Users/runner/work/xiaodi/xiaodi/Vendor/swift-markdown-ui/Sources/MarkdownUI/Utility/ResizeToFit.swift /Users/runner/work/xiaodi/xiaodi/Vendor/swift-markdown-ui/Sources/MarkdownUI/Utility/String+KebabCase.swift /Users/runner/work/xiaodi/xiaodi/Vendor/swift-markdown-ui/Sources/MarkdownUI/Views/Blocks/BlockMargin.swift /Users/runner/work/xiaodi/xiaodi/Vendor/swift-markdown-ui/Sources/MarkdownUI/Views/Blocks/BlockNode+View.swift /Users/runner/work/xiaodi/xiaodi/Vendor/swift-markdown-ui/Sources/MarkdownUI/Views/Blocks/BlockSequence.swift /Users/runner/work/xiaodi/xiaodi/Vendor/swift-markdown-ui/Sources/MarkdownUI/Views/Blocks/BlockquoteView.swift /Users/runner/work/xiaodi/xiaodi/Vendor/swift-markdown-ui/Sources/MarkdownUI/Views/Blocks/BulletedListView.swift /Users/runner/work/xiaodi/xiaodi/Vendor/swift-markdown-ui/Sources/MarkdownUI/Views/Blocks/CodeBlockView.swift /Users/runner/work/xiaodi/xiaodi/Vendor/swift-markdown-ui/Sources/MarkdownUI/Views/Blocks/ColumnWidthPreference.swift /Users/runner/work/xiaodi/xiaodi/Vendor/swift-markdown-ui/Sources/MarkdownUI/Views/Blocks/HeadingView.swift /Users/runner/work/xiaodi/xiaodi/Vendor/swift-markdown-ui/Sources/MarkdownUI/Views/Blocks/ImageFlow.swift /Users/runner/work/xiaodi/xiaodi/Vendor/swift-markdown-ui/Sources/MarkdownUI/Views/Blocks/ListItemSequence.swift /Users/runner/work/xiaodi/xiaodi/Vendor/swift-markdown-ui/Sources/MarkdownUI/Views/Blocks/ListItemView.swift /Users/runner/work/xiaodi/xiaodi/Vendor/swift-markdown-ui/Sources/MarkdownUI/Views/Blocks/NumberedListView.swift /Users/runner/work/xiaodi/xiaodi/Vendor/swift-markdown-ui/Sources/MarkdownUI/Views/Blocks/ParagraphView.swift /Users/runner/work/xiaodi/xiaodi/Vendor/swift-markdown-ui/Sources/MarkdownUI/Views/Blocks/TableBackgroundView.swift /Users/runner/work/xiaodi/xiaodi/Vendor/swift-markdown-ui/Sources/MarkdownUI/Views/Blocks/TableBorderSelector.swift /Users/runner/work/xiaodi/xiaodi/Vendor/swift-markdown-ui/Sources/MarkdownUI/Views/Blocks/TableBorderView.swift /Users/runner/work/xiaodi/xiaodi/Vendor/swift-markdown-ui/Sources/MarkdownUI/Views/Blocks/TableBounds.swift /Users/runner/work/xiaodi/xiaodi/Vendor/swift-markdown-ui/Sources/MarkdownUI/Views/Blocks/TableCell.swift /Users/runner/work/xiaodi/xiaodi/Vendor/swift-markdown-ui/Sources/MarkdownUI/Views/Blocks/TableView.swift /Users/runner/work/xiaodi/xiaodi/Vendor/swift-markdown-ui/Sources/MarkdownUI/Views/Blocks/TaskListItemView.swift /Users/runner/work/xiaodi/xiaodi/Vendor/swift-markdown-ui/Sources/MarkdownUI/Views/Blocks/TaskListView.swift /Users/runner/work/xiaodi/xiaodi/Vendor/swift-markdown-ui/Sources/MarkdownUI/Views/Blocks/TextStyleAttributesReader.swift /Users/runner/work/xiaodi/xiaodi/Vendor/swift-markdown-ui/Sources/MarkdownUI/Views/Blocks/ThematicBreakView.swift /Users/runner/work/xiaodi/xiaodi/Vendor/swift-markdown-ui/Sources/MarkdownUI/Views/Environment/Environment+BaseURL.swift /Users/runner/work/xiaodi/xiaodi/Vendor/swift-markdown-ui/Sources/MarkdownUI/Views/Environment/Environment+CodeSyntaxHighlighter.swift /Users/runner/work/xiaodi/xiaodi/Vendor/swift-markdown-ui/Sources/MarkdownUI/Views/Environment/Environment+ImageProvider.swift /Users/runner/work/xiaodi/xiaodi/Vendor/swift-markdown-ui/Sources/MarkdownUI/Views/Environment/Environment+InlineImageProvider.swift /Users/runner/work/xiaodi/xiaodi/Vendor/swift-markdown-ui/Sources/MarkdownUI/Views/Environment/Environment+List.swift /Users/runner/work/xiaodi/xiaodi/Vendor/swift-markdown-ui/Sources/MarkdownUI/Views/Environment/Environment+SoftBreakMode.swift /Users/runner/work/xiaodi/xiaodi/Vendor/swift-markdown-ui/Sources/MarkdownUI/Views/Environment/Environment+Table.swift /Users/runner/work/xiaodi/xiaodi/Vendor/swift-markdown-ui/Sources/MarkdownUI/Views/Environment/Environment+TextStyle.swift /Users/runner/work/xiaodi/xiaodi/Vendor/swift-markdown-ui/Sources/MarkdownUI/Views/Environment/Environment+Theme.swift /Users/runner/work/xiaodi/xiaodi/Vendor/swift-markdown-ui/Sources/MarkdownUI/Views/Inlines/ImageView.swift /Users/runner/work/xiaodi/xiaodi/Vendor/swift-markdown-ui/Sources/MarkdownUI/Views/Inlines/InlineText.swift /Users/runner/work/xiaodi/xiaodi/Vendor/swift-markdown-ui/Sources/MarkdownUI/Views/Markdown.swift /Users/runner/work/xiaodi/xiaodi/build/Build/Products/Release-iphoneos/NetworkImage.swiftmodule/arm64-apple-ios.swiftmodule /Applications/Xcode_26.3.app/Contents/Developer/Toolchains/XcodeDefault.xctoolchain/usr/lib/swift/iphoneos/prebuilt-modules/26.2/_StringProcessing.swiftmodule/arm64e-apple-ios.swiftmodule /Applications/Xcode_26.3.app/Contents/Developer/Toolchains/XcodeDefault.xctoolchain/usr/lib/swift/iphoneos/prebuilt-modules/26.2/CoreTransferable.swiftmodule/arm64e-apple-ios.swiftmodule /Applications/Xcode_26.3.app/Contents/Developer/Toolchains/XcodeDefault.xctoolchain/usr/lib/swift/iphoneos/prebuilt-modules/26.2/_Builtin_float.swiftmodule/arm64e-apple-ios.swiftmodule /Applications/Xcode_26.3.app/Contents/Developer/Toolchains/XcodeDefault.xctoolchain/usr/lib/swift/iphoneos/prebuilt-modules/26.2/ObjectiveC.swiftmodule/arm64e-apple-ios.swiftmodule /Applications/Xcode_26.3.app/Contents/Developer/Toolchains/XcodeDefault.xctoolchain/usr/lib/swift/iphoneos/prebuilt-modules/26.2/SwiftUI.swiftmodule/arm64e-apple-ios.swiftmodule /Applications/Xcode_26.3.app/Contents/Developer/Toolchains/XcodeDefault.xctoolchain/usr/lib/swift/iphoneos/prebuilt-modules/26.2/Metal.swiftmodule/arm64e-apple-ios.swiftmodule /Applications/Xcode_26.3.app/Contents/Developer/Toolchains/XcodeDefault.xctoolchain/usr/lib/swift/iphoneos/prebuilt-modules/26.2/_DarwinFoundation3.swiftmodule/arm64e-apple-ios.swiftmodule /Applications/Xcode_26.3.app/Contents/Developer/Toolchains/XcodeDefault.xctoolchain/usr/lib/swift/iphoneos/prebuilt-modules/26.2/CoreData.swiftmodule/arm64e-apple-ios.swiftmodule /Applications/Xcode_26.3.app/Contents/Developer/Toolchains/XcodeDefault.xctoolchain/usr/lib/swift/iphoneos/prebuilt-modules/26.2/Accessibility.swiftmodule/arm64e-apple-ios.swiftmodule /Applications/Xcode_26.3.app/Contents/Developer/Toolchains/XcodeDefault.xctoolchain/usr/lib/swift/iphoneos/prebuilt-modules/26.2/_Concurrency.swiftmodule/arm64e-apple-ios.swiftmodule /Applications/Xcode_26.3.app/Contents/Developer/Toolchains/XcodeDefault.xctoolchain/usr/lib/swift/iphoneos/prebuilt-modules/26.2/UniformTypeIdentifiers.swiftmodule/arm64e-apple-ios.swiftmodule /Applications/Xcode_26.3.app/Contents/Developer/Toolchains/XcodeDefault.xctoolchain/usr/lib/swift/iphoneos/prebuilt-modules/26.2/Spatial.swiftmodule/arm64e-apple-ios.swiftmodule /Applications/Xcode_26.3.app/Contents/Developer/Toolchains/XcodeDefault.xctoolchain/usr/lib/swift/iphoneos/prebuilt-modules/26.2/UIKit.swiftmodule/arm64e-apple-ios.swiftmodule /Applications/Xcode_26.3.app/Contents/Developer/Toolchains/XcodeDefault.xctoolchain/usr/lib/swift/iphoneos/prebuilt-modules/26.2/Symbols.swiftmodule/arm64e-apple-ios.swiftmodule /Applications/Xcode_26.3.app/Contents/Developer/Toolchains/XcodeDefault.xctoolchain/usr/lib/swift/iphoneos/prebuilt-modules/26.2/simd.swiftmodule/arm64e-apple-ios.swiftmodule /Applications/Xcode_26.3.app/Contents/Developer/Toolchains/XcodeDefault.xctoolchain/usr/lib/swift/iphoneos/prebuilt-modules/26.2/QuartzCore.swiftmodule/arm64e-apple-ios.swiftmodule /Applications/Xcode_26.3.app/Contents/Developer/Toolchains/XcodeDefault.xctoolchain/usr/lib/swift/iphoneos/prebuilt-modules/26.2/CoreImage.swiftmodule/arm64e-apple-ios.swiftmodule /Applications/Xcode_26.3.app/Contents/Developer/Toolchains/XcodeDefault.xctoolchain/usr/lib/swift/iphoneos/prebuilt-modules/26.2/DeveloperToolsSupport.swiftmodule/arm64e-apple-ios.swiftmodule /Applications/Xcode_26.3.app/Contents/Developer/Toolchains/XcodeDefault.xctoolchain/usr/lib/swift/iphoneos/prebuilt-modules/26.2/CoreGraphics.swiftmodule/arm64e-apple-ios.swiftmodule /Applications/Xcode_26.3.app/Contents/Developer/Toolchains/XcodeDefault.xctoolchain/usr/lib/swift/iphoneos/prebuilt-modules/26.2/Swift.swiftmodule/arm64e-apple-ios.swiftmodule /Applications/Xcode_26.3.app/Contents/Developer/Toolchains/XcodeDefault.xctoolchain/usr/lib/swift/iphoneos/prebuilt-modules/26.2/XPC.swiftmodule/arm64e-apple-ios.swiftmodule /Applications/Xcode_26.3.app/Contents/Developer/Toolchains/XcodeDefault.xctoolchain/usr/lib/swift/iphoneos/prebuilt-modules/26.2/CoreVideo.swiftmodule/arm64e-apple-ios.swiftmodule /Applications/Xcode_26.3.app/Contents/Developer/Toolchains/XcodeDefault.xctoolchain/usr/lib/swift/iphoneos/prebuilt-modules/26.2/FileProvider.swiftmodule/arm64e-apple-ios.swiftmodule /Applications/Xcode_26.3.app/Contents/Developer/Toolchains/XcodeDefault.xctoolchain/usr/lib/swift/iphoneos/prebuilt-modules/26.2/Observation.swiftmodule/arm64e-apple-ios.swiftmodule /Applications/Xcode_26.3.app/Contents/Developer/Toolchains/XcodeDefault.xctoolchain/usr/lib/swift/iphoneos/prebuilt-modules/26.2/Dispatch.swiftmodule/arm64e-apple-ios.swiftmodule /Applications/Xcode_26.3.app/Contents/Developer/Toolchains/XcodeDefault.xctoolchain/usr/lib/swift/iphoneos/prebuilt-modules/26.2/_DarwinFoundation2.swiftmodule/arm64e-apple-ios.swiftmodule /Applications/Xcode_26.3.app/Contents/Developer/Toolchains/XcodeDefault.xctoolchain/usr/lib/swift/iphoneos/prebuilt-modules/26.2/os.swiftmodule/arm64e-apple-ios.swiftmodule /Applications/Xcode_26.3.app/Contents/Developer/Toolchains/XcodeDefault.xctoolchain/usr/lib/swift/iphoneos/prebuilt-modules/26.2/CoreText.swiftmodule/arm64e-apple-ios.swiftmodule /Applications/Xcode_26.3.app/Contents/Developer/Toolchains/XcodeDefault.xctoolchain/usr/lib/swift/iphoneos/prebuilt-modules/26.2/DataDetection.swiftmodule/arm64e-apple-ios.swiftmodule /Applications/Xcode_26.3.app/Contents/Developer/Toolchains/XcodeDefault.xctoolchain/usr/lib/swift/iphoneos/prebuilt-modules/26.2/Combine.swiftmodule/arm64e-apple-ios.swiftmodule /Applications/Xcode_26.3.app/Contents/Developer/Toolchains/XcodeDefault.xctoolchain/usr/lib/swift/iphoneos/prebuilt-modules/26.2/System.swiftmodule/arm64e-apple-ios.swiftmodule /Applications/Xcode_26.3.app/Contents/Developer/Toolchains/XcodeDefault.xctoolchain/usr/lib/swift/iphoneos/prebuilt-modules/26.2/CoreFoundation.swiftmodule/arm64e-apple-ios.swiftmodule /Applications/Xcode_26.3.app/Contents/Developer/Toolchains/XcodeDefault.xctoolchain/usr/lib/swift/iphoneos/prebuilt-modules/26.2/_DarwinFoundation1.swiftmodule/arm64e-apple-ios.swiftmodule /Applications/Xcode_26.3.app/Contents/Developer/Toolchains/XcodeDefault.xctoolchain/usr/lib/swift/iphoneos/prebuilt-modules/26.2/SwiftUICore.swiftmodule/arm64e-apple-ios.swiftmodule /Applications/Xcode_26.3.app/Contents/Developer/Toolchains/XcodeDefault.xctoolchain/usr/lib/swift/iphoneos/prebuilt-modules/26.2/Darwin.swiftmodule/arm64e-apple-ios.swiftmodule /Applications/Xcode_26.3.app/Contents/Developer/Toolchains/XcodeDefault.xctoolchain/usr/lib/swift/iphoneos/prebuilt-modules/26.2/Foundation.swiftmodule/arm64e-apple-ios.swiftmodule /Applications/Xcode_26.3.app/Contents/Developer/Toolchains/XcodeDefault.xctoolchain/usr/lib/swift/iphoneos/prebuilt-modules/26.2/OSLog.swiftmodule/arm64e-apple-ios.swiftmodule /Users/runner/work/xiaodi/xiaodi/build/ModuleCache.noindex/_Builtin_stddef-7H5AZZHV055FRAQAM9GPEZHVY.pcm /Users/runner/work/xiaodi/xiaodi/build/ModuleCache.noindex/OSLog-1PXB4JHKC4CPLE4FROGJWMWCX.pcm /Users/runner/work/xiaodi/xiaodi/build/ModuleCache.noindex/_Builtin_tgmath-9YFAGAM96OK8VZCEAMCHURO9A.pcm /Users/runner/work/xiaodi/xiaodi/build/ModuleCache.noindex/MachO-BVFCSZPEW5JWY8PMLBNHGOZJ.pcm /Users/runner/work/xiaodi/xiaodi/build/ModuleCache.noindex/os_workgroup-53D25AFDN42UR7JEEVNWI8165.pcm /Users/runner/work/xiaodi/xiaodi/build/ModuleCache.noindex/UIKit-4PIY59GYB2Y6VIH7DMVRCGCF8.pcm /Users/runner/work/xiaodi/xiaodi/build/ModuleCache.noindex/QuartzCore-E5WL3C9WG4BTJ8UOWA99J6SMA.pcm /Users/runner/work/xiaodi/xiaodi/build/ModuleCache.noindex/os_object-E6KFE86ZJ935RHSNLGMQH1T5D.pcm /Users/runner/work/xiaodi/xiaodi/build/ModuleCache.noindex/FileProvider-BLT8MX9356WKB1IJNMIUZVM7T.pcm /Users/runner/work/xiaodi/xiaodi/build/ModuleCache.noindex/ObjectiveC-6SU9S9VJT0CH6BWBRZAN23BD0.pcm /Users/runner/work/xiaodi/xiaodi/build/ModuleCache.noindex/Dispatch-DUFW77Y4UX6A4U2WKESJ1DTZB.pcm /Users/runner/work/xiaodi/xiaodi/build/ModuleCache.noindex/Symbols-BCZSSSMIM9UO6J1GXADJCGI4F.pcm /Users/runner/work/xiaodi/xiaodi/build/ModuleCache.noindex/_DarwinFoundation2-685ZUER5OCOA52OCBICX3DEVH.pcm /Users/runner/work/xiaodi/xiaodi/build/Build/Intermediates.noindex/SwiftExplicitPrecompiledModules/cmark_gfm-3ANQVQRUAAPWNGYUA5LBD3LLI.pcm /Users/runner/work/xiaodi/xiaodi/build/ModuleCache.noindex/_AvailabilityInternal-9WFR5YB5UN8GQM8RDCQXP4DL5.pcm /Users/runner/work/xiaodi/xiaodi/build/ModuleCache.noindex/Security-209AWMQIPD7CNCTQANZPPU1HQ.pcm /Users/runner/work/xiaodi/xiaodi/build/ModuleCache.noindex/_Builtin_float-F53AJ9MK0BE6HX99WZH1RGJI0.pcm /Users/runner/work/xiaodi/xiaodi/build/ModuleCache.noindex/UserNotifications-2I56UY57FMO0SL74CBMB37348.pcm /Users/runner/work/xiaodi/xiaodi/build/ModuleCache.noindex/Foundation-7RM4KAZ7OOA01YZMTYB0EHOWL.pcm /Users/runner/work/xiaodi/xiaodi/build/ModuleCache.noindex/SwiftUICore-2VBIATGEMMWED6SY7CCQAUF6X.pcm /Users/runner/work/xiaodi/xiaodi/build/ModuleCache.noindex/DeveloperToolsSupport-B5KGMSKCPL6VBY9BTBZ9BHW5V.pcm /Users/runner/work/xiaodi/xiaodi/build/ModuleCache.noindex/UniformTypeIdentifiers-618DFKC29EE40I1QTXFJTZIKG.pcm /Users/runner/work/xiaodi/xiaodi/build/ModuleCache.noindex/CoreFoundation-DKCTN7LPAMU5WNWANDDGT6HEH.pcm /Users/runner/work/xiaodi/xiaodi/build/ModuleCache.noindex/CoreData-674GXLI3S10O47YKUITBA7FGK.pcm /Users/runner/work/xiaodi/xiaodi/build/ModuleCache.noindex/ptrcheck-367VHH6UF9CAUX88FJB7DLQZE.pcm /Users/runner/work/xiaodi/xiaodi/build/ModuleCache.noindex/ImageIO-APDDG7NL0N4R8HKX7KJCF7VOI.pcm /Users/runner/work/xiaodi/xiaodi/build/ModuleCache.noindex/sys_types-94G11C32RM1ZXTPZ85E03HOWJ.pcm /Users/runner/work/xiaodi/xiaodi/build/ModuleCache.noindex/Darwin-A3K1ZLFQ4P7896SUXD1KNYRKE.pcm /Users/runner/work/xiaodi/xiaodi/build/ModuleCache.noindex/CoreGraphics-YZHVQD2YGAJXQW3L132EN6D3.pcm /Users/runner/work/xiaodi/xiaodi/build/ModuleCache.noindex/SwiftUI-26J7WDWTJNPALWIODSHLEZ6UT.pcm /Users/runner/work/xiaodi/xiaodi/build/ModuleCache.noindex/simd-3VTOHVVGY0UGD4CA0KBEMDVF7.pcm /Users/runner/work/xiaodi/xiaodi/build/ModuleCache.noindex/ptrauth-8AEV5KNFI65AGW9KOQ79FKGK8.pcm /Users/runner/work/xiaodi/xiaodi/build/ModuleCache.noindex/CFNetwork-6DQ4E8MXHBMPXYB1DFTFFCZ84.pcm /Users/runner/work/xiaodi/xiaodi/build/ModuleCache.noindex/SwiftShims-LGTTLDZQGDWQLZ3GOAL6ISYW.pcm /Users/runner/work/xiaodi/xiaodi/build/ModuleCache.noindex/_SwiftConcurrencyShims-2OLLW2YUO8LCX7U57H29X36V9.pcm /Users/runner/work/xiaodi/xiaodi/build/ModuleCache.noindex/_DarwinFoundation3-87UC7BG9KTJVO99FSQR5WUMBR.pcm /Users/runner/work/xiaodi/xiaodi/build/ModuleCache.noindex/_Builtin_intrinsics-8QE0OMAYN9ZPBF80UTRI3A0LM.pcm /Users/runner/work/xiaodi/xiaodi/build/ModuleCache.noindex/Metal-4LD052J31ITUFVRLQVX3RHBHM.pcm /Users/runner/work/xiaodi/xiaodi/build/ModuleCache.noindex/_Builtin_stdatomic-774ITJVM80C81CW6CNYDCJH0T.pcm /Users/runner/work/xiaodi/xiaodi/build/ModuleCache.noindex/Spatial-EJ04MMBYHJ7IBF6ZUQSYSUMN0.pcm /Users/runner/work/xiaodi/xiaodi/build/ModuleCache.noindex/DataDetection-A18DIZM26CXJ270PTUIR6YFMC.pcm /Users/runner/work/xiaodi/xiaodi/build/ModuleCache.noindex/_Builtin_limits-33GJH103LCIOTER7ISSG35ZIB.pcm /Users/runner/work/xiaodi/xiaodi/build/ModuleCache.noindex/_Builtin_inttypes-AOBLZGV56QYILPIH6Q4W5TR4S.pcm /Users/runner/work/xiaodi/xiaodi/build/ModuleCache.noindex/CoreVideo-6NOA8LN4MEGNR89OIZA15IZW.pcm /Users/runner/work/xiaodi/xiaodi/build/ModuleCache.noindex/IOSurface-8OP0YU02L1LKL56A0CULNFF6V.pcm /Users/runner/work/xiaodi/xiaodi/build/ModuleCache.noindex/_Builtin_stdint-7N5XKZBO9AH0SA3UGO6XK0IJY.pcm /Users/runner/work/xiaodi/xiaodi/build/ModuleCache.noindex/os-CNUC9DVEGY88Q20W1FR37T2Q7.pcm /Users/runner/work/xiaodi/xiaodi/build/ModuleCache.noindex/_Builtin_stdbool-QBRU6U8QZ9V8PL3OD5IRM6W8.pcm /Users/runner/work/xiaodi/xiaodi/build/ModuleCache.noindex/CoreText-CJF6GM3RP5FDL8HFCUZ6RG7Y9.pcm /Users/runner/work/xiaodi/xiaodi/build/ModuleCache.noindex/_Builtin_stdarg-EK3NFCUCE5568E5YLARQVD9BB.pcm /Users/runner/work/xiaodi/xiaodi/build/ModuleCache.noindex/CoreImage-46XBZM6OC4LPM13BWPG7Z26UQ.pcm /Users/runner/work/xiaodi/xiaodi/build/ModuleCache.noindex/OpenGLES-3DCJY97Z811NMMXNHBR59Z3K3.pcm /Users/runner/work/xiaodi/xiaodi/build/ModuleCache.noindex/UIUtilities-B7MDD69V3XH7I63Q6G65361NF.pcm /Users/runner/work/xiaodi/xiaodi/build/ModuleCache.noindex/_DarwinFoundation1-4PNKEOP1R112N5B8JFO5GPRF5.pcm /Users/runner/work/xiaodi/xiaodi/build/ModuleCache.noindex/Accessibility-138SV7HQUOSJTPPOM8SVIR7VI.pcm /Users/runner/work/xiaodi/xiaodi/build/ModuleCache.noindex/XPC-76BJX950QYM7R7URUMI8IQN6P.pcm /Users/runner/work/xiaodi/xiaodi/build/Build/Intermediates.noindex/SwiftExplicitPrecompiledModules/cmark_gfm_extensions-RYAHPFGFT4WTGZ1BNFVZA7GX.pcm /Users/runner/work/xiaodi/xiaodi/build/ModuleCache.noindex/CoreTransferable-CJLM9UD92LWVZ2EW5UVGOF7UL.pcm /Users/runner/work/xiaodi/xiaodi/build/Build/Intermediates.noindex/swift-markdown-ui.build/Release-iphoneos/MarkdownUI.build/Objects-normal/arm64/MarkdownUI-dependencies-1.json (in target 'MarkdownUI' from project 'swift-markdown-ui')
CompileSwift normal arm64 (in target 'MarkdownUI' from project 'swift-markdown-ui')
    cd /Users/runner/work/xiaodi/xiaodi/DeepSeekHarnessMobile.xcodeproj
    

SwiftDriverJobDiscovery normal arm64 Compiling ChatItemAlignment.swift, ChatItemPinningType.swift, ChatLayoutAttributes.swift, ChatLayoutDelegate.swift, ChatLayoutInvalidationContext.swift, ChatLayoutPositionSnapshot.swift, ChatLayoutSettings.swift, CollectionViewChatLayout.swift, CGRect+Extension.swift, IndexPath+Extension.swift, RandomAccessCollection+Extension.swift, ChangeItem.swift, ItemModel.swift, ItemPath.swift, ItemSize.swift, LayoutModel.swift, ModelState.swift, SectionModel.swift, StateController.swift, CellLayoutContainerView.swift, ContainerCollectionReusableView.swift, ContainerCollectionViewCell.swift, ContainerCollectionViewCellDelegate.swift, EdgeAligningView.swift, NSLayoutAnchor+Extension.swift, NSLayoutDimension+Extension.swift, UILayoutPriority+Extension.swift, ImageMaskedView.swift, MessageContainerView.swift, RoundedCornersContainerView.swift, StaticViewFactory.swift, SwappingContainerView.swift (in target 'ChatLayout' from project 'ChatLayout')

SwiftDriver\ Compilation\ Requirements ChatLayout normal arm64 com.apple.xcode.tools.swift.compiler (in target 'ChatLayout' from project 'ChatLayout')
    cd /Users/runner/work/xiaodi/xiaodi/DeepSeekHarnessMobile.xcodeproj
    builtin-Swift-Compilation-Requirements -- /Applications/Xcode_26.3.app/Contents/Developer/Toolchains/XcodeDefault.xctoolchain/usr/bin/swiftc -module-name ChatLayout -O -whole-module-optimization -enforce-exclusivity\=checked @/Users/runner/work/xiaodi/xiaodi/build/Build/Intermediates.noindex/ChatLayout.build/Release-iphoneos/ChatLayout.build/Objects-normal/arm64/ChatLayout.SwiftFileList -DSWIFT_PACKAGE -DSWIFT_MODULE_RESOURCE_BUNDLE_UNAVAILABLE -DXcode -enable-upcoming-feature StrictConcurrency -plugin-path /Applications/Xcode_26.3.app/Contents/Developer/Toolchains/XcodeDefault.xctoolchain/usr/lib/swift/host/plugins/testing -enable-experimental-feature DebugDescriptionMacro -sdk /Applications/Xcode_26.3.app/Contents/Developer/Platforms/iPhoneOS.platform/Developer/SDKs/iPhoneOS26.2.sdk -target arm64-apple-ios15.0 -g -module-cache-path /Users/runner/work/xiaodi/xiaodi/build/ModuleCache.noindex -Xfrontend -serialize-debugging-options -suppress-warnings -swift-version 6 -I /Users/runner/work/xiaodi/xiaodi/build/Build/Products/Release-iphoneos -Isystem /Applications/Xcode_26.3.app/Contents/Developer/Platforms/iPhoneOS.platform/Developer/usr/lib -F /Users/runner/work/xiaodi/xiaodi/build/Build/Products/Release-iphoneos -F /Applications/Xcode_26.3.app/Contents/Developer/Platforms/iPhoneOS.platform/Developer/Library/Frameworks -F /Applications/Xcode_26.3.app/Contents/Developer/Platforms/iPhoneOS.platform/Developer/SDKs/iPhoneOS26.2.sdk/Developer/Library/Frameworks -c -num-threads 3 -Xcc -ivfsstatcache -Xcc /Users/runner/work/xiaodi/xiaodi/build/SDKStatCaches.noindex/iphoneos26.2-23C57-dc75598d0054f22ec865fa860f139d722dd23b4ebda140f7210d155ff1243552.sdkstatcache -output-file-map /Users/runner/work/xiaodi/xiaodi/build/Build/Intermediates.noindex/ChatLayout.build/Release-iphoneos/ChatLayout.build/Objects-normal/arm64/ChatLayout-OutputFileMap.json -use-frontend-parseable-output -save-temps -no-color-diagnostics -explicit-module-build -module-cache-path /Users/runner/work/xiaodi/xiaodi/build/Build/Intermediates.noindex/SwiftExplicitPrecompiledModules -clang-scanner-module-cache-path /Users/runner/work/xiaodi/xiaodi/build/ModuleCache.noindex -sdk-module-cache-path /Users/runner/work/xiaodi/xiaodi/build/ModuleCache.noindex -serialize-diagnostics -emit-dependencies -emit-module -emit-module-path /Users/runner/work/xiaodi/xiaodi/build/Build/Intermediates.noindex/ChatLayout.build/Release-iphoneos/ChatLayout.build/Objects-normal/arm64/ChatLayout.swiftmodule -user-module-version 2.4.3 -validate-clang-modules-once -clang-build-session-file /Users/runner/work/xiaodi/xiaodi/build/ModuleCache.noindex/Session.modulevalidation -package-name chatlayout -Xcc -I/Users/runner/work/xiaodi/xiaodi/build/Build/Intermediates.noindex/ChatLayout.build/Release-iphoneos/ChatLayout.build/swift-overrides.hmap -emit-const-values -Xfrontend -const-gather-protocols-file -Xfrontend /Users/runner/work/xiaodi/xiaodi/build/Build/Intermediates.noindex/ChatLayout.build/Release-iphoneos/ChatLayout.build/Objects-normal/arm64/ChatLayout_const_extract_protocols.json -Xcc -I/Users/runner/work/xiaodi/xiaodi/build/Build/Products/Release-iphoneos/include -Xcc -I/Users/runner/work/xiaodi/xiaodi/build/Build/Intermediates.noindex/ChatLayout.build/Release-iphoneos/ChatLayout.build/DerivedSources-normal/arm64 -Xcc -I/Users/runner/work/xiaodi/xiaodi/build/Build/Intermediates.noindex/ChatLayout.build/Release-iphoneos/ChatLayout.build/DerivedSources/arm64 -Xcc -I/Users/runner/work/xiaodi/xiaodi/build/Build/Intermediates.noindex/ChatLayout.build/Release-iphoneos/ChatLayout.build/DerivedSources -Xcc -DSWIFT_PACKAGE -emit-objc-header -emit-objc-header-path /Users/runner/work/xiaodi/xiaodi/build/Build/Intermediates.noindex/ChatLayout.build/Release-iphoneos/ChatLayout.build/Objects-normal/arm64/ChatLayout-Swift.h -working-directory /Users/runner/work/xiaodi/xiaodi/DeepSeekHarnessMobile.xcodeproj -no-emit-module-separately-wmo

SwiftMergeGeneratedHeaders /Users/runner/work/xiaodi/xiaodi/build/Build/Intermediates.noindex/GeneratedModuleMaps-iphoneos/ChatLayout-Swift.h /Users/runner/work/xiaodi/xiaodi/build/Build/Intermediates.noindex/ChatLayout.build/Release-iphoneos/ChatLayout.build/Objects-normal/arm64/ChatLayout-Swift.h (in target 'ChatLayout' from project 'ChatLayout')
    cd /Users/runner/work/xiaodi/xiaodi/build/SourcePackages/checkouts/ChatLayout
    builtin-swiftHeaderTool -arch arm64 /Users/runner/work/xiaodi/xiaodi/build/Build/Intermediates.noindex/ChatLayout.build/Release-iphoneos/ChatLayout.build/Objects-normal/arm64/ChatLayout-Swift.h -o /Users/runner/work/xiaodi/xiaodi/build/Build/Intermediates.noindex/GeneratedModuleMaps-iphoneos/ChatLayout-Swift.h

Copy /Users/runner/work/xiaodi/xiaodi/build/Build/Products/Release-iphoneos/ChatLayout.swiftmodule/arm64-apple-ios.swiftmodule /Users/runner/work/xiaodi/xiaodi/build/Build/Intermediates.noindex/ChatLayout.build/Release-iphoneos/ChatLayout.build/Objects-normal/arm64/ChatLayout.swiftmodule (in target 'ChatLayout' from project 'ChatLayout')
    cd /Users/runner/work/xiaodi/xiaodi/build/SourcePackages/checkouts/ChatLayout
    builtin-copy -exclude .DS_Store -exclude CVS -exclude .svn -exclude .git -exclude .hg -strip-unsigned-binaries -strip-deterministic -strip-tool /Applications/Xcode_26.3.app/Contents/Developer/Toolchains/XcodeDefault.xctoolchain/usr/bin/strip -resolve-src-symlinks -rename /Users/runner/work/xiaodi/xiaodi/build/Build/Intermediates.noindex/ChatLayout.build/Release-iphoneos/ChatLayout.build/Objects-normal/arm64/ChatLayout.swiftmodule /Users/runner/work/xiaodi/xiaodi/build/Build/Products/Release-iphoneos/ChatLayout.swiftmodule/arm64-apple-ios.swiftmodule

Copy /Users/runner/work/xiaodi/xiaodi/build/Build/Products/Release-iphoneos/ChatLayout.swiftmodule/arm64-apple-ios.swiftdoc /Users/runner/work/xiaodi/xiaodi/build/Build/Intermediates.noindex/ChatLayout.build/Release-iphoneos/ChatLayout.build/Objects-normal/arm64/ChatLayout.swiftdoc (in target 'ChatLayout' from project 'ChatLayout')
    cd /Users/runner/work/xiaodi/xiaodi/build/SourcePackages/checkouts/ChatLayout
    builtin-copy -exclude .DS_Store -exclude CVS -exclude .svn -exclude .git -exclude .hg -strip-unsigned-binaries -strip-deterministic -strip-tool /Applications/Xcode_26.3.app/Contents/Developer/Toolchains/XcodeDefault.xctoolchain/usr/bin/strip -resolve-src-symlinks -rename /Users/runner/work/xiaodi/xiaodi/build/Build/Intermediates.noindex/ChatLayout.build/Release-iphoneos/ChatLayout.build/Objects-normal/arm64/ChatLayout.swiftdoc /Users/runner/work/xiaodi/xiaodi/build/Build/Products/Release-iphoneos/ChatLayout.swiftmodule/arm64-apple-ios.swiftdoc

Copy /Users/runner/work/xiaodi/xiaodi/build/Build/Products/Release-iphoneos/ChatLayout.swiftmodule/arm64-apple-ios.abi.json /Users/runner/work/xiaodi/xiaodi/build/Build/Intermediates.noindex/ChatLayout.build/Release-iphoneos/ChatLayout.build/Objects-normal/arm64/ChatLayout.abi.json (in target 'ChatLayout' from project 'ChatLayout')
    cd /Users/runner/work/xiaodi/xiaodi/build/SourcePackages/checkouts/ChatLayout
    builtin-copy -exclude .DS_Store -exclude CVS -exclude .svn -exclude .git -exclude .hg -strip-unsigned-binaries -strip-deterministic -strip-tool /Applications/Xcode_26.3.app/Contents/Developer/Toolchains/XcodeDefault.xctoolchain/usr/bin/strip -resolve-src-symlinks -rename /Users/runner/work/xiaodi/xiaodi/build/Build/Intermediates.noindex/ChatLayout.build/Release-iphoneos/ChatLayout.build/Objects-normal/arm64/ChatLayout.abi.json /Users/runner/work/xiaodi/xiaodi/build/Build/Products/Release-iphoneos/ChatLayout.swiftmodule/arm64-apple-ios.abi.json

Copy /Users/runner/work/xiaodi/xiaodi/build/Build/Products/Release-iphoneos/ChatLayout.swiftmodule/Project/arm64-apple-ios.swiftsourceinfo /Users/runner/work/xiaodi/xiaodi/build/Build/Intermediates.noindex/ChatLayout.build/Release-iphoneos/ChatLayout.build/Objects-normal/arm64/ChatLayout.swiftsourceinfo (in target 'ChatLayout' from project 'ChatLayout')
    cd /Users/runner/work/xiaodi/xiaodi/build/SourcePackages/checkouts/ChatLayout
    builtin-copy -exclude .DS_Store -exclude CVS -exclude .svn -exclude .git -exclude .hg -strip-unsigned-binaries -strip-deterministic -strip-tool /Applications/Xcode_26.3.app/Contents/Developer/Toolchains/XcodeDefault.xctoolchain/usr/bin/strip -resolve-src-symlinks -rename /Users/runner/work/xiaodi/xiaodi/build/Build/Intermediates.noindex/ChatLayout.build/Release-iphoneos/ChatLayout.build/Objects-normal/arm64/ChatLayout.swiftsourceinfo /Users/runner/work/xiaodi/xiaodi/build/Build/Products/Release-iphoneos/ChatLayout.swiftmodule/Project/arm64-apple-ios.swiftsourceinfo

Ld /Users/runner/work/xiaodi/xiaodi/build/Build/Products/Release-iphoneos/ChatLayout.o normal (in target 'ChatLayout' from project 'ChatLayout')
    cd /Users/runner/work/xiaodi/xiaodi/build/SourcePackages/checkouts/ChatLayout
    /Applications/Xcode_26.3.app/Contents/Developer/Toolchains/XcodeDefault.xctoolchain/usr/bin/clang -Xlinker -reproducible -target arm64-apple-ios15.0 -r -isysroot /Applications/Xcode_26.3.app/Contents/Developer/Platforms/iPhoneOS.platform/Developer/SDKs/iPhoneOS26.2.sdk -Os -w -L/Users/runner/work/xiaodi/xiaodi/build/Build/Intermediates.noindex/EagerLinkingTBDs/Release-iphoneos -L/Users/runner/work/xiaodi/xiaodi/build/Build/Products/Release-iphoneos -L/Applications/Xcode_26.3.app/Contents/Developer/Platforms/iPhoneOS.platform/Developer/usr/lib -F/Users/runner/work/xiaodi/xiaodi/build/Build/Intermediates.noindex/EagerLinkingTBDs/Release-iphoneos -F/Users/runner/work/xiaodi/xiaodi/build/Build/Products/Release-iphoneos -iframework /Applications/Xcode_26.3.app/Contents/Developer/Platforms/iPhoneOS.platform/Developer/Library/Frameworks -iframework /Applications/Xcode_26.3.app/Contents/Developer/Platforms/iPhoneOS.platform/Developer/SDKs/iPhoneOS26.2.sdk/Developer/Library/Frameworks -filelist /Users/runner/work/xiaodi/xiaodi/build/Build/Intermediates.noindex/ChatLayout.build/Release-iphoneos/ChatLayout.build/Objects-normal/arm64/ChatLayout.LinkFileList -nostdlib -Xlinker -object_path_lto -Xlinker /Users/runner/work/xiaodi/xiaodi/build/Build/Intermediates.noindex/ChatLayout.build/Release-iphoneos/ChatLayout.build/Objects-normal/arm64/ChatLayout_lto.o -Xlinker -dependency_info -Xlinker /Users/runner/work/xiaodi/xiaodi/build/Build/Intermediates.noindex/ChatLayout.build/Release-iphoneos/ChatLayout.build/Objects-normal/arm64/ChatLayout_dependency_info.dat -fobjc-link-runtime -L/Applications/Xcode_26.3.app/Contents/Developer/Toolchains/XcodeDefault.xctoolchain/usr/lib/swift/iphoneos -L/usr/lib/swift -Xlinker -add_ast_path -Xlinker /Users/runner/work/xiaodi/xiaodi/build/Build/Intermediates.noindex/ChatLayout.build/Release-iphoneos/ChatLayout.build/Objects-normal/arm64/ChatLayout.swiftmodule @/Users/runner/work/xiaodi/xiaodi/build/Build/Intermediates.noindex/ChatLayout.build/Release-iphoneos/ChatLayout.build/Objects-normal/arm64/ChatLayout-linker-args.resp -o /Users/runner/work/xiaodi/xiaodi/build/Build/Products/Release-iphoneos/ChatLayout.o

ExtractAppIntentsMetadata (in target 'ChatLayout' from project 'ChatLayout')
    cd /Users/runner/work/xiaodi/xiaodi/build/SourcePackages/checkouts/ChatLayout
    /Applications/Xcode_26.3.app/Contents/Developer/Toolchains/XcodeDefault.xctoolchain/usr/bin/appintentsmetadataprocessor --toolchain-dir /var/run/com.apple.security.cryptexd/mnt/com.apple.MobileAsset.MetalToolchain-v17.3.7003.10.uBWVVm/Metal.xctoolchain --module-name ChatLayout --sdk-root /Applications/Xcode_26.3.app/Contents/Developer/Platforms/iPhoneOS.platform/Developer/SDKs/iPhoneOS26.2.sdk --xcode-version 17C529 --platform-family iOS --deployment-target 15.0 --bundle-identifier chatlayout.ChatLayout --output /Users/runner/work/xiaodi/xiaodi/build/Build/Products/Release-iphoneos/ChatLayout.appintents --target-triple arm64-apple-ios15.0 --binary-file /Users/runner/work/xiaodi/xiaodi/build/Build/Products/Release-iphoneos/ChatLayout.o --dependency-file /Users/runner/work/xiaodi/xiaodi/build/Build/Intermediates.noindex/ChatLayout.build/Release-iphoneos/ChatLayout.build/Objects-normal/arm64/ChatLayout_dependency_info.dat --stringsdata-file /Users/runner/work/xiaodi/xiaodi/build/Build/Intermediates.noindex/ChatLayout.build/Release-iphoneos/ChatLayout.build/Objects-normal/arm64/ExtractedAppShortcutsMetadata.stringsdata --source-file-list /Users/runner/work/xiaodi/xiaodi/build/Build/Intermediates.noindex/ChatLayout.build/Release-iphoneos/ChatLayout.build/Objects-normal/arm64/ChatLayout.SwiftFileList --metadata-file-list /Users/runner/work/xiaodi/xiaodi/build/Build/Intermediates.noindex/ChatLayout.build/Release-iphoneos/ChatLayout.build/ChatLayout.DependencyMetadataFileList --static-metadata-file-list /Users/runner/work/xiaodi/xiaodi/build/Build/Intermediates.noindex/ChatLayout.build/Release-iphoneos/ChatLayout.build/ChatLayout.DependencyStaticMetadataFileList --swift-const-vals-list /Users/runner/work/xiaodi/xiaodi/build/Build/Intermediates.noindex/ChatLayout.build/Release-iphoneos/ChatLayout.build/Objects-normal/arm64/ChatLayout.SwiftConstValuesFileList --force --compile-time-extraction --deployment-aware-processing --validate-assistant-intents --no-app-shortcuts-localization
2026-10-09 07:56:23.596 appintentsmetadataprocessor[7335:24736] Starting appintentsmetadataprocessor export
2026-10-09 07:56:23.764 appintentsmetadataprocessor[7335:24736] Extracted no relevant App Intents symbols, skipping writing output

RegisterExecutionPolicyException /Users/runner/work/xiaodi/xiaodi/build/Build/Products/Release-iphoneos/ChatLayout.o (in target 'ChatLayout' from project 'ChatLayout')
    cd /Users/runner/work/xiaodi/xiaodi/build/SourcePackages/checkouts/ChatLayout
    builtin-RegisterExecutionPolicyException /Users/runner/work/xiaodi/xiaodi/build/Build/Products/Release-iphoneos/ChatLayout.o

SwiftDriverJobDiscovery normal arm64 Compiling Blockquote.swift, BulletedList.swift, CodeBlock.swift, Heading.swift, ListContentBuilder.swift, ListItem.swift, MarkdownContent.swift, MarkdownContentBuilder.swift, NumberedList.swift, Paragraph.swift, TaskList.swift, TaskListContentBuilder.swift, TaskListItem.swift, TextTable.swift, TextTableColumn.swift, TextTableColumnAlignment.swift, TextTableColumnBuilder.swift, TextTableRow.swift, TextTableRowBuilder.swift, ThematicBreak.swift, Code.swift, Emphasis.swift, InlineContent.swift, InlineContentBuilder.swift, InlineImage.swift, InlineLink.swift, LineBreak.swift, SoftBreak.swift, Strikethrough.swift, Strong.swift, AssetImageProvider.swift, AssetInlineImageProvider.swift, CodeSyntaxHighlighter.swift, DefaultImageProvider.swift, DefaultInlineImageProvider.swift, ImageProvider.swift, InlineImageProvider.swift, BlockNode+Rewrite.swift, BlockNode.swift, HTMLTag.swift, InlineNode+Collect.swift, InlineNode+Rewrite.swift, InlineNode.swift, MarkdownParser.swift, AttributedStringInlineRenderer.swift, InlineTextStyles.swift, TextInlineRenderer.swift, BlockConfiguration.swift, BlockStyle.swift, CodeBlockConfiguration.swift, ListBullet.swift, ListMarkerConfiguration.swift, TableBackgroundStyle.swift, TableBorderStyle.swift, TableCellConfiguration.swift, TaskListMarkerConfiguration.swift, BackgroundColor.swift, EmptyTextStyle.swift, Font+FontProperties.swift, FontCapsVariant.swift, FontDigitVariant.swift, FontFamily.swift, FontFamilyVariant.swift, FontProperties.swift, FontPropertiesAttribute.swift, FontSize.swift, FontStyle.swift, FontWeight.swift, FontWidth.swift, ForegroundColor.swift, StrikethroughStyle.swift, TextKerning.swift, TextTracking.swift, UnderlineStyle.swift, TextStyle.swift, TextStyleBuilder.swift, Theme+Basic.swift, Theme+DocC.swift, Theme+GitHub.swift, Theme.swift, BlockNode+ColorSchemeImage.swift, Color+RGBA.swift, Deprecations.swift, FlowLayout.swift, Indexed.swift, InlineNode+PlainText.swift, InlineNode+RawImageData.swift, Int+Roman.swift, RelativeSize.swift, ResizeToFit.swift, String+KebabCase.swift, BlockMargin.swift, BlockNode+View.swift, BlockSequence.swift, BlockquoteView.swift, BulletedListView.swift, CodeBlockView.swift, ColumnWidthPreference.swift, HeadingView.swift, ImageFlow.swift, ListItemSequence.swift, ListItemView.swift, NumberedListView.swift, ParagraphView.swift, TableBackgroundView.swift, TableBorderSelector.swift, TableBorderView.swift, TableBounds.swift, TableCell.swift, TableView.swift, TaskListItemView.swift, TaskListView.swift, TextStyleAttributesReader.swift, ThematicBreakView.swift, Environment+BaseURL.swift, Environment+CodeSyntaxHighlighter.swift, Environment+ImageProvider.swift, Environment+InlineImageProvider.swift, Environment+List.swift, Environment+SoftBreakMode.swift, Environment+Table.swift, Environment+TextStyle.swift, Environment+Theme.swift, ImageView.swift, InlineText.swift, Markdown.swift (in target 'MarkdownUI' from project 'swift-markdown-ui')

SwiftDriver\ Compilation\ Requirements MarkdownUI normal arm64 com.apple.xcode.tools.swift.compiler (in target 'MarkdownUI' from project 'swift-markdown-ui')
    cd /Users/runner/work/xiaodi/xiaodi/DeepSeekHarnessMobile.xcodeproj
    builtin-Swift-Compilation-Requirements -- /Applications/Xcode_26.3.app/Contents/Developer/Toolchains/XcodeDefault.xctoolchain/usr/bin/swiftc -module-name MarkdownUI -O -whole-module-optimization -enforce-exclusivity\=checked @/Users/runner/work/xiaodi/xiaodi/build/Build/Intermediates.noindex/swift-markdown-ui.build/Release-iphoneos/MarkdownUI.build/Objects-normal/arm64/MarkdownUI.SwiftFileList -DSWIFT_PACKAGE -DSWIFT_MODULE_RESOURCE_BUNDLE_UNAVAILABLE -DXcode -plugin-path /Applications/Xcode_26.3.app/Contents/Developer/Toolchains/XcodeDefault.xctoolchain/usr/lib/swift/host/plugins/testing -enable-experimental-feature DebugDescriptionMacro -sdk /Applications/Xcode_26.3.app/Contents/Developer/Platforms/iPhoneOS.platform/Developer/SDKs/iPhoneOS26.2.sdk -target arm64-apple-ios15.0 -g -module-cache-path /Users/runner/work/xiaodi/xiaodi/build/ModuleCache.noindex -Xfrontend -serialize-debugging-options -suppress-warnings -swift-version 5 -I /Users/runner/work/xiaodi/xiaodi/build/Build/Products/Release-iphoneos -Isystem /Applications/Xcode_26.3.app/Contents/Developer/Platforms/iPhoneOS.platform/Developer/usr/lib -F /Users/runner/work/xiaodi/xiaodi/build/Build/Products/Release-iphoneos/PackageFrameworks -F /Users/runner/work/xiaodi/xiaodi/build/Build/Products/Release-iphoneos/PackageFrameworks -F /Users/runner/work/xiaodi/xiaodi/build/Build/Products/Release-iphoneos/PackageFrameworks -F /Users/runner/work/xiaodi/xiaodi/build/Build/Products/Release-iphoneos -F /Applications/Xcode_26.3.app/Contents/Developer/Platforms/iPhoneOS.platform/Developer/Library/Frameworks -F /Applications/Xcode_26.3.app/Contents/Developer/Platforms/iPhoneOS.platform/Developer/SDKs/iPhoneOS26.2.sdk/Developer/Library/Frameworks -c -num-threads 3 -Xcc -ivfsstatcache -Xcc /Users/runner/work/xiaodi/xiaodi/build/SDKStatCaches.noindex/iphoneos26.2-23C57-dc75598d0054f22ec865fa860f139d722dd23b4ebda140f7210d155ff1243552.sdkstatcache -output-file-map /Users/runner/work/xiaodi/xiaodi/build/Build/Intermediates.noindex/swift-markdown-ui.build/Release-iphoneos/MarkdownUI.build/Objects-normal/arm64/MarkdownUI-OutputFileMap.json -use-frontend-parseable-output -save-temps -no-color-diagnostics -explicit-module-build -module-cache-path /Users/runner/work/xiaodi/xiaodi/build/Build/Intermediates.noindex/SwiftExplicitPrecompiledModules -clang-scanner-module-cache-path /Users/runner/work/xiaodi/xiaodi/build/ModuleCache.noindex -sdk-module-cache-path /Users/runner/work/xiaodi/xiaodi/build/ModuleCache.noindex -serialize-diagnostics -emit-dependencies -emit-module -emit-module-path /Users/runner/work/xiaodi/xiaodi/build/Build/Intermediates.noindex/swift-markdown-ui.build/Release-iphoneos/MarkdownUI.build/Objects-normal/arm64/MarkdownUI.swiftmodule -validate-clang-modules-once -clang-build-session-file /Users/runner/work/xiaodi/xiaodi/build/ModuleCache.noindex/Session.modulevalidation -Xcc -I/Users/runner/work/xiaodi/xiaodi/build/Build/Intermediates.noindex/swift-markdown-ui.build/Release-iphoneos/MarkdownUI.build/swift-overrides.hmap -emit-const-values -Xfrontend -const-gather-protocols-file -Xfrontend /Users/runner/work/xiaodi/xiaodi/build/Build/Intermediates.noindex/swift-markdown-ui.build/Release-iphoneos/MarkdownUI.build/Objects-normal/arm64/MarkdownUI_const_extract_protocols.json -Xcc -I/Users/runner/work/xiaodi/xiaodi/build/SourcePackages/checkouts/swift-cmark/src/include -Xcc -I/Users/runner/work/xiaodi/xiaodi/build/SourcePackages/checkouts/swift-cmark/extensions/include -Xcc -I/Users/runner/work/xiaodi/xiaodi/build/Build/Products/Release-iphoneos/include -Xcc -I/Users/runner/work/xiaodi/xiaodi/build/Build/Intermediates.noindex/swift-markdown-ui.build/Release-iphoneos/MarkdownUI.build/DerivedSources-normal/arm64 -Xcc -I/Users/runner/work/xiaodi/xiaodi/build/Build/Intermediates.noindex/swift-markdown-ui.build/Release-iphoneos/MarkdownUI.build/DerivedSources/arm64 -Xcc -I/Users/runner/work/xiaodi/xiaodi/build/Build/Intermediates.noindex/swift-markdown-ui.build/Release-iphoneos/MarkdownUI.build/DerivedSources -Xcc -DSWIFT_PACKAGE -emit-objc-header -emit-objc-header-path /Users/runner/work/xiaodi/xiaodi/build/Build/Intermediates.noindex/swift-markdown-ui.build/Release-iphoneos/MarkdownUI.build/Objects-normal/arm64/MarkdownUI-Swift.h -working-directory /Users/runner/work/xiaodi/xiaodi/DeepSeekHarnessMobile.xcodeproj -no-emit-module-separately-wmo

SwiftMergeGeneratedHeaders /Users/runner/work/xiaodi/xiaodi/build/Build/Intermediates.noindex/GeneratedModuleMaps-iphoneos/MarkdownUI-Swift.h /Users/runner/work/xiaodi/xiaodi/build/Build/Intermediates.noindex/swift-markdown-ui.build/Release-iphoneos/MarkdownUI.build/Objects-normal/arm64/MarkdownUI-Swift.h (in target 'MarkdownUI' from project 'swift-markdown-ui')
    cd /Users/runner/work/xiaodi/xiaodi/Vendor/swift-markdown-ui
    builtin-swiftHeaderTool -arch arm64 /Users/runner/work/xiaodi/xiaodi/build/Build/Intermediates.noindex/swift-markdown-ui.build/Release-iphoneos/MarkdownUI.build/Objects-normal/arm64/MarkdownUI-Swift.h -o /Users/runner/work/xiaodi/xiaodi/build/Build/Intermediates.noindex/GeneratedModuleMaps-iphoneos/MarkdownUI-Swift.h

Copy /Users/runner/work/xiaodi/xiaodi/build/Build/Products/Release-iphoneos/MarkdownUI.swiftmodule/arm64-apple-ios.swiftmodule /Users/runner/work/xiaodi/xiaodi/build/Build/Intermediates.noindex/swift-markdown-ui.build/Release-iphoneos/MarkdownUI.build/Objects-normal/arm64/MarkdownUI.swiftmodule (in target 'MarkdownUI' from project 'swift-markdown-ui')
    cd /Users/runner/work/xiaodi/xiaodi/Vendor/swift-markdown-ui
    builtin-copy -exclude .DS_Store -exclude CVS -exclude .svn -exclude .git -exclude .hg -strip-unsigned-binaries -strip-deterministic -strip-tool /Applications/Xcode_26.3.app/Contents/Developer/Toolchains/XcodeDefault.xctoolchain/usr/bin/strip -resolve-src-symlinks -rename /Users/runner/work/xiaodi/xiaodi/build/Build/Intermediates.noindex/swift-markdown-ui.build/Release-iphoneos/MarkdownUI.build/Objects-normal/arm64/MarkdownUI.swiftmodule /Users/runner/work/xiaodi/xiaodi/build/Build/Products/Release-iphoneos/MarkdownUI.swiftmodule/arm64-apple-ios.swiftmodule

Copy /Users/runner/work/xiaodi/xiaodi/build/Build/Products/Release-iphoneos/MarkdownUI.swiftmodule/arm64-apple-ios.swiftdoc /Users/runner/work/xiaodi/xiaodi/build/Build/Intermediates.noindex/swift-markdown-ui.build/Release-iphoneos/MarkdownUI.build/Objects-normal/arm64/MarkdownUI.swiftdoc (in target 'MarkdownUI' from project 'swift-markdown-ui')
    cd /Users/runner/work/xiaodi/xiaodi/Vendor/swift-markdown-ui
    builtin-copy -exclude .DS_Store -exclude CVS -exclude .svn -exclude .git -exclude .hg -strip-unsigned-binaries -strip-deterministic -strip-tool /Applications/Xcode_26.3.app/Contents/Developer/Toolchains/XcodeDefault.xctoolchain/usr/bin/strip -resolve-src-symlinks -rename /Users/runner/work/xiaodi/xiaodi/build/Build/Intermediates.noindex/swift-markdown-ui.build/Release-iphoneos/MarkdownUI.build/Objects-normal/arm64/MarkdownUI.swiftdoc /Users/runner/work/xiaodi/xiaodi/build/Build/Products/Release-iphoneos/MarkdownUI.swiftmodule/arm64-apple-ios.swiftdoc

Copy /Users/runner/work/xiaodi/xiaodi/build/Build/Products/Release-iphoneos/MarkdownUI.swiftmodule/arm64-apple-ios.abi.json /Users/runner/work/xiaodi/xiaodi/build/Build/Intermediates.noindex/swift-markdown-ui.build/Release-iphoneos/MarkdownUI.build/Objects-normal/arm64/MarkdownUI.abi.json (in target 'MarkdownUI' from project 'swift-markdown-ui')
    cd /Users/runner/work/xiaodi/xiaodi/Vendor/swift-markdown-ui
    builtin-copy -exclude .DS_Store -exclude CVS -exclude .svn -exclude .git -exclude .hg -strip-unsigned-binaries -strip-deterministic -strip-tool /Applications/Xcode_26.3.app/Contents/Developer/Toolchains/XcodeDefault.xctoolchain/usr/bin/strip -resolve-src-symlinks -rename /Users/runner/work/xiaodi/xiaodi/build/Build/Intermediates.noindex/swift-markdown-ui.build/Release-iphoneos/MarkdownUI.build/Objects-normal/arm64/MarkdownUI.abi.json /Users/runner/work/xiaodi/xiaodi/build/Build/Products/Release-iphoneos/MarkdownUI.swiftmodule/arm64-apple-ios.abi.json

Copy /Users/runner/work/xiaodi/xiaodi/build/Build/Products/Release-iphoneos/MarkdownUI.swiftmodule/Project/arm64-apple-ios.swiftsourceinfo /Users/runner/work/xiaodi/xiaodi/build/Build/Intermediates.noindex/swift-markdown-ui.build/Release-iphoneos/MarkdownUI.build/Objects-normal/arm64/MarkdownUI.swiftsourceinfo (in target 'MarkdownUI' from project 'swift-markdown-ui')
    cd /Users/runner/work/xiaodi/xiaodi/Vendor/swift-markdown-ui
    builtin-copy -exclude .DS_Store -exclude CVS -exclude .svn -exclude .git -exclude .hg -strip-unsigned-binaries -strip-deterministic -strip-tool /Applications/Xcode_26.3.app/Contents/Developer/Toolchains/XcodeDefault.xctoolchain/usr/bin/strip -resolve-src-symlinks -rename /Users/runner/work/xiaodi/xiaodi/build/Build/Intermediates.noindex/swift-markdown-ui.build/Release-iphoneos/MarkdownUI.build/Objects-normal/arm64/MarkdownUI.swiftsourceinfo /Users/runner/work/xiaodi/xiaodi/build/Build/Products/Release-iphoneos/MarkdownUI.swiftmodule/Project/arm64-apple-ios.swiftsourceinfo

Ld /Users/runner/work/xiaodi/xiaodi/build/Build/Products/Release-iphoneos/MarkdownUI.o normal (in target 'MarkdownUI' from project 'swift-markdown-ui')
    cd /Users/runner/work/xiaodi/xiaodi/Vendor/swift-markdown-ui
    /Applications/Xcode_26.3.app/Contents/Developer/Toolchains/XcodeDefault.xctoolchain/usr/bin/clang -Xlinker -reproducible -target arm64-apple-ios15.0 -r -isysroot /Applications/Xcode_26.3.app/Contents/Developer/Platforms/iPhoneOS.platform/Developer/SDKs/iPhoneOS26.2.sdk -Os -w -L/Users/runner/work/xiaodi/xiaodi/build/Build/Intermediates.noindex/EagerLinkingTBDs/Release-iphoneos -L/Users/runner/work/xiaodi/xiaodi/build/Build/Products/Release-iphoneos -L/Applications/Xcode_26.3.app/Contents/Developer/Platforms/iPhoneOS.platform/Developer/usr/lib -F/Users/runner/work/xiaodi/xiaodi/build/Build/Intermediates.noindex/EagerLinkingTBDs/Release-iphoneos -F/Users/runner/work/xiaodi/xiaodi/build/Build/Products/Release-iphoneos/PackageFrameworks -F/Users/runner/work/xiaodi/xiaodi/build/Build/Products/Release-iphoneos/PackageFrameworks -F/Users/runner/work/xiaodi/xiaodi/build/Build/Products/Release-iphoneos/PackageFrameworks -F/Users/runner/work/xiaodi/xiaodi/build/Build/Products/Release-iphoneos -iframework /Applications/Xcode_26.3.app/Contents/Developer/Platforms/iPhoneOS.platform/Developer/Library/Frameworks -iframework /Applications/Xcode_26.3.app/Contents/Developer/Platforms/iPhoneOS.platform/Developer/SDKs/iPhoneOS26.2.sdk/Developer/Library/Frameworks -filelist /Users/runner/work/xiaodi/xiaodi/build/Build/Intermediates.noindex/swift-markdown-ui.build/Release-iphoneos/MarkdownUI.build/Objects-normal/arm64/MarkdownUI.LinkFileList -nostdlib -Xlinker -object_path_lto -Xlinker /Users/runner/work/xiaodi/xiaodi/build/Build/Intermediates.noindex/swift-markdown-ui.build/Release-iphoneos/MarkdownUI.build/Objects-normal/arm64/MarkdownUI_lto.o -Xlinker -dependency_info -Xlinker /Users/runner/work/xiaodi/xiaodi/build/Build/Intermediates.noindex/swift-markdown-ui.build/Release-iphoneos/MarkdownUI.build/Objects-normal/arm64/MarkdownUI_dependency_info.dat -fobjc-link-runtime -L/Applications/Xcode_26.3.app/Contents/Developer/Toolchains/XcodeDefault.xctoolchain/usr/lib/swift/iphoneos -L/usr/lib/swift -Xlinker -add_ast_path -Xlinker /Users/runner/work/xiaodi/xiaodi/build/Build/Intermediates.noindex/swift-markdown-ui.build/Release-iphoneos/MarkdownUI.build/Objects-normal/arm64/MarkdownUI.swiftmodule @/Users/runner/work/xiaodi/xiaodi/build/Build/Intermediates.noindex/swift-markdown-ui.build/Release-iphoneos/MarkdownUI.build/Objects-normal/arm64/MarkdownUI-linker-args.resp -o /Users/runner/work/xiaodi/xiaodi/build/Build/Products/Release-iphoneos/MarkdownUI.o

ExtractAppIntentsMetadata (in target 'MarkdownUI' from project 'swift-markdown-ui')
    cd /Users/runner/work/xiaodi/xiaodi/Vendor/swift-markdown-ui
    /Applications/Xcode_26.3.app/Contents/Developer/Toolchains/XcodeDefault.xctoolchain/usr/bin/appintentsmetadataprocessor --toolchain-dir /var/run/com.apple.security.cryptexd/mnt/com.apple.MobileAsset.MetalToolchain-v17.3.7003.10.uBWVVm/Metal.xctoolchain --module-name MarkdownUI --sdk-root /Applications/Xcode_26.3.app/Contents/Developer/Platforms/iPhoneOS.platform/Developer/SDKs/iPhoneOS26.2.sdk --xcode-version 17C529 --platform-family iOS --deployment-target 15.0 --bundle-identifier swift-markdown-ui.MarkdownUI --output /Users/runner/work/xiaodi/xiaodi/build/Build/Products/Release-iphoneos/MarkdownUI.appintents --target-triple arm64-apple-ios15.0 --binary-file /Users/runner/work/xiaodi/xiaodi/build/Build/Products/Release-iphoneos/MarkdownUI.o --dependency-file /Users/runner/work/xiaodi/xiaodi/build/Build/Intermediates.noindex/swift-markdown-ui.build/Release-iphoneos/MarkdownUI.build/Objects-normal/arm64/MarkdownUI_dependency_info.dat --stringsdata-file /Users/runner/work/xiaodi/xiaodi/build/Build/Intermediates.noindex/swift-markdown-ui.build/Release-iphoneos/MarkdownUI.build/Objects-normal/arm64/ExtractedAppShortcutsMetadata.stringsdata --source-file-list /Users/runner/work/xiaodi/xiaodi/build/Build/Intermediates.noindex/swift-markdown-ui.build/Release-iphoneos/MarkdownUI.build/Objects-normal/arm64/MarkdownUI.SwiftFileList --metadata-file-list /Users/runner/work/xiaodi/xiaodi/build/Build/Intermediates.noindex/swift-markdown-ui.build/Release-iphoneos/MarkdownUI.build/MarkdownUI.DependencyMetadataFileList --static-metadata-file-list /Users/runner/work/xiaodi/xiaodi/build/Build/Intermediates.noindex/swift-markdown-ui.build/Release-iphoneos/MarkdownUI.build/MarkdownUI.DependencyStaticMetadataFileList --swift-const-vals-list /Users/runner/work/xiaodi/xiaodi/build/Build/Intermediates.noindex/swift-markdown-ui.build/Release-iphoneos/MarkdownUI.build/Objects-normal/arm64/MarkdownUI.SwiftConstValuesFileList --force --compile-time-extraction --deployment-aware-processing --validate-assistant-intents --no-app-shortcuts-localization
2026-10-09 07:56:34.653 appintentsmetadataprocessor[7657:25681] Starting appintentsmetadataprocessor export
2026-10-09 07:56:34.807 appintentsmetadataprocessor[7657:25681] Extracted no relevant App Intents symbols, skipping writing output

RegisterExecutionPolicyException /Users/runner/work/xiaodi/xiaodi/build/Build/Products/Release-iphoneos/MarkdownUI.o (in target 'MarkdownUI' from project 'swift-markdown-ui')
    cd /Users/runner/work/xiaodi/xiaodi/Vendor/swift-markdown-ui
    builtin-RegisterExecutionPolicyException /Users/runner/work/xiaodi/xiaodi/build/Build/Products/Release-iphoneos/MarkdownUI.o

PhaseScriptExecution Build\ KMP\ Framework /Users/runner/work/xiaodi/xiaodi/build/Build/Intermediates.noindex/DeepSeekHarnessMobile.build/Release-iphoneos/DeepSeekHarnessMobile.build/Script-A9FC00000000000000000003.sh (in target 'DeepSeekHarnessMobile' from project 'DeepSeekHarnessMobile')
    cd /Users/runner/work/xiaodi/xiaodi
    /bin/sh -c /Users/runner/work/xiaodi/xiaodi/build/Build/Intermediates.noindex/DeepSeekHarnessMobile.build/Release-iphoneos/DeepSeekHarnessMobile.build/Script-A9FC00000000000000000003.sh
Downloading native dependencies (LLVM, sysroot etc). This is a one-time action performed only on the first run of the compiler.
Downloading dependency https://download.jetbrains.com/kotlin/native/resources/llvm/19-aarch64-macos/llvm-19-aarch64-macos-essentials-81.tar.gz to /Users/runner/.konan/dependencies/cache/llvm-19-aarch64-macos-essentials-81.tar.gz
Done.
Extracting dependency: /Users/runner/.konan/dependencies/cache/llvm-19-aarch64-macos-essentials-81.tar.gz into /Users/runner/.konan/dependencies
Downloading dependency https://download.jetbrains.com/kotlin/native/libffi-3.3-1-macos-arm64.tar.gz to /Users/runner/.konan/dependencies/cache/libffi-3.3-1-macos-arm64.tar.gz
Done.
Extracting dependency: /Users/runner/.konan/dependencies/cache/libffi-3.3-1-macos-arm64.tar.gz into /Users/runner/.konan/dependencies

MkDir /Users/runner/work/xiaodi/xiaodi/build/Build/Intermediates.noindex/DeepSeekHarnessMobile.build/Release-iphoneos/DeepSeekHarnessMobile.build/assetcatalog_output/thinned (in target 'DeepSeekHarnessMobile' from project 'DeepSeekHarnessMobile')
    cd /Users/runner/work/xiaodi/xiaodi
    /bin/mkdir -p /Users/runner/work/xiaodi/xiaodi/build/Build/Intermediates.noindex/DeepSeekHarnessMobile.build/Release-iphoneos/DeepSeekHarnessMobile.build/assetcatalog_output/thinned

MkDir /Users/runner/work/xiaodi/xiaodi/build/Build/Intermediates.noindex/DeepSeekHarnessMobile.build/Release-iphoneos/DeepSeekHarnessMobile.build/assetcatalog_output/unthinned (in target 'DeepSeekHarnessMobile' from project 'DeepSeekHarnessMobile')
    cd /Users/runner/work/xiaodi/xiaodi
    /bin/mkdir -p /Users/runner/work/xiaodi/xiaodi/build/Build/Intermediates.noindex/DeepSeekHarnessMobile.build/Release-iphoneos/DeepSeekHarnessMobile.build/assetcatalog_output/unthinned

GenerateAssetSymbols /Users/runner/work/xiaodi/xiaodi/DeepSeekHarnessMobile/Resources/Assets.xcassets (in target 'DeepSeekHarnessMobile' from project 'DeepSeekHarnessMobile')
    cd /Users/runner/work/xiaodi/xiaodi
    /Applications/Xcode_26.3.app/Contents/Developer/usr/bin/actool /Users/runner/work/xiaodi/xiaodi/DeepSeekHarnessMobile/Resources/Assets.xcassets --compile /Users/runner/work/xiaodi/xiaodi/build/Build/Products/Release-iphoneos/XiaoDi.app --output-format human-readable-text --notices --warnings --export-dependency-info /Users/runner/work/xiaodi/xiaodi/build/Build/Intermediates.noindex/DeepSeekHarnessMobile.build/Release-iphoneos/DeepSeekHarnessMobile.build/assetcatalog_dependencies --output-partial-info-plist /Users/runner/work/xiaodi/xiaodi/build/Build/Intermediates.noindex/DeepSeekHarnessMobile.build/Release-iphoneos/DeepSeekHarnessMobile.build/assetcatalog_generated_info.plist --app-icon AppIcon --accent-color AccentColor --compress-pngs --enable-on-demand-resources YES --development-region en --target-device iphone --minimum-deployment-target 17.0 --platform iphoneos --bundle-identifier com.clark.dshmobile --generate-swift-asset-symbol-extensions NO --generate-swift-asset-symbols /Users/runner/work/xiaodi/xiaodi/build/Build/Intermediates.noindex/DeepSeekHarnessMobile.build/Release-iphoneos/DeepSeekHarnessMobile.build/DerivedSources/GeneratedAssetSymbols.swift --generate-objc-asset-symbols /Users/runner/work/xiaodi/xiaodi/build/Build/Intermediates.noindex/DeepSeekHarnessMobile.build/Release-iphoneos/DeepSeekHarnessMobile.build/DerivedSources/GeneratedAssetSymbols.h --generate-asset-symbol-index /Users/runner/work/xiaodi/xiaodi/build/Build/Intermediates.noindex/DeepSeekHarnessMobile.build/Release-iphoneos/DeepSeekHarnessMobile.build/DerivedSources/GeneratedAssetSymbols-Index.plist
/* com.apple.actool.compilation-results */
/Users/runner/work/xiaodi/xiaodi/build/Build/Intermediates.noindex/DeepSeekHarnessMobile.build/Release-iphoneos/DeepSeekHarnessMobile.build/DerivedSources/GeneratedAssetSymbols-Index.plist
/Users/runner/work/xiaodi/xiaodi/build/Build/Intermediates.noindex/DeepSeekHarnessMobile.build/Release-iphoneos/DeepSeekHarnessMobile.build/DerivedSources/GeneratedAssetSymbols.h
/Users/runner/work/xiaodi/xiaodi/build/Build/Intermediates.noindex/DeepSeekHarnessMobile.build/Release-iphoneos/DeepSeekHarnessMobile.build/DerivedSources/GeneratedAssetSymbols.swift


CompileXCStrings /Users/runner/work/xiaodi/xiaodi/build/Build/Intermediates.noindex/DeepSeekHarnessMobile.build/Release-iphoneos/DeepSeekHarnessMobile.build/ /Users/runner/work/xiaodi/xiaodi/DeepSeekHarnessMobile/Resources/Localizable.xcstrings (in target 'DeepSeekHarnessMobile' from project 'DeepSeekHarnessMobile')
    cd /Users/runner/work/xiaodi/xiaodi
    /Applications/Xcode_26.3.app/Contents/Developer/usr/bin/xcstringstool compile --output-directory /Users/runner/work/xiaodi/xiaodi/build/Build/Intermediates.noindex/DeepSeekHarnessMobile.build/Release-iphoneos/DeepSeekHarnessMobile.build /Users/runner/work/xiaodi/xiaodi/DeepSeekHarnessMobile/Resources/Localizable.xcstrings

CompileXCStrings /Users/runner/work/xiaodi/xiaodi/build/Build/Intermediates.noindex/DeepSeekHarnessMobile.build/Release-iphoneos/DeepSeekHarnessMobile.build/ /Users/runner/work/xiaodi/xiaodi/DeepSeekHarnessMobile/Resources/InfoPlist.xcstrings (in target 'DeepSeekHarnessMobile' from project 'DeepSeekHarnessMobile')
    cd /Users/runner/work/xiaodi/xiaodi
    /Applications/Xcode_26.3.app/Contents/Developer/usr/bin/xcstringstool compile --output-directory /Users/runner/work/xiaodi/xiaodi/build/Build/Intermediates.noindex/DeepSeekHarnessMobile.build/Release-iphoneos/DeepSeekHarnessMobile.build /Users/runner/work/xiaodi/xiaodi/DeepSeekHarnessMobile/Resources/InfoPlist.xcstrings

CompileStoryboard /Users/runner/work/xiaodi/xiaodi/DeepSeekHarnessMobile/Resources/LaunchScreen.storyboard (in target 'DeepSeekHarnessMobile' from project 'DeepSeekHarnessMobile')
    cd /Users/runner/work/xiaodi/xiaodi
    /Applications/Xcode_26.3.app/Contents/Developer/usr/bin/ibtool --errors --warnings --notices --module DeepSeekHarnessMobile --output-partial-info-plist /Users/runner/work/xiaodi/xiaodi/build/Build/Intermediates.noindex/DeepSeekHarnessMobile.build/Release-iphoneos/DeepSeekHarnessMobile.build/LaunchScreen-SBPartialInfo.plist --auto-activate-custom-fonts --target-device iphone --minimum-deployment-target 17.0 --output-format human-readable-text /Users/runner/work/xiaodi/xiaodi/DeepSeekHarnessMobile/Resources/LaunchScreen.storyboard --compilation-directory /Users/runner/work/xiaodi/xiaodi/build/Build/Intermediates.noindex/DeepSeekHarnessMobile.build/Release-iphoneos/DeepSeekHarnessMobile.build

CopyStringsFile /Users/runner/work/xiaodi/xiaodi/build/Build/Products/Release-iphoneos/XiaoDi.app/zh-Hans.lproj/InfoPlist.strings /Users/runner/work/xiaodi/xiaodi/build/Build/Intermediates.noindex/DeepSeekHarnessMobile.build/Release-iphoneos/DeepSeekHarnessMobile.build/zh-Hans.lproj/InfoPlist.strings (in target 'DeepSeekHarnessMobile' from project 'DeepSeekHarnessMobile')
    cd /Users/runner/work/xiaodi/xiaodi
    builtin-copyStrings --validate --outputencoding binary --outfilename InfoPlist.strings --outdir /Users/runner/work/xiaodi/xiaodi/build/Build/Products/Release-iphoneos/XiaoDi.app/zh-Hans.lproj -- /Users/runner/work/xiaodi/xiaodi/build/Build/Intermediates.noindex/DeepSeekHarnessMobile.build/Release-iphoneos/DeepSeekHarnessMobile.build/zh-Hans.lproj/InfoPlist.strings
/Users/runner/work/xiaodi/xiaodi/build/Build/Intermediates.noindex/DeepSeekHarnessMobile.build/Release-iphoneos/DeepSeekHarnessMobile.build/zh-Hans.lproj/InfoPlist.strings:1:1: note: detected encoding of input file as Unicode (UTF-8) (in target 'DeepSeekHarnessMobile' from project 'DeepSeekHarnessMobile')

CopyStringsFile /Users/runner/work/xiaodi/xiaodi/build/Build/Products/Release-iphoneos/XiaoDi.app/zh-Hans.lproj/Localizable.strings /Users/runner/work/xiaodi/xiaodi/build/Build/Intermediates.noindex/DeepSeekHarnessMobile.build/Release-iphoneos/DeepSeekHarnessMobile.build/zh-Hans.lproj/Localizable.strings (in target 'DeepSeekHarnessMobile' from project 'DeepSeekHarnessMobile')
    cd /Users/runner/work/xiaodi/xiaodi
    builtin-copyStrings --validate --outputencoding binary --outfilename Localizable.strings --outdir /Users/runner/work/xiaodi/xiaodi/build/Build/Products/Release-iphoneos/XiaoDi.app/zh-Hans.lproj -- /Users/runner/work/xiaodi/xiaodi/build/Build/Intermediates.noindex/DeepSeekHarnessMobile.build/Release-iphoneos/DeepSeekHarnessMobile.build/zh-Hans.lproj/Localizable.strings
/Users/runner/work/xiaodi/xiaodi/build/Build/Intermediates.noindex/DeepSeekHarnessMobile.build/Release-iphoneos/DeepSeekHarnessMobile.build/zh-Hans.lproj/Localizable.strings:1:1: note: detected encoding of input file as Unicode (UTF-8) (in target 'DeepSeekHarnessMobile' from project 'DeepSeekHarnessMobile')

CopyStringsFile /Users/runner/work/xiaodi/xiaodi/build/Build/Products/Release-iphoneos/XiaoDi.app/en.lproj/Localizable.strings /Users/runner/work/xiaodi/xiaodi/build/Build/Intermediates.noindex/DeepSeekHarnessMobile.build/Release-iphoneos/DeepSeekHarnessMobile.build/en.lproj/Localizable.strings (in target 'DeepSeekHarnessMobile' from project 'DeepSeekHarnessMobile')
    cd /Users/runner/work/xiaodi/xiaodi
    builtin-copyStrings --validate --outputencoding binary --outfilename Localizable.strings --outdir /Users/runner/work/xiaodi/xiaodi/build/Build/Products/Release-iphoneos/XiaoDi.app/en.lproj -- /Users/runner/work/xiaodi/xiaodi/build/Build/Intermediates.noindex/DeepSeekHarnessMobile.build/Release-iphoneos/DeepSeekHarnessMobile.build/en.lproj/Localizable.strings
/Users/runner/work/xiaodi/xiaodi/build/Build/Intermediates.noindex/DeepSeekHarnessMobile.build/Release-iphoneos/DeepSeekHarnessMobile.build/en.lproj/Localizable.strings:1:1: note: detected encoding of input file as Unicode (UTF-8) (in target 'DeepSeekHarnessMobile' from project 'DeepSeekHarnessMobile')

CopyStringsFile /Users/runner/work/xiaodi/xiaodi/build/Build/Products/Release-iphoneos/XiaoDi.app/en.lproj/InfoPlist.strings /Users/runner/work/xiaodi/xiaodi/build/Build/Intermediates.noindex/DeepSeekHarnessMobile.build/Release-iphoneos/DeepSeekHarnessMobile.build/en.lproj/InfoPlist.strings (in target 'DeepSeekHarnessMobile' from project 'DeepSeekHarnessMobile')
    cd /Users/runner/work/xiaodi/xiaodi
    builtin-copyStrings --validate --outputencoding binary --outfilename InfoPlist.strings --outdir /Users/runner/work/xiaodi/xiaodi/build/Build/Products/Release-iphoneos/XiaoDi.app/en.lproj -- /Users/runner/work/xiaodi/xiaodi/build/Build/Intermediates.noindex/DeepSeekHarnessMobile.build/Release-iphoneos/DeepSeekHarnessMobile.build/en.lproj/InfoPlist.strings
/Users/runner/work/xiaodi/xiaodi/build/Build/Intermediates.noindex/DeepSeekHarnessMobile.build/Release-iphoneos/DeepSeekHarnessMobile.build/en.lproj/InfoPlist.strings:1:1: note: detected encoding of input file as Unicode (UTF-8) (in target 'DeepSeekHarnessMobile' from project 'DeepSeekHarnessMobile')

CompileMetalFile /Users/runner/work/xiaodi/xiaodi/DeepSeekHarnessMobile/Shaders/HarnessBackground.metal (in target 'DeepSeekHarnessMobile' from project 'DeepSeekHarnessMobile')
    cd /Users/runner/work/xiaodi/xiaodi
    /var/run/com.apple.security.cryptexd/mnt/com.apple.MobileAsset.MetalToolchain-v17.3.7003.10.uBWVVm/Metal.xctoolchain/usr/bin/metal -c -target air64-apple-ios17.0 -I/Users/runner/work/xiaodi/xiaodi/build/Build/Products/Release-iphoneos/include -F/Users/runner/work/xiaodi/xiaodi/build/Build/Products/Release-iphoneos -isysroot /Applications/Xcode_26.3.app/Contents/Developer/Platforms/iPhoneOS.platform/Developer/SDKs/iPhoneOS26.2.sdk -fmetal-math-mode\=fast -fmetal-math-fp32-functions\=fast -serialize-diagnostics /Users/runner/work/xiaodi/xiaodi/build/Build/Intermediates.noindex/DeepSeekHarnessMobile.build/Release-iphoneos/DeepSeekHarnessMobile.build/Metal/HarnessBackground.dia -o /Users/runner/work/xiaodi/xiaodi/build/Build/Intermediates.noindex/DeepSeekHarnessMobile.build/Release-iphoneos/DeepSeekHarnessMobile.build/Metal/HarnessBackground.air -MMD -MT dependencies -MF /Users/runner/work/xiaodi/xiaodi/build/Build/Intermediates.noindex/DeepSeekHarnessMobile.build/Release-iphoneos/DeepSeekHarnessMobile.build/Metal/HarnessBackground.dat /Users/runner/work/xiaodi/xiaodi/DeepSeekHarnessMobile/Shaders/HarnessBackground.metal

MetalLink /Users/runner/work/xiaodi/xiaodi/build/Build/Products/Release-iphoneos/XiaoDi.app/default.metallib (in target 'DeepSeekHarnessMobile' from project 'DeepSeekHarnessMobile')
    cd /Users/runner/work/xiaodi/xiaodi
    /var/run/com.apple.security.cryptexd/mnt/com.apple.MobileAsset.MetalToolchain-v17.3.7003.10.uBWVVm/Metal.xctoolchain/usr/bin/metal -target air64-apple-ios17.0 -o /Users/runner/work/xiaodi/xiaodi/build/Build/Products/Release-iphoneos/XiaoDi.app/default.metallib /Users/runner/work/xiaodi/xiaodi/build/Build/Intermediates.noindex/DeepSeekHarnessMobile.build/Release-iphoneos/DeepSeekHarnessMobile.build/Metal/HarnessBackground.air

CompileAssetCatalogVariant thinned /Users/runner/work/xiaodi/xiaodi/build/Build/Products/Release-iphoneos/XiaoDi.app /Users/runner/work/xiaodi/xiaodi/DeepSeekHarnessMobile/Resources/Assets.xcassets (in target 'DeepSeekHarnessMobile' from project 'DeepSeekHarnessMobile')
    cd /Users/runner/work/xiaodi/xiaodi
    /Applications/Xcode_26.3.app/Contents/Developer/usr/bin/actool /Users/runner/work/xiaodi/xiaodi/DeepSeekHarnessMobile/Resources/Assets.xcassets --compile /Users/runner/work/xiaodi/xiaodi/build/Build/Intermediates.noindex/DeepSeekHarnessMobile.build/Release-iphoneos/DeepSeekHarnessMobile.build/assetcatalog_output/thinned --output-format human-readable-text --notices --warnings --export-dependency-info /Users/runner/work/xiaodi/xiaodi/build/Build/Intermediates.noindex/DeepSeekHarnessMobile.build/Release-iphoneos/DeepSeekHarnessMobile.build/assetcatalog_dependencies_thinned --output-partial-info-plist /Users/runner/work/xiaodi/xiaodi/build/Build/Intermediates.noindex/DeepSeekHarnessMobile.build/Release-iphoneos/DeepSeekHarnessMobile.build/assetcatalog_generated_info.plist_thinned --app-icon AppIcon --accent-color AccentColor --compress-pngs --enable-on-demand-resources YES --development-region en --target-device iphone --minimum-deployment-target 17.0 --platform iphoneos

SwiftDriver\ Compilation\ Requirements DeepSeekHarnessMobile normal arm64 com.apple.xcode.tools.swift.compiler (in target 'DeepSeekHarnessMobile' from project 'DeepSeekHarnessMobile')
    cd /Users/runner/work/xiaodi/xiaodi
    builtin-Swift-Compilation-Requirements -- /Applications/Xcode_26.3.app/Contents/Developer/Toolchains/XcodeDefault.xctoolchain/usr/bin/swiftc -module-name DeepSeekHarnessMobile -O -whole-module-optimization -enforce-exclusivity\=checked @/Users/runner/work/xiaodi/xiaodi/build/Build/Intermediates.noindex/DeepSeekHarnessMobile.build/Release-iphoneos/DeepSeekHarnessMobile.build/Objects-normal/arm64/XiaoDi.SwiftFileList -enable-bare-slash-regex -enable-experimental-feature DebugDescriptionMacro -sdk /Applications/Xcode_26.3.app/Contents/Developer/Platforms/iPhoneOS.platform/Developer/SDKs/iPhoneOS26.2.sdk -target arm64-apple-ios17.0 -g -module-cache-path /Users/runner/work/xiaodi/xiaodi/build/ModuleCache.noindex -Xfrontend -serialize-debugging-options -swift-version 5 -I /Users/runner/work/xiaodi/xiaodi/build/Build/Products/Release-iphoneos -F /Users/runner/work/xiaodi/xiaodi/build/Build/Products/Release-iphoneos/PackageFrameworks -F /Users/runner/work/xiaodi/xiaodi/build/Build/Products/Release-iphoneos/PackageFrameworks -F /Users/runner/work/xiaodi/xiaodi/build/Build/Products/Release-iphoneos/PackageFrameworks -F /Users/runner/work/xiaodi/xiaodi/build/Build/Products/Release-iphoneos/PackageFrameworks -F /Users/runner/work/xiaodi/xiaodi/build/Build/Products/Release-iphoneos/PackageFrameworks -F /Users/runner/work/xiaodi/xiaodi/build/Build/Products/Release-iphoneos -F /Users/runner/work/xiaodi/xiaodi/shared/build/bin/iosArm64/releaseFramework -c -num-threads 3 -Xcc -ivfsstatcache -Xcc /Users/runner/work/xiaodi/xiaodi/build/SDKStatCaches.noindex/iphoneos26.2-23C57-dc75598d0054f22ec865fa860f139d722dd23b4ebda140f7210d155ff1243552.sdkstatcache -output-file-map /Users/runner/work/xiaodi/xiaodi/build/Build/Intermediates.noindex/DeepSeekHarnessMobile.build/Release-iphoneos/DeepSeekHarnessMobile.build/Objects-normal/arm64/DeepSeekHarnessMobile-OutputFileMap.json -use-frontend-parseable-output -save-temps -no-color-diagnostics -explicit-module-build -module-cache-path /Users/runner/work/xiaodi/xiaodi/build/Build/Intermediates.noindex/SwiftExplicitPrecompiledModules -clang-scanner-module-cache-path /Users/runner/work/xiaodi/xiaodi/build/ModuleCache.noindex -sdk-module-cache-path /Users/runner/work/xiaodi/xiaodi/build/ModuleCache.noindex -serialize-diagnostics -emit-dependencies -emit-module -emit-module-path /Users/runner/work/xiaodi/xiaodi/build/Build/Intermediates.noindex/DeepSeekHarnessMobile.build/Release-iphoneos/DeepSeekHarnessMobile.build/Objects-normal/arm64/DeepSeekHarnessMobile.swiftmodule -validate-clang-modules-once -clang-build-session-file /Users/runner/work/xiaodi/xiaodi/build/ModuleCache.noindex/Session.modulevalidation -Xcc -I/Users/runner/work/xiaodi/xiaodi/build/Build/Intermediates.noindex/DeepSeekHarnessMobile.build/Release-iphoneos/DeepSeekHarnessMobile.build/swift-overrides.hmap -emit-const-values -Xfrontend -const-gather-protocols-file -Xfrontend /Users/runner/work/xiaodi/xiaodi/build/Build/Intermediates.noindex/DeepSeekHarnessMobile.build/Release-iphoneos/DeepSeekHarnessMobile.build/Objects-normal/arm64/DeepSeekHarnessMobile_const_extract_protocols.json -Xcc -iquote -Xcc /Users/runner/work/xiaodi/xiaodi/build/Build/Intermediates.noindex/DeepSeekHarnessMobile.build/Release-iphoneos/DeepSeekHarnessMobile.build/XiaoDi-generated-files.hmap -Xcc -I/Users/runner/work/xiaodi/xiaodi/build/Build/Intermediates.noindex/DeepSeekHarnessMobile.build/Release-iphoneos/DeepSeekHarnessMobile.build/XiaoDi-own-target-headers.hmap -Xcc -I/Users/runner/work/xiaodi/xiaodi/build/Build/Intermediates.noindex/DeepSeekHarnessMobile.build/Release-iphoneos/DeepSeekHarnessMobile.build/XiaoDi-all-non-framework-target-headers.hmap -Xcc -ivfsoverlay -Xcc /Users/runner/work/xiaodi/xiaodi/build/Build/Intermediates.noindex/DeepSeekHarnessMobile.build/Release-iphoneos/DeepSeekHarnessMobile-067605110eec52b4b1237b5dcc4ee7ce-VFS-iphoneos/all-product-headers.yaml -Xcc -iquote -Xcc /Users/runner/work/xiaodi/xiaodi/build/Build/Intermediates.noindex/DeepSeekHarnessMobile.build/Release-iphoneos/DeepSeekHarnessMobile.build/XiaoDi-project-headers.hmap -Xcc -I/Users/runner/work/xiaodi/xiaodi/build/SourcePackages/checkouts/swift-cmark/src/include -Xcc -I/Users/runner/work/xiaodi/xiaodi/build/SourcePackages/checkouts/swift-cmark/extensions/include -Xcc -I/Users/runner/work/xiaodi/xiaodi/build/Build/Products/Release-iphoneos/include -Xcc -I/Users/runner/work/xiaodi/xiaodi/build/Build/Intermediates.noindex/DeepSeekHarnessMobile.build/Release-iphoneos/DeepSeekHarnessMobile.build/DerivedSources-normal/arm64 -Xcc -I/Users/runner/work/xiaodi/xiaodi/build/Build/Intermediates.noindex/DeepSeekHarnessMobile.build/Release-iphoneos/DeepSeekHarnessMobile.build/DerivedSources/arm64 -Xcc -I/Users/runner/work/xiaodi/xiaodi/build/Build/Intermediates.noindex/DeepSeekHarnessMobile.build/Release-iphoneos/DeepSeekHarnessMobile.build/DerivedSources -emit-objc-header -emit-objc-header-path /Users/runner/work/xiaodi/xiaodi/build/Build/Intermediates.noindex/DeepSeekHarnessMobile.build/Release-iphoneos/DeepSeekHarnessMobile.build/Objects-normal/arm64/DeepSeekHarnessMobile-Swift.h -working-directory /Users/runner/work/xiaodi/xiaodi -no-emit-module-separately-wmo
error: Build input files cannot be found: '/Users/runner/work/xiaodi/xiaodi/DirectConnection.swift', '/Users/runner/work/xiaodi/xiaodi/DirectChatView.swift'. Did you forget to declare these files as outputs of any script phases or custom build rules which produce them? (in target 'DeepSeekHarnessMobile' from project 'DeepSeekHarnessMobile')

SwiftDriver\ Compilation DeepSeekHarnessMobile normal arm64 com.apple.xcode.tools.swift.compiler (in target 'DeepSeekHarnessMobile' from project 'DeepSeekHarnessMobile')
    cd /Users/runner/work/xiaodi/xiaodi
    builtin-Swift-Compilation -- /Applications/Xcode_26.3.app/Contents/Developer/Toolchains/XcodeDefault.xctoolchain/usr/bin/swiftc -module-name DeepSeekHarnessMobile -O -whole-module-optimization -enforce-exclusivity\=checked @/Users/runner/work/xiaodi/xiaodi/build/Build/Intermediates.noindex/DeepSeekHarnessMobile.build/Release-iphoneos/DeepSeekHarnessMobile.build/Objects-normal/arm64/XiaoDi.SwiftFileList -enable-bare-slash-regex -enable-experimental-feature DebugDescriptionMacro -sdk /Applications/Xcode_26.3.app/Contents/Developer/Platforms/iPhoneOS.platform/Developer/SDKs/iPhoneOS26.2.sdk -target arm64-apple-ios17.0 -g -module-cache-path /Users/runner/work/xiaodi/xiaodi/build/ModuleCache.noindex -Xfrontend -serialize-debugging-options -swift-version 5 -I /Users/runner/work/xiaodi/xiaodi/build/Build/Products/Release-iphoneos -F /Users/runner/work/xiaodi/xiaodi/build/Build/Products/Release-iphoneos/PackageFrameworks -F /Users/runner/work/xiaodi/xiaodi/build/Build/Products/Release-iphoneos/PackageFrameworks -F /Users/runner/work/xiaodi/xiaodi/build/Build/Products/Release-iphoneos/PackageFrameworks -F /Users/runner/work/xiaodi/xiaodi/build/Build/Products/Release-iphoneos/PackageFrameworks -F /Users/runner/work/xiaodi/xiaodi/build/Build/Products/Release-iphoneos/PackageFrameworks -F /Users/runner/work/xiaodi/xiaodi/build/Build/Products/Release-iphoneos -F /Users/runner/work/xiaodi/xiaodi/shared/build/bin/iosArm64/releaseFramework -c -num-threads 3 -Xcc -ivfsstatcache -Xcc /Users/runner/work/xiaodi/xiaodi/build/SDKStatCaches.noindex/iphoneos26.2-23C57-dc75598d0054f22ec865fa860f139d722dd23b4ebda140f7210d155ff1243552.sdkstatcache -output-file-map /Users/runner/work/xiaodi/xiaodi/build/Build/Intermediates.noindex/DeepSeekHarnessMobile.build/Release-iphoneos/DeepSeekHarnessMobile.build/Objects-normal/arm64/DeepSeekHarnessMobile-OutputFileMap.json -use-frontend-parseable-output -save-temps -no-color-diagnostics -explicit-module-build -module-cache-path /Users/runner/work/xiaodi/xiaodi/build/Build/Intermediates.noindex/SwiftExplicitPrecompiledModules -clang-scanner-module-cache-path /Users/runner/work/xiaodi/xiaodi/build/ModuleCache.noindex -sdk-module-cache-path /Users/runner/work/xiaodi/xiaodi/build/ModuleCache.noindex -serialize-diagnostics -emit-dependencies -emit-module -emit-module-path /Users/runner/work/xiaodi/xiaodi/build/Build/Intermediates.noindex/DeepSeekHarnessMobile.build/Release-iphoneos/DeepSeekHarnessMobile.build/Objects-normal/arm64/DeepSeekHarnessMobile.swiftmodule -validate-clang-modules-once -clang-build-session-file /Users/runner/work/xiaodi/xiaodi/build/ModuleCache.noindex/Session.modulevalidation -Xcc -I/Users/runner/work/xiaodi/xiaodi/build/Build/Intermediates.noindex/DeepSeekHarnessMobile.build/Release-iphoneos/DeepSeekHarnessMobile.build/swift-overrides.hmap -emit-const-values -Xfrontend -const-gather-protocols-file -Xfrontend /Users/runner/work/xiaodi/xiaodi/build/Build/Intermediates.noindex/DeepSeekHarnessMobile.build/Release-iphoneos/DeepSeekHarnessMobile.build/Objects-normal/arm64/DeepSeekHarnessMobile_const_extract_protocols.json -Xcc -iquote -Xcc /Users/runner/work/xiaodi/xiaodi/build/Build/Intermediates.noindex/DeepSeekHarnessMobile.build/Release-iphoneos/DeepSeekHarnessMobile.build/XiaoDi-generated-files.hmap -Xcc -I/Users/runner/work/xiaodi/xiaodi/build/Build/Intermediates.noindex/DeepSeekHarnessMobile.build/Release-iphoneos/DeepSeekHarnessMobile.build/XiaoDi-own-target-headers.hmap -Xcc -I/Users/runner/work/xiaodi/xiaodi/build/Build/Intermediates.noindex/DeepSeekHarnessMobile.build/Release-iphoneos/DeepSeekHarnessMobile.build/XiaoDi-all-non-framework-target-headers.hmap -Xcc -ivfsoverlay -Xcc /Users/runner/work/xiaodi/xiaodi/build/Build/Intermediates.noindex/DeepSeekHarnessMobile.build/Release-iphoneos/DeepSeekHarnessMobile-067605110eec52b4b1237b5dcc4ee7ce-VFS-iphoneos/all-product-headers.yaml -Xcc -iquote -Xcc /Users/runner/work/xiaodi/xiaodi/build/Build/Intermediates.noindex/DeepSeekHarnessMobile.build/Release-iphoneos/DeepSeekHarnessMobile.build/XiaoDi-project-headers.hmap -Xcc -I/Users/runner/work/xiaodi/xiaodi/build/SourcePackages/checkouts/swift-cmark/src/include -Xcc -I/Users/runner/work/xiaodi/xiaodi/build/SourcePackages/checkouts/swift-cmark/extensions/include -Xcc -I/Users/runner/work/xiaodi/xiaodi/build/Build/Products/Release-iphoneos/include -Xcc -I/Users/runner/work/xiaodi/xiaodi/build/Build/Intermediates.noindex/DeepSeekHarnessMobile.build/Release-iphoneos/DeepSeekHarnessMobile.build/DerivedSources-normal/arm64 -Xcc -I/Users/runner/work/xiaodi/xiaodi/build/Build/Intermediates.noindex/DeepSeekHarnessMobile.build/Release-iphoneos/DeepSeekHarnessMobile.build/DerivedSources/arm64 -Xcc -I/Users/runner/work/xiaodi/xiaodi/build/Build/Intermediates.noindex/DeepSeekHarnessMobile.build/Release-iphoneos/DeepSeekHarnessMobile.build/DerivedSources -emit-objc-header -emit-objc-header-path /Users/runner/work/xiaodi/xiaodi/build/Build/Intermediates.noindex/DeepSeekHarnessMobile.build/Release-iphoneos/DeepSeekHarnessMobile.build/Objects-normal/arm64/DeepSeekHarnessMobile-Swift.h -working-directory /Users/runner/work/xiaodi/xiaodi -no-emit-module-separately-wmo
error: Build input files cannot be found: '/Users/runner/work/xiaodi/xiaodi/DirectConnection.swift', '/Users/runner/work/xiaodi/xiaodi/DirectChatView.swift'. Did you forget to declare these files as outputs of any script phases or custom build rules which produce them? (in target 'DeepSeekHarnessMobile' from project 'DeepSeekHarnessMobile')

note: Run script build phase 'Build KMP Framework' will be run during every build because the option to run the script phase "Based on dependency analysis" is unchecked. (in target 'DeepSeekHarnessMobile' from project 'DeepSeekHarnessMobile')
** BUILD FAILED **


The following build commands failed:
	SwiftDriver\ Compilation\ Requirements DeepSeekHarnessMobile normal arm64 com.apple.xcode.tools.swift.compiler (in target 'DeepSeekHarnessMobile' from project 'DeepSeekHarnessMobile')
	SwiftDriver\ Compilation DeepSeekHarnessMobile normal arm64 com.apple.xcode.tools.swift.compiler (in target 'DeepSeekHarnessMobile' from project 'DeepSeekHarnessMobile')
	Building project DeepSeekHarnessMobile with scheme DeepSeekHarnessMobile and configuration Release
(3 failures)
